Date,kW,PeakLoad(MW),isHoliday,week,week_update,dayOfYear,Temp_Taipei,isHoliday_shift7,weekUpdate_shift7,Temp_Taipei_shift7
2016/1/1,263.799,23038,1,5,7,1,14.6,0,5,12
2016/1/2,261.975,23209,1,6,6,2,15.7,1,6,12.1
2016/1/3,266.167,23686,1,7,7,3,16,1,7,16.2
2016/1/4,302.227,27518,0,1,1,4,17.7,0,1,13.5
2016/1/5,313.328,27635,0,2,2,5,17.8,0,2,11.4
2016/1/6,311.174,27278,0,3,3,6,14.4,0,3,9.5
2016/1/7,307.244,27210,0,4,4,7,12.6,0,4,9.8
2016/1/8,304.049,26400,0,5,5,8,12,0,5,11.7
2016/1/9,282.141,24308,1,6,6,9,12.1,1,6,14.2
2016/1/10,267.17,23490,1,7,7,10,16.2,1,7,13.6
2016/1/11,302.529,27207,0,1,1,11,13.5,0,1,9.5
2016/1/12,304.97,26747,0,2,2,12,11.4,0,2,8.9
2016/1/13,307.894,26951,0,3,3,13,9.5,0,3,10.8
2016/1/14,307.045,26898,0,4,4,14,9.8,0,4,12.8
2016/1/15,307.694,26797,0,5,5,15,11.7,0,5,11.3
2016/1/16,275.077,23911,1,6,6,16,14.2,1,6,5.7
2016/1/17,271.721,23956,1,7,7,17,13.6,1,7,-0.4
2016/1/18,295.183,26443,0,1,1,18,9.5,0,1,1.9
2016/1/19,305.449,26937,0,2,2,19,8.9,0,2,10.2
2016/1/20,307.466,27038,0,3,3,20,10.8,0,3,14.8
2016/1/21,309.751,27091,0,4,4,21,12.8,0,4,15.6
2016/1/22,307.307,26563,0,5,5,22,11.3,0,5,14.4
2016/1/23,290.329,24997,1,6,6,23,5.7,0,5,11.9
2016/1/24,280.777,25062,1,7,7,24,-0.4,1,7,13
2016/1/25,305.607,27089,0,1,1,25,1.9,0,1,9.5
2016/1/26,308.178,26595,0,2,2,26,10.2,0,2,7.8
2016/1/27,310.592,26946,0,3,3,27,14.8,0,3,10.1
2016/1/28,311.606,27249,0,4,4,28,15.6,0,4,13.3
2016/1/29,311.922,26931,0,5,5,29,14.4,0,5,10.3
2016/1/30,301.401,25706,0,6,5,30,11.9,1,6,5.9
2016/1/31,271.86,23620,1,7,7,31,13,1,7,6.1
2016/2/1,294.448,26578,0,1,1,32,9.5,1,7,9.3
2016/2/2,302.971,26843,0,2,2,33,7.8,1,7,13.5
2016/2/3,300.85,26603,0,3,3,34,10.1,1,7,16.1
2016/2/4,295.411,25990,0,4,4,35,13.3,1,7,17.4
2016/2/5,276.526,23766,0,5,5,36,10.3,1,7,18.9
2016/2/6,247.058,21847,1,6,6,37,5.9,1,6,20.3
2016/2/7,222.883,19544,1,7,7,38,6.1,1,7,12.9
2016/2/8,213.54,19297,1,1,7,39,9.3,0,1,5.5
2016/2/9,212.242,19097,1,2,7,40,13.5,0,2,7.4
2016/2/10,215.612,19431,1,3,7,41,16.1,0,3,9
2016/2/11,225.185,20515,1,4,7,42,17.4,0,4,12.7
2016/2/12,240.902,22169,1,5,7,43,18.9,0,5,13.3
2016/2/13,245.255,22303,1,6,6,44,20.3,1,6,9
2016/2/14,248.261,22334,1,7,7,45,12.9,1,7,10.2
2016/2/15,280.218,25509,0,1,1,46,5.5,0,1,14.4
2016/2/16,297.046,26477,0,2,2,47,7.4,0,2,10.3
2016/2/17,299.98,26608,0,3,3,48,9,0,3,8.8
2016/2/18,301.153,26740,0,4,4,49,12.7,0,4,9.2
2016/2/19,301.254,26526,0,5,5,50,13.3,0,5,10.5
2016/2/20,283.875,24647,1,6,6,51,9,1,6,12.1
2016/2/21,267.842,23892,1,7,7,52,10.2,1,7,14.5
2016/2/22,294.557,26406,0,1,1,53,14.4,1,7,10.5
2016/2/23,302.147,26790,0,2,2,54,10.3,0,1,9.7
2016/2/24,305.394,26917,0,3,3,55,8.8,0,3,13.2
2016/2/25,305.884,26971,0,4,4,56,9.2,0,4,14.7
2016/2/26,304.191,26706,0,5,5,57,10.5,0,5,17
2016/2/27,281.829,24411,1,6,6,58,12.1,1,6,18.8
2016/2/28,260.066,22926,1,7,7,59,14.5,1,7,18.3
2016/2/29,264.255,23504,1,1,7,60,10.5,0,1,18.5
2016/3/1,298.613,26354,0,2,1,61,9.7,0,2,19
2016/3/2,304.836,26497,0,3,3,62,13.2,0,3,13.2
2016/3/3,306.628,26646,0,4,4,63,14.7,0,4,8.1
2016/3/4,307.474,26427,0,5,5,64,17,0,5,7.7
2016/3/5,288.564,24470,1,6,6,65,18.8,1,6,11.6
2016/3/6,271.407,23542,1,7,7,66,18.3,1,7,14.5
2016/3/7,307.043,27304,0,1,1,67,18.5,0,1,9
2016/3/8,319.805,27654,0,2,2,68,19,0,2,10.3
2016/3/9,317.294,26907,0,3,3,69,13.2,0,3,13.2
2016/3/10,314.376,26784,0,4,4,70,8.1,0,4,16.7
2016/3/11,311.391,26528,0,5,5,71,7.7,0,5,18.4
2016/3/12,292.173,24511,1,6,6,72,11.6,1,6,17.3
2016/3/13,277.227,24224,1,7,7,73,14.5,1,7,14.8
2016/3/14,304.216,26676,0,1,1,74,9,0,1,14
2016/3/15,315.782,27319,0,2,2,75,10.3,0,2,16.6
2016/3/16,315.692,27042,0,3,3,76,13.2,0,3,14
2016/3/17,316.612,27370,0,4,4,77,16.7,0,4,7.7
2016/3/18,322.942,27816,0,5,5,78,18.4,0,5,7.1
2016/3/19,304.993,25529,1,6,6,79,17.3,1,6,8.6
2016/3/20,281.437,24119,1,7,7,80,14.8,1,7,8.9
2016/3/21,309.544,27353,0,1,1,81,14,0,1,11.1
2016/3/22,317.491,27449,0,2,2,82,16.6,0,2,14.8
2016/3/23,319.971,27273,0,3,3,83,14,0,3,16.6
2016/3/24,315.022,27102,0,4,4,84,7.7,0,4,16.9
2016/3/25,313.947,26600,0,5,5,85,7.1,0,5,17.9
2016/3/26,286.315,24112,1,6,6,86,8.6,1,6,20.4
2016/3/27,270.214,23701,1,7,7,87,8.9,1,7,20.8
2016/3/28,296.779,26145,0,1,1,88,11.1,1,7,20.2
2016/3/29,306.254,26347,0,2,2,89,14.8,1,1,20.7
2016/3/30,310.441,26698,0,3,3,90,16.6,0,1,22
2016/3/31,314.404,26999,0,4,4,91,16.9,0,4,22.8
2016/4/1,312.646,26995,0,5,5,92,17.9,0,5,20.8
2016/4/2,294.438,24959,1,6,6,93,20.4,1,6,19.9
2016/4/3,278.92,24092,1,7,7,94,20.8,1,7,19.7
2016/4/4,272.195,23523,1,1,7,95,20.2,0,1,17
2016/4/5,281.428,24713,1,2,1,96,20.7,0,2,18.6
2016/4/6,323.066,28790,0,3,1,97,22,0,3,18.7
2016/4/7,341.29,29597,0,4,4,98,22.8,0,4,18.8
2016/4/8,338.093,28836,0,5,5,99,20.8,0,5,19
2016/4/9,310.529,25877,1,6,6,100,19.9,1,6,21.3
2016/4/10,291.419,24787,1,7,7,101,19.7,1,7,20.6
2016/4/11,317.229,27692,0,1,1,102,17,0,1,16.1
2016/4/12,325.801,28276,0,2,2,103,18.6,0,2,17.5
2016/4/13,330.042,28251,0,3,3,104,18.7,0,3,21.5
2016/4/14,330.043,28635,0,4,4,105,18.8,0,4,23.5
2016/4/15,327.056,28282,0,5,5,106,19,0,5,22.5
2016/4/16,310.897,26506,1,6,6,107,21.3,1,6,22.5
2016/4/17,293.836,25264,1,7,7,108,20.6,1,7,21.1
2016/4/18,317.782,27325,0,1,1,109,16.1,0,1,21.6
2016/4/19,321.359,27957,0,2,2,110,17.5,0,2,22.5
2016/4/20,333.098,28691,0,3,3,111,21.5,0,3,21.7
2016/4/21,347.572,30333,0,4,4,112,23.5,0,4,17.4
2016/4/22,350.015,29963,0,5,5,113,22.5,0,5,16.5
2016/4/23,324.412,27062,1,6,6,114,22.5,1,6,18.7
2016/4/24,301.984,25738,1,7,7,115,21.1,1,7,19.1
2016/4/25,338.771,29632,0,1,1,116,21.6,0,1,23.3
2016/4/26,351.746,30373,0,2,2,117,22.5,0,2,23.2
2016/4/27,350.954,30202,0,3,3,118,21.7,0,3,23.2
2016/4/28,340.334,28946,0,4,4,119,17.4,0,4,23
2016/4/29,325.163,27688,0,5,5,120,16.5,0,5,24.3
2016/4/30,301.027,25115,1,6,6,121,18.7,1,6,24.4
2016/5/1,266.064,24359,1,7,7,122,19.1,1,7,23.6
2016/5/2,286.766,26796,0,1,1,123,23.3,0,1,23.9
2016/5/3,323.355,30026,0,2,2,124,23.2,0,2,23
2016/5/4,331.122,30518,0,3,3,125,23.2,0,3,17.4
2016/5/5,338.723,31405,0,4,4,126,23,0,4,22.3
2016/5/6,344.832,31971,0,5,5,127,24.3,0,5,22.5
2016/5/7,326.42,28747,1,6,6,128,24.4,1,6,23.4
2016/5/8,304.913,27417,1,7,7,129,23.6,1,7,24
2016/5/9,344.06,32065,0,1,1,130,23.9,0,1,17
2016/5/10,347.755,31797,0,2,2,131,23,0,2,16
2016/5/11,325.03,29278,0,3,3,132,17.4,0,3,20.3
2016/5/12,332.188,30566,0,4,4,133,22.3,0,4,20
2016/5/13,339.851,31640,0,5,5,134,22.5,0,5,21
2016/5/14,320.346,28292,1,6,6,135,23.4,1,6,21.8
2016/5/15,303.024,27346,1,7,7,136,24,1,7,22.4
2016/5/16,318.917,29103,0,1,1,137,17,0,1,22.8
2016/5/17,311.704,28435,0,2,2,138,16,0,2,22.4
2016/5/18,319.977,29708,0,3,3,139,20.3,0,3,22.2
2016/5/19,326.806,30228,0,4,4,140,20,0,4,23.8
2016/5/20,330.552,30557,0,5,5,141,21,0,5,24.6
2016/5/21,306.874,27163,1,6,6,142,21.8,1,6,25.3
2016/5/22,288.727,26378,1,7,7,143,22.4,1,7,26
2016/5/23,328.608,30776,0,1,1,144,22.8,0,1,25.3
2016/5/24,338.421,31057,0,2,2,145,22.4,0,2,26
2016/5/25,340.922,31459,0,3,3,146,22.2,0,3,26.4
2016/5/26,348.879,32223,0,4,4,147,23.8,0,4,23.6
2016/5/27,357.192,33124,0,5,5,148,24.6,0,5,24.7
2016/5/28,338.069,29766,1,6,6,149,25.3,0,5,25.9
2016/5/29,324.304,29555,1,7,7,150,26,1,7,23.7
2016/5/30,365.125,34081,0,1,1,151,25.3,0,1,22.4
2016/5/31,375.438,34425,0,2,2,152,26,0,2,23.6
2016/6/1,355.215,34124,0,3,3,153,26.4,0,5,23.7
2016/6/2,347.41,32431,0,4,4,154,23.6,1,7,24.1
2016/6/3,351.215,33946,0,5,5,155,24.7,1,7,23.2
2016/6/4,349.332,34123,0,6,5,156,25.9,1,6,22.9
2016/6/5,308.796,28874,1,7,7,157,23.7,1,7,24.2
2016/6/6,328.018,31993,0,1,1,158,22.4,0,1,23.9
2016/6/7,336.767,32998,0,2,2,159,23.6,0,2,22.8
2016/6/8,335.642,33077,0,3,5,160,23.7,0,3,25.3
2016/6/9,301.871,27797,1,4,7,161,24.1,0,4,26.1
2016/6/10,288.771,27072,1,5,7,162,23.2,0,5,24.7
2016/6/11,279.589,26232,1,6,6,163,22.9,1,6,23.9
2016/6/12,275.22,26353,1,7,7,164,24.2,1,7,24.6
2016/6/13,310.887,30642,0,1,1,165,23.9,0,1,25.1
2016/6/14,320.107,31018,0,2,2,166,22.8,0,2,25.5
2016/6/15,332.867,33095,0,3,3,167,25.3,0,3,26.3
2016/6/16,345.413,33896,0,4,4,168,26.1,0,4,26.1
2016/6/17,346.337,34077,0,5,5,169,24.7,0,5,25.9
2016/6/18,322.227,30766,1,6,6,170,23.9,1,6,26
2016/6/19,305.467,29277,1,7,7,171,24.6,1,7,25.4
2016/6/20,341.255,34247,0,1,1,172,25.1,0,1,26.3
2016/6/21,348.471,34399,0,2,2,173,25.5,0,2,24.9
2016/6/22,356.334,35168,0,3,3,174,26.3,0,3,24.7
2016/6/23,359.437,35209,0,4,4,175,26.1,0,4,24.6
2016/6/24,354.694,35075,0,5,5,176,25.9,0,5,25.4
2016/6/25,331.967,31647,1,6,6,177,26,1,6,24.7
2016/6/26,315.82,29970,1,7,7,178,25.4,1,7,24.6
2016/6/27,351.729,35049,0,1,1,179,26.3,0,1,25
2016/6/28,356.032,35041,0,2,2,180,24.9,0,2,25.9
2016/6/29,354.8,34994,0,3,3,181,24.7,0,3,26.4
2016/6/30,349.669,34391,0,4,4,182,24.6,0,4,24.2
2016/7/1,347.142,34802,0,5,5,183,25.4,0,5,23.9
2016/7/2,320.651,31298,1,6,6,184,24.7,1,6,24.9
2016/7/3,301.726,28463,1,7,7,185,24.6,1,7,23.7
2016/7/4,339.579,34544,0,1,1,186,25,0,1,23.6
2016/7/5,352.362,35044,0,2,2,187,25.9,0,2,24.2
2016/7/6,356.913,35560,0,3,3,188,26.4,0,3,25.3
2016/7/7,346.939,34436,0,4,4,189,24.2,0,4,25.7
2016/7/8,279.182,27522,0,5,5,190,23.9,0,5,26.4
2016/7/9,296.858,28462,1,6,6,191,24.9,1,6,26.6
2016/7/10,287.639,27433,1,7,7,192,23.7,1,7,25.9
2016/7/11,321.534,32223,0,1,1,193,23.6,0,1,24.6
2016/7/12,332.387,33305,0,2,2,194,24.2,0,2,24.6
2016/7/13,339.985,33967,0,3,3,195,25.3,0,3,24.8
2016/7/14,348.613,34855,0,4,4,196,25.7,0,4,25.6
2016/7/15,350.818,35037,0,5,5,197,26.4,0,5,26.3
2016/7/16,331.79,31815,1,6,6,198,26.6,1,6,26.1
2016/7/17,314.573,29796,1,7,7,199,25.9,1,7,25.2
2016/7/18,338.699,34270,0,1,1,200,24.6,0,1,25.6
2016/7/19,341.696,34329,0,2,2,201,24.6,0,2,25.9
2016/7/20,345.118,34718,0,3,3,202,24.8,0,3,26.5
2016/7/21,351.554,35041,0,4,4,203,25.6,0,4,27
2016/7/22,352.575,35006,0,5,5,204,26.3,0,5,26.7
2016/7/23,328.181,31673,1,6,6,205,26.1,1,6,25.6
2016/7/24,312.392,29923,1,7,7,206,25.2,1,7,25.6
2016/7/25,348.04,34954,0,1,1,207,25.6,0,1,25.9
2016/7/26,356.899,35326,0,2,2,208,25.9,0,2,25.1
2016/7/27,360.096,35821,0,3,3,209,26.5,0,3,24.9
2016/7/28,364.545,36199,0,4,4,210,27,0,4,26.3
2016/7/29,359.428,35987,0,5,5,211,26.7,0,5,25.5
2016/7/30,330.595,32110,1,6,6,212,25.6,1,6,24.9
2016/7/31,314.899,30442,1,7,7,213,25.6,1,7,25
2016/8/1,350.046,34489,0,1,1,214,25.9,0,1,24.7
2016/8/2,354.416,34924,0,2,2,215,25.1,0,2,25.6
2016/8/3,354.633,35044,0,3,3,216,24.9,0,3,25.7
2016/8/4,359.671,35557,0,4,4,217,26.3,0,4,24.3
2016/8/5,359.712,35362,0,5,5,218,25.5,0,5,25.3
2016/8/6,333.141,31576,1,6,6,219,24.9,1,6,24.4
2016/8/7,312.828,29565,1,7,7,220,25,1,7,26.3
2016/8/8,350.599,35231,0,1,1,221,24.7,0,1,26.5
2016/8/9,359.236,35442,0,2,2,222,25.6,0,2,25.3
2016/8/10,359.371,35633,0,3,3,223,25.7,0,3,24.6
2016/8/11,348.172,33314,0,4,4,224,24.3,0,4,25.5
2016/8/12,341.854,33105,0,5,5,225,25.3,0,5,25.3
2016/8/13,308.898,28623,1,6,6,226,24.4,1,6,25.3
2016/8/14,299.113,28566,1,7,7,227,26.3,1,7,25.7
2016/8/15,340.12,33890,0,1,1,228,26.5,0,1,25.9
2016/8/16,345.143,33991,0,2,2,229,25.3,0,2,26
2016/8/17,339.067,33320,0,3,3,230,24.6,0,3,25.9
2016/8/18,343.251,33817,0,4,4,231,25.5,0,4,25.2
2016/8/19,341.773,34356,0,5,5,232,25.3,0,5,25.4
2016/8/20,318.509,30375,1,6,6,233,25.3,1,6,24.1
2016/8/21,305.468,29016,1,7,7,234,25.7,1,7,21.9
2016/8/22,345.978,34922,0,1,1,235,25.9,0,1,22.5
2016/8/23,356.374,34983,0,2,2,236,26,0,2,22.9
2016/8/24,358.713,35243,0,3,3,237,25.9,0,3,23.3
2016/8/25,358.874,35218,0,4,4,238,25.2,0,4,24.4
2016/8/26,357.666,34942,0,5,5,239,25.4,0,5,23.5
2016/8/27,327.236,30595,1,6,6,240,24.1,1,6,23.7
2016/8/28,297.263,27632,1,7,7,241,21.9,1,7,24.9
2016/8/29,320.662,32134,0,1,1,242,22.5,0,1,24.2
2016/8/30,322.777,31495,0,2,2,243,22.9,0,2,23.4
2016/8/31,327.471,32613,0,3,3,244,23.3,0,3,24.5
2016/9/1,353.218,33040,0,4,4,245,24.4,0,4,24.4
2016/9/2,350.912,32279,0,5,5,246,23.5,0,5,23.4
2016/9/3,321.863,28417,1,6,6,247,23.7,0,5,23.1
2016/9/4,310.298,28135,1,7,7,248,24.9,1,7,24.4
2016/9/5,350.887,33367,0,1,1,249,24.2,0,1,22.8
2016/9/6,349.551,32058,0,2,2,250,23.4,0,2,23.6
2016/9/7,346.16,32215,0,3,3,251,24.5,0,5,23.2
2016/9/8,345.952,31860,0,4,4,252,24.4,1,7,23.7
2016/9/9,346.512,32081,0,5,5,253,23.4,1,7,25.1
2016/9/10,336.534,31423,0,6,5,254,23.1,1,6,22.8
2016/9/11,312.231,28329,1,7,7,255,24.4,1,7,21.4
2016/9/12,346.466,32551,0,1,1,256,22.8,0,1,21.2
2016/9/13,351.967,32949,0,2,2,257,23.6,0,2,20.3
2016/9/14,322.36,29701,0,3,5,258,23.2,0,3,21.6
2016/9/15,284.49,25557,1,4,7,259,23.7,0,4,21.8
2016/9/16,290.889,26401,1,5,7,260,25.1,0,5,21.7
2016/9/17,288.973,25736,1,6,6,261,22.8,1,6,22.1
2016/9/18,284.913,26088,1,7,7,262,21.4,1,7,22.3
2016/9/19,321.832,30275,0,1,1,263,21.2,0,1,22.7
2016/9/20,326.884,30275,0,2,2,264,20.3,0,2,23.3
2016/9/21,333.626,31222,0,3,3,265,21.6,0,3,24.4
2016/9/22,339.083,31596,0,4,4,266,21.8,0,4,24.2
2016/9/23,337.914,31556,0,5,5,267,21.7,0,5,23.7
2016/9/24,311.436,27767,1,6,6,268,22.1,1,6,24.2
2016/9/25,295.952,26759,1,7,7,269,22.3,1,7,24.4
2016/9/26,335.862,31841,0,1,1,270,22.7,0,1,23.2
2016/9/27,271.176,25840,0,2,2,271,23.3,0,2,22.7
2016/9/28,267.225,25846,0,3,3,272,24.4,0,3,22.5
2016/9/29,328.149,31207,0,4,4,273,24.2,0,4,23.8
2016/9/30,335.885,31549,0,5,5,274,23.7,0,5,22.3
2016/10/1,318.718,28505,1,6,6,275,24.2,1,6,22.6
2016/10/2,302.353,27189,1,7,7,276,24.4,1,7,19.3
2016/10/3,342.232,32021,0,1,1,277,23.2,1,6,20.4
2016/10/4,349.614,32470,0,2,2,278,22.7,0,1,21.9
2016/10/5,353.5,32816,0,3,3,279,22.5,0,3,20.4
2016/10/6,352.719,32459,0,4,4,280,23.8,0,4,20.1
2016/10/7,345.02,31565,0,5,5,281,22.3,0,5,20.7
2016/10/8,315.64,27782,1,6,6,282,22.6,1,6,22.7
2016/10/9,282.742,25056,1,7,7,283,19.3,1,7,23.7
2016/10/10,284.751,26116,1,1,6,284,20.4,0,1,23
2016/10/11,324.698,30384,0,2,1,285,21.9,0,2,23.4
2016/10/12,330.186,30332,0,3,3,286,20.4,0,3,23.8
2016/10/13,330.147,30195,0,4,4,287,20.1,0,4,24.4
2016/10/14,330.808,30254,0,5,5,288,20.7,0,5,25.1
2016/10/15,315.332,28037,1,6,6,289,22.7,1,6,24.1
2016/10/16,301.477,27130,1,7,7,290,23.7,1,7,23.1
2016/10/17,343.226,32227,0,1,1,291,23,0,1,22.2
2016/10/18,352.38,32656,0,2,2,292,23.4,0,2,23.9
2016/10/19,354.447,32417,0,3,3,293,23.8,0,3,24.3
2016/10/20,357.542,32495,0,4,4,294,24.4,0,4,23.8
2016/10/21,359.584,33000,0,5,5,295,25.1,0,5,23.4
2016/10/22,336.177,29606,1,6,6,296,24.1,1,6,19.6
2016/10/23,313.016,27320,1,7,7,297,23.1,1,7,17.5
2016/10/24,341.315,31994,0,1,1,298,22.2,0,1,18.2
2016/10/25,343.992,31354,0,2,2,299,23.9,0,2,16.6
2016/10/26,356.401,33046,0,3,3,300,24.3,0,3,14.6
2016/10/27,356.499,32800,0,4,4,301,23.8,0,4,15.4
2016/10/28,353.505,32560,0,5,5,302,23.4,0,5,17.5
2016/10/29,311.741,27153,1,6,6,303,19.6,1,6,19.3
2016/10/30,280.121,24904,1,7,7,304,17.5,1,7,20.3
2016/10/31,300.736,27360,0,1,1,305,18.2,0,1,20.6
2016/11/1,337.787,28872,0,2,2,306,16.6,0,2,17.6
2016/11/2,334,28241,0,3,3,307,14.6,0,3,14.3
2016/11/3,333.183,28462,0,4,4,308,15.4,0,4,15.5
2016/11/4,337.187,28565,0,5,5,309,17.5,0,5,16.1
2016/11/5,312.786,25765,1,6,6,310,19.3,1,6,19.5
2016/11/6,296.781,25045,1,7,7,311,20.3,1,7,21.4
2016/11/7,339.194,29442,0,1,1,312,20.6,0,1,21.2
2016/11/8,345.26,29642,0,2,2,313,17.6,0,2,18.9
2016/11/9,333.599,28179,0,3,3,314,14.3,0,3,19.3
2016/11/10,334.744,28418,0,4,4,315,15.5,0,4,20.3
2016/11/11,327.518,27906,0,5,5,316,16.1,0,5,20.2
2016/11/12,311.796,25909,1,6,6,317,19.5,1,6,21.5
2016/11/13,297.964,25064,1,7,7,318,21.4,1,7,20.2
2016/11/14,336.753,29281,0,1,1,319,21.2,0,1,18.9
2016/11/15,346.981,29724,0,2,2,320,18.9,0,2,18.9
2016/11/16,346.143,29468,0,3,3,321,19.3,0,3,15.9
2016/11/17,347.904,29703,0,4,4,322,20.3,0,4,14.2
2016/11/18,346.143,29353,0,5,5,323,20.2,0,5,16.8
2016/11/19,324.175,26898,1,6,6,324,21.5,1,6,18.3
2016/11/20,301.924,25331,1,7,7,325,20.2,1,7,14.3
2016/11/21,335.424,29260,0,1,1,326,18.9,0,1,13.9
2016/11/22,343.134,29328,0,2,2,327,18.9,0,2,15.9
2016/11/23,335.044,28322,0,3,3,328,15.9,0,3,18
2016/11/24,328.545,27938,0,4,4,329,14.2,0,4,15.4
2016/11/25,331.241,28375,0,5,5,330,16.8,0,5,14.7
2016/11/26,308.751,25582,1,6,6,331,18.3,1,6,17.9
2016/11/27,283.558,23901,1,7,7,332,14.3,1,7,18.8
2016/11/28,312.342,27360,0,1,1,333,13.9,0,1,17.4
2016/11/29,325.226,27943,0,2,2,334,15.9,0,2,14
2016/11/30,328.921,28213,0,3,3,335,18,0,3,14.5
2016/12/1,332.951,27824,0,4,4,336,15.4,0,4,15.8
2016/12/2,329.467,27605,0,5,5,337,14.7,0,5,16.1
2016/12/3,310.973,25515,1,6,6,338,17.9,1,6,16.1
2016/12/4,295.566,24499,1,7,7,339,18.8,1,7,15.5
2016/12/5,331.6,28380,0,1,1,340,17.4,0,1,17.1
2016/12/6,332.271,27794,0,2,2,341,14,0,2,15.7
2016/12/7,334.161,28171,0,3,3,342,14.5,0,3,12.7
2016/12/8,334.344,28084,0,4,4,343,15.8,0,4,9
2016/12/9,332.062,27724,0,5,5,344,16.1,0,5,8.9
2016/12/10,308.854,25247,1,6,6,345,16.1,1,6,13.5
2016/12/11,289.309,23981,1,7,7,346,15.5,1,7,16.7
2016/12/12,325.517,27900,0,1,1,347,17.1,0,1,18.8
2016/12/13,335.044,28007,0,2,2,348,15.7,0,2,20.2
2016/12/14,330.427,27559,0,3,3,349,12.7,0,3,21
2016/12/15,326.54,27360,0,4,4,350,9,0,4,16.1
2016/12/16,323.305,27210,0,5,5,351,8.9,0,5,12.6
2016/12/17,304.634,24962,1,6,6,352,13.5,1,6,13.8
2016/12/18,286.801,23833,1,7,7,353,16.7,1,7,17.9
2016/12/19,324.35,27951,0,1,1,354,18.8,0,1,18.6
2016/12/20,341.12,28840,0,2,2,355,20.2,0,2,11
2016/12/21,345.422,29092,0,3,3,356,21,0,3,9.7
2016/12/22,340.657,28358,0,4,4,357,16.1,0,4,10.1
2016/12/23,330.02,27363,0,5,5,358,12.6,0,5,12.7
2016/12/24,303.733,24821,1,6,6,359,13.8,1,6,15.7
2016/12/25,288.593,23973,1,7,7,360,17.9,1,7,17.5
2016/12/26,316.791,27045,0,1,1,361,18.6,1,7,17.1
2016/12/27,324.877,27504,0,2,2,362,11,0,1,16.6
2016/12/28,324.686,27376,0,3,3,363,9.7,0,3,18.5
2016/12/29,320.135,26945,0,4,4,364,10.1,0,4,18
2016/12/30,315.613,26374,0,5,5,365,12.7,0,5,17.6
2016/12/31,290.524,23897,1,6,6,366,15.7,1,6,18.2
2017/1/1,268.503,22886,1,7,7,1,17.5,1,7,15.8
2017/1/2,280.534,24483,1,1,7,2,17.1,0,1,11.9
2017/1/3,320.449,28131,0,2,1,3,16.6,0,2,13.1
2017/1/4,329.623,28485,0,3,3,4,18.5,0,3,14.2
2017/1/5,330.137,28336,0,4,4,5,18,0,4,15.5
2017/1/6,330.589,28002,0,5,5,6,17.6,0,5,11.4
2017/1/7,306.516,25600,1,6,6,7,18.2,1,6,9.1
2017/1/8,283.998,24133,1,7,7,8,15.8,1,7,9.4
2017/1/9,315.17,27670,0,1,1,9,11.9,0,1,10.4
2017/1/10,322.524,27787,0,2,2,10,13.1,0,2,14.4
2017/1/11,325.791,27992,0,3,3,11,14.2,0,3,15.5
2017/1/12,329.116,28186,0,4,4,12,15.5,0,4,14.8
2017/1/13,325.652,27161,0,5,5,13,11.4,0,5,8.4
2017/1/14,297.082,24726,1,6,6,14,9.1,1,6,8.8
2017/1/15,281.042,24156,1,7,7,15,9.4,1,7,8.9
2017/1/16,314.013,27370,0,1,1,16,10.4,0,1,9.2
2017/1/17,325.097,27768,0,2,2,17,14.4,0,2,9.3
2017/1/18,327.192,27768,0,3,3,18,15.5,0,3,10
2017/1/19,327.982,27768,0,4,4,19,14.8,0,5,11
2017/1/20,322.404,26889,0,5,5,20,8.4,1,7,14.1
2017/1/21,299.903,24905,1,6,6,21,8.8,1,7,16.7
2017/1/22,282.438,24230,1,7,7,22,8.9,1,7,18.2
2017/1/23,313.076,26943,0,1,1,23,9.2,1,7,13
2017/1/24,320.292,26779,0,2,2,24,9.3,1,7,11.6
2017/1/25,310.395,25905,0,3,3,25,10,1,7,12
2017/1/26,283.805,23012,0,4,5,26,11,0,1,10.2
2017/1/27,243.423,20214,1,5,7,27,14.1,0,5,14.7
2017/1/28,230.95,19672,1,6,7,28,16.7,1,6,15.9
2017/1/29,233.093,19906,1,7,7,29,18.2,1,7,14.2
2017/1/30,237.237,20118,1,1,7,30,13,0,1,12
2017/1/31,244.939,21188,1,2,7,31,11.6,0,2,12.4
2017/2/1,258.806,22191,1,3,7,32,12,0,3,13.9
2017/2/2,289.089,24722,0,4,1,33,10.2,0,4,5.8
2017/2/3,304.543,25592,0,5,5,34,14.7,0,5,5.7
2017/2/4,293.56,24355,1,6,6,35,15.9,1,6,6.8
2017/2/5,278.986,23414,1,7,7,36,14.2,1,7,9.3
2017/2/6,310.075,26414,0,1,1,37,12,0,1,11.2
2017/2/7,320.057,26899,0,2,2,38,12.4,0,2,11.5
2017/2/8,324.007,27120,0,3,3,39,13.9,0,3,14.1
2017/2/9,323.31,27088,0,4,4,40,5.8,0,4,15.2
2017/2/10,324.35,27086,0,5,5,41,5.7,0,5,17.1
2017/2/11,301.272,24557,1,6,6,42,6.8,0,5,14.9
2017/2/12,285.43,23991,1,7,7,43,9.3,1,7,16.7
2017/2/13,316.656,26862,0,1,1,44,11.2,0,1,16.7
2017/2/14,325.037,27193,0,2,2,45,11.5,0,2,15
2017/2/15,324.778,27232,0,3,3,46,14.1,0,3,17.1
2017/2/16,324.481,27174,0,4,4,47,15.2,0,4,10.9
2017/2/17,327.078,27241,0,5,5,48,17.1,0,5,9.1
2017/2/18,319.23,26165,0,6,5,49,14.9,1,6,10.5
2017/2/19,286.855,23850,1,7,7,50,16.7,1,7,9.1
2017/2/20,322.494,27718,0,1,1,51,16.7,1,7,10
2017/2/21,331.285,27762,0,2,2,52,15,1,6,10.7
2017/2/22,336.296,28295,0,3,3,53,17.1,0,1,12
2017/2/23,333.496,27527,0,4,4,54,10.9,0,4,9.2
2017/2/24,328.736,27141,0,5,5,55,9.1,0,5,11.6
2017/2/25,303.27,24638,1,6,6,56,10.5,1,6,14.3
2017/2/26,282.442,23343,1,7,7,57,9.1,1,7,17.1
2017/2/27,286.652,24078,1,1,7,58,10,0,1,11.3
2017/2/28,297.169,25022,1,2,6,59,10.7,0,2,8.8
2017/3/1,319.972,27261,0,3,1,60,12,0,3,9.8
2017/3/2,322.782,27074,0,4,4,61,9.2,0,4,11.6
2017/3/3,323.603,26914,0,5,5,62,11.6,0,5,14.1
2017/3/4,301.165,24746,1,6,6,63,14.3,1,6,15.9
2017/3/5,284.462,23990,1,7,7,64,17.1,1,7,18.5
2017/3/6,317.131,27068,0,1,1,65,11.3,0,1,15.4
2017/3/7,326.219,27568,0,2,2,66,8.8,0,2,8.8
2017/3/8,328.478,27767,0,3,3,67,9.8,0,3,10.7
2017/3/9,329.645,27844,0,4,4,68,11.6,0,4,12.8
2017/3/10,332.956,27892,0,5,5,69,14.1,0,5,15.1
2017/3/11,307.066,25149,1,6,6,70,15.9,1,6,18
2017/3/12,289.286,24368,1,7,7,71,18.5,1,7,17.1
2017/3/13,326.713,27892,0,1,1,72,15.4,0,1,18.4
2017/3/14,329.612,27769,0,2,2,73,8.8,0,2,14.2
2017/3/15,329.804,27774,0,3,3,74,10.7,0,3,16.7
2017/3/16,332.764,28098,0,4,4,75,12.8,0,4,14.4
2017/3/17,332.276,27896,0,5,5,76,15.1,0,5,16.6
2017/3/18,308.612,25239,1,6,6,77,18,1,6,12.4
2017/3/19,289.912,24394,1,7,7,78,17.1,1,7,10.5
2017/3/20,328.554,28453,0,1,1,79,18.4,0,1,14.1
2017/3/21,336.78,28197,0,2,2,80,14.2,0,2,16.6
2017/3/22,334.616,28095,0,3,3,81,16.7,0,3,17.1
2017/3/23,334.601,28035,0,4,4,82,14.4,0,4,18.7
2017/3/24,334.257,27872,0,5,5,83,16.6,0,5,14.5
2017/3/25,304.199,24624,1,6,6,84,12.4,1,6,10.1
2017/3/26,282.75,23892,1,7,7,85,10.5,1,7,11.9
2017/3/27,316.217,27222,0,1,1,86,14.1,1,7,14.3
2017/3/28,328.486,27766,0,2,2,87,16.6,1,6,16.4
2017/3/29,332.055,28022,0,3,3,88,17.1,0,1,18.3
2017/3/30,333.617,27974,0,4,4,89,18.7,0,4,18.5
2017/3/31,332.343,28040,0,5,5,90,14.5,0,5,19.3
2017/4/1,293.726,24245,1,6,6,91,10.1,1,6,21.6
2017/4/2,272.587,22905,1,7,7,92,11.9,1,7,22.5
2017/4/3,271.462,22797,1,1,7,93,14.3,0,1,23.8
2017/4/4,274.183,23637,1,2,6,94,16.4,0,2,17.5
2017/4/5,318.184,27722,0,3,1,95,18.3,0,3,13.1
2017/4/6,332.957,28161,0,4,4,96,18.5,0,4,14.8
2017/4/7,339.621,28739,0,5,5,97,19.3,0,5,18
2017/4/8,318.992,26288,1,6,6,98,21.6,1,6,21
2017/4/9,302.878,25592,1,7,7,99,22.5,1,7,21.6
2017/4/10,347.81,30236,0,1,1,100,23.8,0,1,22.6
2017/4/11,349.896,29416,0,2,2,101,17.5,0,2,21.7
2017/4/12,334.727,28004,0,3,3,102,13.1,0,3,21.9
2017/4/13,331.139,28171,0,4,4,103,14.8,0,4,21.3
2017/4/14,334.176,28259,0,5,5,104,18,0,5,20.1
2017/4/15,315.019,26171,1,6,6,105,21,1,6,13
2017/4/16,302.969,25504,1,7,7,106,21.6,1,7,14.9
2017/4/17,349.128,30290,0,1,1,107,22.6,0,1,17.5
2017/4/18,361.796,30723,0,2,2,108,21.7,0,2,20.1
2017/4/19,365.389,31072,0,3,3,109,21.9,0,3,20
2017/4/20,363.071,30725,0,4,4,110,21.3,0,4,13
2017/4/21,361.735,30988,0,5,5,111,20.1,0,5,13.9
2017/4/22,308.309,24699,1,6,6,112,13,1,6,16.1
2017/4/23,285.44,24088,1,7,7,113,14.9,1,7,18.5
2017/4/24,327.021,28349,0,1,1,114,17.5,1,6,20
2017/4/25,344.756,29158,0,2,2,115,20.1,0,1,20.4
2017/4/26,355.286,30418,0,3,3,116,20,0,3,21.5
2017/4/27,338.571,28348,0,4,4,117,13,0,4,22.4
2017/4/28,326.675,27165,0,5,5,118,13.9,0,5,22.8
2017/4/29,300.818,24747,1,6,6,119,16.1,1,6,20.6
2017/4/30,285.355,24004,1,7,7,120,18.5,1,7,20
2017/5/1,282.424,25611,1,1,6,121,20,0,1,22.4
2017/5/2,324.007,29684,0,2,1,122,20.4,0,2,21.3
2017/5/3,340.699,30931,0,3,3,123,21.5,0,3,23.4
2017/5/4,347.71,31407,0,4,4,124,22.4,0,4,23.6
2017/5/5,352.091,31854,0,5,5,125,22.8,0,5,23
2017/5/6,321.32,27573,1,6,6,126,20.6,1,6,21.7
2017/5/7,296.445,25867,1,7,7,127,20,1,7,22
2017/5/8,342.186,31507,0,1,1,128,22.4,0,1,21.4
2017/5/9,352.04,31569,0,2,2,129,21.3,0,2,17.6
2017/5/10,357.768,32633,0,3,3,130,23.4,0,3,18.6
2017/5/11,362.88,33011,0,4,4,131,23.6,0,4,20.4
2017/5/12,362.449,32806,0,5,5,132,23,0,5,20.2
2017/5/13,327.963,27824,1,6,6,133,21.7,1,6,20.7
2017/5/14,305.024,26614,1,7,7,134,22,1,7,20.7
2017/5/15,348.13,32336,0,1,1,135,21.4,0,1,22
2017/5/16,336.77,30124,0,2,2,136,17.6,0,2,22.8
2017/5/17,333.3,30141,0,3,3,137,18.6,0,3,21.9
2017/5/18,344.17,31320,0,4,4,138,20.4,0,4,18.3
2017/5/19,341.697,31080,0,5,5,139,20.2,0,5,18.8
2017/5/20,310.523,26826,1,6,6,140,20.7,1,6,18.5
2017/5/21,296.581,26159,1,7,7,141,20.7,1,7,19.1
2017/5/22,344.213,32130,0,1,1,142,22,1,7,21.4
2017/5/23,359.92,32720,0,2,2,143,22.8,1,6,23
2017/5/24,361.979,33035,0,3,3,144,21.9,0,1,23.7
2017/5/25,346.019,31042,0,4,4,145,18.3,0,4,24.4
2017/5/26,336.698,30290,0,5,5,146,18.8,0,5,22
2017/5/27,308.837,26347,1,6,6,147,18.5,0,5,21.6
2017/5/28,289.916,25268,1,7,7,148,19.1,1,7,22.3
2017/5/29,298.295,26189,1,1,7,149,21.4,0,1,23.4
2017/5/30,301.063,26643,1,2,6,150,23,0,2,24.8
2017/5/31,347.68,32677,0,3,1,151,23.7,0,3,25.3
2017/6/1,342.911,31934,0,4,4,152,24.4,0,4,24.5
2017/6/2,340.613,31745,0,5,5,153,22,0,5,25
2017/6/3,324.862,30408,0,6,5,154,21.6,1,6,25
2017/6/4,289.044,26587,1,7,7,155,22.3,1,7,25.3
2017/6/5,331.911,31834,0,1,1,156,23.4,0,1,24.3
2017/6/6,351.586,33099,0,2,2,157,24.8,0,2,24.5
2017/6/7,362.462,34135,0,3,3,158,25.3,0,3,21.6
2017/6/8,363.023,34011,0,4,4,159,24.5,0,4,19.8
2017/6/9,362.558,33972,0,5,5,160,25,0,5,21.5
2017/6/10,339.351,30970,1,6,6,161,25,1,6,20.6
2017/6/11,321.73,29156,1,7,7,162,25.3,1,7,21.4
2017/6/12,357.655,34589,0,1,1,163,24.3,0,1,22.6
2017/6/13,362.393,34501,0,2,2,164,24.5,0,2,24.5
2017/6/14,346.782,31925,0,3,3,165,21.6,0,3,24.8
2017/6/15,328.619,30196,0,4,4,166,19.8,0,4,24.7
2017/6/16,329.851,30978,0,5,5,167,21.5,0,5,25.3
2017/6/17,303.739,27264,1,6,6,168,20.6,1,6,24.9
2017/6/18,284.626,26316,1,7,7,169,21.4,1,7,25
2017/6/19,324.46,30908,0,1,1,170,22.6,0,1,25.3
2017/6/20,340.014,31901,0,2,2,171,24.5,0,2,24.5
2017/6/21,352.91,33511,0,3,3,172,24.8,0,3,25.1
2017/6/22,363.05,34515,0,4,4,173,24.7,0,4,24.6
2017/6/23,365.688,34567,0,5,5,174,25.3,0,5,24
2017/6/24,338.481,30919,1,6,6,175,24.9,1,6,23.7
2017/6/25,321.827,29653,1,7,7,176,25,1,7,24.7
2017/6/26,364.832,35139,0,1,1,177,25.3,0,1,24.5
2017/6/27,373.349,35123,0,2,2,178,24.5,0,2,24.3
2017/6/28,372.966,35300,0,3,3,179,25.1,0,3,25.1
2017/6/29,369.354,35234,0,4,4,180,24.6,0,4,25.3
2017/6/30,361.789,34894,0,5,5,181,24,0,5,24.1
2017/7/1,321.836,30856,1,6,6,182,23.7,1,6,24.1
2017/7/2,304.344,28576,1,7,7,183,24.7,1,7,24.6
2017/7/3,344.231,35002,0,1,1,184,24.5,0,1,24.9
2017/7/4,350.531,34889,0,2,2,185,24.3,0,2,24.2
2017/7/5,351.088,34916,0,3,3,186,25.1,0,3,24.9
2017/7/6,356.921,35280,0,4,4,187,25.3,0,4,25
2017/7/7,346.993,34736,0,5,5,188,24.1,0,5,24.9
2017/7/8,318.201,30418,1,6,6,189,24.1,1,6,25.2
2017/7/9,304.52,29124,1,7,7,190,24.6,1,7,25.8
2017/7/10,350.604,35022,0,1,1,191,24.9,0,1,25.1
2017/7/11,359.055,35482,0,2,2,192,24.2,0,2,26.2
2017/7/12,360.801,35444,0,3,3,193,24.9,0,3,25.7
2017/7/13,362.923,35749,0,4,4,194,25,0,4,25.7
2017/7/14,361.52,35548,0,5,5,195,24.9,0,5,26.1
2017/7/15,332.587,31152,1,6,6,196,25.2,1,6,25.9
2017/7/16,313.048,29259,1,7,7,197,25.8,1,7,26.2
2017/7/17,349.659,34337,0,1,1,198,25.1,0,1,26.3
2017/7/18,365.553,36107,0,2,2,199,26.2,0,2,25.9
2017/7/19,364.931,36046,0,3,3,200,25.7,0,3,25.3
2017/7/20,366.825,35973,0,4,4,201,25.7,0,4,25.1
2017/7/21,367.363,36146,0,5,5,202,26.1,0,5,25.4
2017/7/22,338.096,31441,1,6,6,203,25.9,1,6,24
2017/7/23,323.781,30894,1,7,7,204,26.2,1,7,25.6
2017/7/24,364.487,36148,0,1,1,205,26.3,0,1,23.8
2017/7/25,367.989,36213,0,2,2,206,25.9,0,2,24.9
2017/7/26,365.698,36199,0,3,3,207,25.3,0,3,24.6
2017/7/27,363.576,35626,0,4,4,208,25.1,0,4,25.5
2017/7/28,366.728,35658,0,5,5,209,25.4,0,5,26
2017/7/29,321.456,30003,1,6,6,210,24,1,6,26.2
2017/7/30,288.817,27986,1,7,7,211,25.6,1,7,27.1
2017/7/31,318.507,30600,0,1,1,212,23.8,0,1,27.2
2017/8/1,335.206,33080,0,2,2,213,24.9,0,2,26.4
2017/8/2,340.23,33476,0,3,3,214,24.6,0,3,26.6
2017/8/3,349.136,34556,0,4,4,215,25.5,0,4,26.6
2017/8/4,351.431,34717,0,5,5,216,26,0,5,26.4
2017/8/5,330.022,31575,1,6,6,217,26.2,1,6,26.2
2017/8/6,317.947,30675,1,7,7,218,27.1,1,7,26.1
2017/8/7,362.283,36165,0,1,1,219,27.2,0,1,26.1
2017/8/8,369.536,36266,0,2,2,220,26.4,0,2,26
2017/8/9,369.142,36123,0,3,3,221,26.6,0,3,25.3
2017/8/10,368.745,35788,0,4,4,222,26.6,0,4,25.3
2017/8/11,368.828,36417,0,5,5,223,26.4,0,5,25.6
2017/8/12,342.896,32480,1,6,6,224,26.2,1,6,25
2017/8/13,324.604,30951,1,7,7,225,26.1,1,7,25.7
2017/8/14,360.697,36052,0,1,1,226,26.1,0,1,24.8
2017/8/15,360.867,36453,0,2,2,227,26,0,2,25
2017/8/16,366.793,36390,0,3,3,228,25.3,0,3,24.9
2017/8/17,367.63,36391,0,4,4,229,25.3,0,4,24.8
2017/8/18,368.178,36295,0,5,5,230,25.6,0,5,26.1
2017/8/19,338.513,32211,1,6,6,231,25,1,6,26.4
2017/8/20,321.716,30715,1,7,7,232,25.7,1,7,25.3
2017/8/21,361.014,36119,0,1,1,233,24.8,0,1,25.3
2017/8/22,359.463,35285,0,2,2,234,25,0,2,25.4
2017/8/23,355.082,34588,0,3,3,235,24.9,0,3,24.6
2017/8/24,355.287,35493,0,4,4,236,24.8,0,4,24
2017/8/25,353.967,35129,0,5,5,237,26.1,0,5,23.1
2017/8/26,330.987,31487,1,6,6,238,26.4,1,6,22.4
2017/8/27,311.68,29227,1,7,7,239,25.3,1,7,22.6
2017/8/28,347.855,35541,0,1,1,240,25.3,0,1,23.7
2017/8/29,361.471,36070,0,2,2,241,25.4,0,2,25.3
2017/8/30,360.162,35447,0,3,3,242,24.6,0,3,26.6
2017/8/31,356.037,34739,0,4,4,243,24,0,4,25.6
2017/9/1,351.932,33050,0,5,5,244,23.1,0,5,24.7
2017/9/2,319.431,29350,1,6,6,245,22.4,1,6,24.5
2017/9/3,299.6,28063,1,7,7,246,22.6,1,7,24.4
2017/9/4,345.405,33987,0,1,1,247,23.7,0,1,24.7
2017/9/5,359.311,34360,0,2,2,248,25.3,0,2,24.8
2017/9/6,369.562,35786,0,3,3,249,26.6,0,3,22.3
2017/9/7,368.528,35014,0,4,4,250,25.6,0,4,21.7
2017/9/8,364.928,35020,0,5,5,251,24.7,0,5,24.1
2017/9/9,334.578,30543,1,6,6,252,24.5,1,6,24
2017/9/10,317.158,29552,1,7,7,253,24.4,1,7,22.8
2017/9/11,355.593,34904,0,1,1,254,24.7,0,1,22.6
2017/9/12,369.164,35533,0,2,2,255,24.8,0,2,24.3
2017/9/13,358.802,33922,0,3,3,256,22.3,0,3,25.2
2017/9/14,348.026,32944,0,4,4,257,21.7,0,4,25.4
2017/9/15,352.989,33981,0,5,5,258,24.1,0,5,25.3
2017/9/16,329.911,30645,1,6,6,259,24,1,6,26.6
2017/9/17,306.887,28336,1,7,7,260,22.8,1,7,26
2017/9/18,339.963,33398,0,1,1,261,22.6,0,1,25.4
2017/9/19,354.89,34280,0,2,2,262,24.3,0,2,26.3
2017/9/20,359.847,34866,0,3,3,263,25.2,0,3,26.3
2017/9/21,365.693,35001,0,4,4,264,25.4,0,4,25.1
2017/9/22,369.006,35374,0,5,5,265,25.3,0,5,23.4
2017/9/23,346.591,32106,1,6,6,266,26.6,0,5,24.8
2017/9/24,329.802,30716,1,7,7,267,26,1,7,25.4
2017/9/25,368.19,35817,0,1,1,268,25.4,0,1,25.6
2017/9/26,377.893,36263,0,2,2,269,26.3,0,5,24
2017/9/27,379.148,36419,0,3,3,270,26.3,1,7,21.6
2017/9/28,377.612,36049,0,4,4,271,25.1,0,1,22.7
2017/9/29,368.09,35355,0,5,5,272,23.4,0,5,23.3
2017/9/30,354.078,34625,0,6,5,273,24.8,1,6,22.1
2017/10/1,350.098,30280,1,7,7,274,25.4,1,7,23
2017/10/2,393.891,35737,0,1,1,275,25.6,1,7,24.8
2017/10/3,397.797,35900,0,2,5,276,24,1,6,24.4
2017/10/4,342.778,29072,1,3,7,277,21.6,0,1,23.4
2017/10/5,375.332,34702,0,4,1,278,22.7,0,4,21.8
2017/10/6,385.428,34982,0,5,5,279,23.3,0,5,21.1
2017/10/7,348.461,29560,1,6,6,280,22.1,1,6,23
2017/10/8,328.554,28115,1,7,7,281,23,1,7,23
2017/10/9,335.906,28876,1,1,7,282,24.8,0,1,24.3
2017/10/10,347.136,30226,1,2,6,283,24.4,0,2,21.6
2017/10/11,386.68,35287,0,3,1,284,23.4,0,3,21
2017/10/12,381.023,34009,0,4,4,285,21.8,0,4,19.9
2017/10/13,364.231,32265,0,5,5,286,21.1,0,5,18.8
2017/10/14,334.531,28783,1,6,6,287,23,1,6,16.7
2017/10/15,312.378,27360,1,7,7,288,23,1,7,15.2
2017/10/16,360.552,33062,0,1,1,289,24.3,0,1,16.5
2017/10/17,364.246,32730,0,2,2,290,21.6,0,2,16.8
2017/10/18,359.051,32246,0,3,3,291,21,0,3,17.3
2017/10/19,353.246,31277,0,4,4,292,19.9,0,4,17.3
2017/10/20,344.404,30889,0,5,5,293,18.8,0,5,17.6
2017/10/21,303.734,25858,1,6,6,294,16.7,1,6,16.6
2017/10/22,277.572,24237,1,7,7,295,15.2,1,7,16.3
2017/10/23,314.139,28665,0,1,1,296,16.5,0,1,14.1
2017/10/24,325.935,29159,0,2,2,297,16.8,0,2,16
2017/10/25,327.614,29244,0,3,3,298,17.3,0,3,19.2
2017/10/26,327.413,29286,0,4,4,299,17.3,0,4,20.8
2017/10/27,323.869,28805,0,5,5,300,17.6,0,5,18.5
2017/10/28,296.494,25555,1,6,6,301,16.6,1,6,14.7
2017/10/29,275.541,24209,1,7,7,302,16.3,1,7,16
2017/10/30,308.63,28206,0,1,1,303,14.1,0,1,21
2017/10/31,317.362,28541,0,2,2,304,16,0,2,23
2017/11/1,346.257,29266,0,3,3,305,19.2,0,3,19.2
2017/11/2,355.227,30135,0,4,4,306,20.8,0,4,19.1
2017/11/3,350.751,29257,0,5,5,307,18.5,0,5,22.1
2017/11/4,315.945,25602,1,6,6,308,14.7,1,6,17.5
2017/11/5,295.95,24623,1,7,7,309,16,1,7,17.5
2017/11/6,341.356,29620,0,1,1,310,21,0,1,19.3
2017/11/7,360.974,30666,0,2,2,311,23,0,2,19
2017/11/8,357.485,29840,0,3,3,312,19.2,0,3,18.6
2017/11/9,358.912,30266,0,4,4,313,19.1,0,4,20.9
2017/11/10,362.763,30592,0,5,5,314,22.1,0,5,21.4
2017/11/11,326.375,26422,1,6,6,315,17.5,1,6,16.7
2017/11/12,301.848,25166,1,7,7,316,17.5,1,7,13.4
2017/11/13,344.265,29653,0,1,1,317,19.3,0,1,15.3
2017/11/14,357.181,29969,0,2,2,318,19,0,2,17.6
2017/11/15,356.865,29784,0,3,3,319,18.6,0,3,16
2017/11/16,361.807,30463,0,4,4,320,20.9,0,4,11.8
2017/11/17,362.079,30555,0,5,5,321,21.4,0,5,12.6
2017/11/18,325.714,26189,1,6,6,322,16.7,1,6,15.1
2017/11/19,296.278,24644,1,7,7,323,13.4,1,7,16.5
2017/11/20,335.672,28771,0,1,1,324,15.3,0,1,17.3
2017/11/21,347.629,29432,0,2,2,325,17.6,0,2,21.3
2017/11/22,347.125,28955,0,3,3,326,16,0,3,22.2
2017/11/23,338.884,28469,0,4,4,327,11.8,0,4,17.7
2017/11/24,335.972,28326,0,5,5,328,12.6,0,5,14.7
2017/11/25,312.964,25668,1,6,6,329,15.1,1,6,15.4
2017/11/26,296.755,24769,1,7,7,330,16.5,1,7,16
2017/11/27,334.102,28917,0,1,1,331,17.3,0,1,13.9
2017/11/28,349.99,29698,0,2,2,332,21.3,0,2,10.7
2017/11/29,352.362,29530,0,3,3,333,22.2,0,3,11.4
2017/11/30,348.657,29186,0,4,4,334,17.7,0,4,13.4
2017/12/1,343.364,28525,0,5,5,335,14.7,0,5,9.8
2017/12/2,315.931,25628,1,6,6,336,15.4,1,6,11.2
2017/12/3,297.004,24512,1,7,7,337,16,1,7,13.8
2017/12/4,331.657,28274,0,1,1,338,13.9,0,1,12.3
2017/12/5,337.694,28243,0,2,2,339,10.7,0,2,12.9
2017/12/6,339.32,28455,0,3,3,340,11.4,0,3,13.3
2017/12/7,342.167,28625,0,4,4,341,13.4,0,4,14.3
2017/12/8,338.619,27863,0,5,5,342,9.8,0,5,16.1
2017/12/9,312.374,25500,1,6,6,343,11.2,1,6,12.2
2017/12/10,292.604,24230,1,7,7,344,13.8,1,7,8.4
2017/12/11,327.19,27706,0,1,1,345,12.3,0,1,10.2
2017/12/12,340.697,28558,0,2,2,346,12.9,0,2,10
2017/12/13,342.499,28433,0,3,3,347,13.3,0,3,10.5
2017/12/14,341.965,28558,0,4,4,348,14.3,0,4,10.6
2017/12/15,342.696,28405,0,5,5,349,16.1,0,5,14.5
2017/12/16,316.616,25515,1,6,6,350,12.2,1,6,16.7
2017/12/17,295.842,24444,1,7,7,351,8.4,1,7,14.5
2017/12/18,332.083,28210,0,1,1,352,10.2,0,1,11.2
2017/12/19,343.472,28665,0,2,2,353,10,0,2,13.1
2017/12/20,341.1,28082,0,3,3,354,10.5,0,3,13.5
2017/12/21,340.143,28219,0,4,4,355,10.6,0,4,15.5
2017/12/22,338.526,27748,0,5,5,356,14.5,0,5,14.6
2017/12/23,313.562,25193,1,6,6,357,16.7,1,6,14
2017/12/24,294.312,24260,1,7,7,358,14.5,1,7,10.7
2017/12/25,328.296,27939,0,1,1,359,11.2,1,7,12.2
2017/12/26,339.37,28461,0,2,2,360,13.1,0,1,15.2
2017/12/27,337.816,28022,0,3,3,361,13.5,0,3,16.1
2017/12/28,337.879,28229,0,4,4,362,15.5,0,4,16.1
2017/12/29,332.959,27369,0,5,5,363,14.6,0,5,13
2017/12/30,304.18,24718,1,6,6,364,14,1,6,13.4
2017/12/31,282.69,23319,1,7,7,365,10.7,1,7,14.4
2018/1/1,279.707,23638,1,1,7,1,12.2,0,1,13.8
2018/1/2,321.468,27816,0,2,1,2,15.2,0,2,6.5
2018/1/3,334.264,28253,0,3,3,3,16.1,0,3,6.3
2018/1/4,337.945,28757,0,4,4,4,16.1,0,4,6.7
2018/1/5,337.418,28260,0,5,5,5,13,0,5,5.6
2018/1/6,314.58,26062,1,6,6,6,13.4,1,6,7.5
2018/1/7,297.867,25011,1,7,7,7,14.4,1,7,12
2018/1/8,334.839,28801,0,1,1,8,13.8,0,1,15.1
2018/1/9,342.04,28910,0,2,2,9,6.5,0,2,15.6
2018/1/10,338.775,28410,0,3,3,10,6.3,0,3,16.2
2018/1/11,340.962,28583,0,4,4,11,6.7,0,4,16.6
2018/1/12,338.708,28093,0,5,5,12,5.6,0,5,14.7
2018/1/13,313.729,25694,1,6,6,13,7.5,1,6,15
2018/1/14,292.266,24705,1,7,7,14,12,1,7,16
2018/1/15,328.531,28269,0,1,1,15,15.1,0,1,13.6
2018/1/16,337.009,28285,0,2,2,16,15.6,0,2,13.2
2018/1/17,338.646,28340,0,3,3,17,16.2,0,3,12
2018/1/18,343.104,29076,0,4,4,18,16.6,0,4,12.6
2018/1/19,342.217,28467,0,5,5,19,14.7,0,5,11
2018/1/20,316.158,25883,1,6,6,20,15,1,6,12.6
2018/1/21,296.066,24695,1,7,7,21,16,1,7,11.9
2018/1/22,329.891,28264,0,1,1,22,13.6,0,1,7.4
2018/1/23,337.478,28381,0,2,2,23,13.2,0,2,8.7
2018/1/24,337.327,28228,0,3,3,24,12,0,3,11
2018/1/25,339.045,28352,0,4,4,25,12.6,0,4,7.2
2018/1/26,334.841,27537,0,5,5,26,11,0,5,8.1
2018/1/27,310.65,25383,1,6,6,27,12.6,1,6,5.1
2018/1/28,293.956,24535,1,7,7,28,11.9,1,7,4.3
2018/1/29,329.379,28397,0,1,1,29,7.4,0,1,3.3
2018/1/30,341.17,28606,0,2,2,30,8.7,0,2,5
2018/1/31,339.434,28364,0,3,3,31,11,0,3,7
2018/2/1,333.391,28521,0,4,4,32,7.2,0,4,8.3
2018/2/2,334.54,28202,0,5,5,33,8.1,0,5,13.2
2018/2/3,315.291,26353,1,6,6,34,5.1,1,6,12.5
2018/2/4,301.554,26273,1,7,7,35,4.3,1,7,7.5
2018/2/5,336.218,29059,0,1,1,36,3.3,0,1,8.3
2018/2/6,340.349,28510,0,2,2,37,5,0,2,10.2
2018/2/7,343.688,28889,0,3,3,38,7,0,5,13.8
2018/2/8,340.674,28436,0,4,4,39,8.3,1,7,17.9
2018/2/9,336.194,28302,0,5,5,40,13.2,1,7,16.9
2018/2/10,315.4,26015,1,6,6,41,12.5,1,7,12.3
2018/2/11,297.184,25349,1,7,7,42,7.5,1,7,16.8
2018/2/12,319.19,27324,0,1,1,43,8.3,1,7,17.9
2018/2/13,315.526,26300,0,2,2,44,10.2,1,7,15.9
2018/2/14,287.615,23482,0,3,5,45,13.8,0,1,12.6
2018/2/15,251.816,20979,1,4,7,46,17.9,0,4,10.4
2018/2/16,240.98,20759,1,5,7,47,16.9,0,5,11.5
2018/2/17,239.086,20282,1,6,7,48,12.3,1,6,15.4
2018/2/18,242.944,20987,1,7,7,49,16.8,1,7,12.8
2018/2/19,254.426,22071,1,1,7,50,17.9,0,1,11.9
2018/2/20,266.617,23261,1,2,7,51,15.9,0,5,16.2
2018/2/21,302.924,26510,0,3,1,52,12.6,1,7,15.3
2018/2/22,318.767,27283,0,4,4,53,10.4,0,1,17.1
2018/2/23,319.701,27093,0,5,5,54,11.5,0,5,18.6
2018/2/24,302.296,25317,1,6,6,55,15.4,1,6,19.3
2018/2/25,288.796,24690,1,7,7,56,12.8,1,7,20.9
2018/2/26,316.122,27435,0,1,1,57,11.9,0,1,18
2018/2/27,327.071,27818,0,2,5,58,16.2,0,2,12.2
2018/2/28,312.455,26394,1,3,7,59,15.3,0,3,15.3
2018/3/1,338.639,28372,0,4,1,60,17.1,0,4,8.8
2018/3/2,343.1,28143,0,5,5,61,18.6,0,5,7.4
2018/3/3,320.965,26052,1,6,6,62,19.3,1,6,10.7
2018/3/4,306.056,25431,1,7,7,63,20.9,1,7,14
2018/3/5,348.508,29460,0,1,1,64,18,0,1,15.3
2018/3/6,343.751,27989,0,2,2,65,12.2,0,2,16.3
2018/3/7,345.499,28469,0,3,3,66,15.3,0,3,18.1
2018/3/8,342.521,27944,0,4,4,67,8.8,0,4,17.6
2018/3/9,337.21,27617,0,5,5,68,7.4,0,5,15.7
2018/3/10,310.026,24946,1,6,6,69,10.7,1,6,15
2018/3/11,291.992,24245,1,7,7,70,14,1,7,18.6
2018/3/12,329.212,27935,0,1,1,71,15.3,0,1,19.5
2018/3/13,340.495,28418,0,2,2,72,16.3,0,2,15.1
2018/3/14,344.488,28536,0,3,3,73,18.1,0,3,9.4
2018/3/15,348.197,28941,0,4,4,74,17.6,0,4,9.7
2018/3/16,347.496,28620,0,5,5,75,15.7,0,5,13.3
2018/3/17,319.111,25794,1,6,6,76,15,1,6,15.7
2018/3/18,300.646,24808,1,7,7,77,18.6,1,7,17
2018/3/19,342.507,29102,0,1,1,78,19.5,0,1,16.9
2018/3/20,350.863,28823,0,2,2,79,15.1,0,2,16.5
2018/3/21,338.012,27699,0,3,3,80,9.4,0,3,18
2018/3/22,336.485,27982,0,4,4,81,9.7,0,4,19.3
2018/3/23,335.959,27642,0,5,5,82,13.3,0,5,17.9
2018/3/24,310.783,25149,1,6,6,83,15.7,0,5,17.8
2018/3/25,295.048,24573,1,7,7,84,17,1,7,18.8
2018/3/26,334.585,28383,0,1,1,85,16.9,0,1,18.7
2018/3/27,346.188,28602,0,2,2,86,16.5,0,2,18.8
2018/3/28,348.552,28752,0,3,3,87,18,1,6,19.5
2018/3/29,351.558,28983,0,4,4,88,19.3,1,7,20
2018/3/30,349.536,28897,0,5,5,89,17.9,1,7,14.6
2018/3/31,340.3,27845,0,6,5,90,17.8,1,7,9.3
2018/4/1,301.272,25072,1,7,7,91,18.8,1,7,13.8
2018/4/2,340.082,29047,0,1,1,92,18.7,0,1,16.5
2018/4/3,348.138,29267,0,2,2,93,18.8,0,2,18.3
2018/4/4,317.561,26121,1,3,6,94,19.5,0,3,20.8
2018/4/5,300.701,24981,1,4,7,95,20,0,4,21
2018/4/6,299.055,24450,1,5,7,96,14.6,0,5,22.6
2018/4/7,288.839,23940,1,6,7,97,9.3,1,6,21.9
2018/4/8,281.561,23895,1,7,7,98,13.8,1,7,13.9
2018/4/9,325.424,28232,0,1,1,99,16.5,0,1,13.4
2018/4/10,340.376,28728,0,2,2,100,18.3,0,2,12.9
2018/4/11,353.67,30193,0,3,3,101,20.8,0,3,16.1
2018/4/12,363.582,30645,0,4,4,102,21,0,4,18.5
2018/4/13,367.581,31068,0,5,5,103,22.6,0,5,19.6
2018/4/14,344.904,27721,1,6,6,104,21.9,1,6,20.6
2018/4/15,305.745,24630,1,7,7,105,13.9,1,7,22.3
2018/4/16,332.007,28365,0,1,1,106,13.4,0,1,23
2018/4/17,339.878,28399,0,2,2,107,12.9,0,2,19.1
2018/4/18,341.485,28521,0,3,3,108,16.1,0,3,15.9
2018/4/19,350.038,29442,0,4,4,109,18.5,0,4,18.8
2018/4/20,350.586,29380,0,5,5,110,19.6,0,5,18.8
2018/4/21,328.608,26962,1,6,6,111,20.6,1,6,19.7
2018/4/22,314.343,26356,1,7,7,112,22.3,1,7,21.7
2018/4/23,364.944,31487,0,1,1,113,23,0,5,22.1
2018/4/24,368.681,31110,0,2,2,114,19.1,1,6,22.7
2018/4/25,353.394,29570,0,3,3,115,15.9,0,1,23.7
2018/4/26,356.264,29944,0,4,4,116,18.8,0,4,16.5
2018/4/27,358.771,30356,0,5,5,117,18.8,0,5,18.7
2018/4/28,331.936,26835,1,6,6,118,19.7,1,6,21.5
2018/4/29,314.553,26074,1,7,7,119,21.7,1,7,23.1
2018/4/30,353.337,30086,0,1,5,120,22.1,0,1,24.4
2018/5/1,317.89,28665,1,2,6,121,22.7,0,2,20.2
2018/5/2,347.624,32351,0,3,1,122,23.7,0,3,17.3
2018/5/3,337.957,30659,0,4,4,123,16.5,0,4,17.5
2018/5/4,333.49,30638,0,5,5,124,18.7,0,5,20.6
2018/5/5,312.52,27477,1,6,6,125,21.5,1,6,22.3
2018/5/6,302.099,27517,1,7,7,126,23.1,1,7,23.5
2018/5/7,351.128,32762,0,1,1,127,24.4,0,1,23.3
2018/5/8,347.632,31729,0,2,2,128,20.2,0,2,23.5
2018/5/9,332.656,30104,0,3,3,129,17.3,0,3,24.5
2018/5/10,329.666,30174,0,4,4,130,17.5,0,4,25.2
2018/5/11,335.188,30735,0,5,5,131,20.6,0,5,25.4
2018/5/12,313.183,27439,1,6,6,132,22.3,1,6,24.2
2018/5/13,299.166,27088,1,7,7,133,23.5,1,7,24.7
2018/5/14,347.687,32914,0,1,1,134,23.3,0,1,23.6
2018/5/15,362.92,33518,0,2,2,135,23.5,0,2,24
2018/5/16,371.263,34235,0,3,3,136,24.5,0,3,22.2
2018/5/17,377.995,34692,0,4,4,137,25.2,0,4,22.9
2018/5/18,377.045,35061,0,5,5,138,25.4,0,5,24
2018/5/19,347.535,30567,1,6,6,139,24.2,1,6,24.7
2018/5/20,329.814,29607,1,7,7,140,24.7,1,7,25.5
2018/5/21,367.522,34269,0,1,1,141,23.6,0,1,25.1
2018/5/22,376.947,34776,0,2,2,142,24,0,2,25.1
2018/5/23,373.15,34892,0,3,3,143,22.2,0,3,25.4
2018/5/24,368.514,34099,0,4,4,144,22.9,0,4,25.4
2018/5/25,374.971,35023,0,5,5,145,24,0,5,19.9
2018/5/26,347.016,30416,1,6,6,146,24.7,1,6,21.2
2018/5/27,333.156,30287,1,7,7,147,25.5,1,7,22.8
2018/5/28,381.747,36007,0,1,1,148,25.1,0,1,23.9
2018/5/29,391.738,36329,0,2,2,149,25.1,0,2,24.4
2018/5/30,393.897,36771,0,3,3,150,25.4,0,3,24.2
2018/5/31,394.704,36713,0,4,4,151,25.4,0,4,25
2018/6/1,362.036,33549,0,5,5,152,19.9,0,5,24.8
2018/6/2,323.435,29031,1,6,6,153,21.2,1,6,24.1
2018/6/3,311.431,28480,1,7,7,154,22.8,1,7,23.8
2018/6/4,359.97,34478,0,1,1,155,23.9,0,1,21.4
2018/6/5,373.32,35302,0,2,2,156,24.4,0,2,23
2018/6/6,377.702,35802,0,3,3,157,24.2,0,3,22.6
2018/6/7,380.397,35702,0,4,4,158,25,0,4,22.4
2018/6/8,380.466,36102,0,5,5,159,24.8,0,5,21
2018/6/9,351.602,31775,1,6,6,160,24.1,1,6,21
2018/6/10,329.054,29798,1,7,7,161,23.8,1,7,23.2
2018/6/11,353.874,32557,0,1,1,162,21.4,1,7,23.8
2018/6/12,357.799,33517,0,2,2,163,23,0,1,23.6
2018/6/13,361.361,34034,0,3,3,164,22.6,0,3,24.8
2018/6/14,361.363,33737,0,4,4,165,22.4,0,4,24.5
2018/6/15,344.5,31614,0,5,5,166,21,0,5,24.4
2018/6/16,316.803,28619,1,6,6,167,21,1,6,24.3
2018/6/17,301.447,27261,1,7,7,168,23.2,1,7,24.6
2018/6/18,304.701,27948,1,1,7,169,23.8,0,1,25.4
2018/6/19,341.183,32063,0,2,1,170,23.6,0,2,24.9
2018/6/20,348.936,32244,0,3,3,171,24.8,0,3,24.8
2018/6/21,356.063,33176,0,4,4,172,24.5,0,4,25.5
2018/6/22,358.879,33748,0,5,5,173,24.4,0,5,24.6
2018/6/23,333.169,30175,1,6,6,174,24.3,1,6,24.5
2018/6/24,317.328,29174,1,7,7,175,24.6,1,7,24.8
2018/6/25,365.614,35108,0,1,1,176,25.4,0,1,26
2018/6/26,374.644,35259,0,2,2,177,24.9,0,2,25.8
2018/6/27,373.386,35122,0,3,3,178,24.8,0,3,26
2018/6/28,375.443,35448,0,4,4,179,25.5,0,4,25.1
2018/6/29,372.612,34966,0,5,5,180,24.6,0,5,25.8
2018/6/30,340.317,30484,1,6,6,181,24.5,1,6,23.9
2018/7/1,313.525,29016,1,7,7,182,24.8,1,7,24
2018/7/2,346.424,33151,0,1,1,183,26,0,1,25
2018/7/3,356.862,34138,0,2,2,184,25.8,0,2,23.4
2018/7/4,357.222,33744,0,3,3,185,26,0,3,23.5
2018/7/5,354.923,33157,0,4,4,186,25.1,0,4,24.5
2018/7/6,357.425,34306,0,5,5,187,25.8,0,5,25.1
2018/7/7,329.519,30399,1,6,6,188,23.9,1,6,24.8
2018/7/8,308.761,28916,1,7,7,189,24,1,7,24.3
2018/7/9,355.959,34951,0,1,1,190,25,0,1,24.1
2018/7/10,354.522,34753,0,2,2,191,23.4,0,2,25.3
2018/7/11,335.903,31203,0,3,3,192,23.5,0,3,25.1
2018/7/12,360.405,34408,0,4,4,193,24.5,0,4,24.9
2018/7/13,364.861,34990,0,5,5,194,25.1,0,5,24.3
2018/7/14,337.599,31279,1,6,6,195,24.8,1,6,23.2
2018/7/15,316.764,29296,1,7,7,196,24.3,1,7,24
2018/7/16,361.094,35178,0,1,1,197,24.1,0,1,24.2
2018/7/17,376.937,36200,0,2,2,198,25.3,0,2,24.6
2018/7/18,378.892,36460,0,3,3,199,25.1,0,3,24.8
2018/7/19,380.275,36705,0,4,4,200,24.9,0,4,25.5
2018/7/20,372.819,35740,0,5,5,201,24.3,0,5,24.7
2018/7/21,339.94,31327,1,6,6,202,23.2,1,6,25
2018/7/22,318.585,29333,1,7,7,203,24,1,7,25.9
2018/7/23,357.398,34239,0,1,1,204,24.2,0,1,26.2
2018/7/24,370.231,35976,0,2,2,205,24.6,0,2,26.3
2018/7/25,370.374,35901,0,3,3,206,24.8,0,3,26.1
2018/7/26,374.861,35806,0,4,4,207,25.5,0,4,25.4
2018/7/27,372.019,35675,0,5,5,208,24.7,0,5,24.3
2018/7/28,342.027,31376,1,6,6,209,25,1,6,24.5
2018/7/29,325.854,30623,1,7,7,210,25.9,1,7,25.3
2018/7/30,372.879,36318,0,1,1,211,26.2,0,1,25.3
2018/7/31,384.918,36906,0,2,2,212,26.3,0,2,25.1
2018/8/1,392.87,37351,0,3,3,213,26.1,0,3,24.9
2018/8/2,387.28,36122,0,4,4,214,25.4,0,4,24.8
2018/8/3,378.829,36116,0,5,5,215,24.3,0,5,25.1
2018/8/4,345.256,31905,1,6,6,216,24.5,1,6,24.9
2018/8/5,325.95,29660,1,7,7,217,25.3,1,7,23.4
2018/8/6,370.238,36089,0,1,1,218,25.3,0,1,25.2
2018/8/7,380.412,36132,0,2,2,219,25.1,0,2,23.4
2018/8/8,381.473,36191,0,3,3,220,24.9,0,3,24.3
2018/8/9,380.033,35872,0,4,4,221,24.8,0,4,24.7
2018/8/10,379.108,36020,0,5,5,222,25.1,0,5,24.9
2018/8/11,348.954,31721,1,6,6,223,24.9,1,6,24.5
2018/8/12,328.497,30095,1,7,7,224,23.4,1,7,24
2018/8/13,366.276,34739,0,1,1,225,25.2,0,1,23.6
2018/8/14,367.15,34827,0,2,2,226,23.4,0,2,23.9
2018/8/15,362.538,33954,0,3,3,227,24.3,0,3,25.1
2018/8/16,365.157,34368,0,4,4,228,24.7,0,4,24.8
2018/8/17,368.792,35182,0,5,5,229,24.9,0,5,23.2
2018/8/18,337.459,30087,1,6,6,230,24.5,1,6,24.1
2018/8/19,314.262,28654,1,7,7,231,24,1,7,24
2018/8/20,355.196,34375,0,1,1,232,23.6,0,1,23.3
2018/8/21,366.844,34675,0,2,2,233,23.9,0,2,22.8
2018/8/22,368.883,34783,0,3,3,234,25.1,0,3,23
2018/8/23,363.41,34745,0,4,4,235,24.8,0,4,21.9
2018/8/24,331.715,30158,0,5,5,236,23.2,0,5,22.7
2018/8/25,318.785,29174,1,6,6,237,24.1,1,6,23.8
2018/8/26,303.468,28097,1,7,7,238,24,1,7,24.6
2018/8/27,339.164,32329,0,1,1,239,23.3,1,1,24.8
2018/8/28,340.574,31922,0,2,2,240,22.8,0,2,25.7
2018/8/29,341.267,32109,0,3,3,241,23,0,3,24.6
2018/8/30,339.521,31886,0,4,4,242,21.9,0,4,24.7
2018/8/31,340.098,32264,0,5,5,243,22.7,0,5,23.7
2018/9/1,323.766,28928,1,6,6,244,23.8,1,6,22.7
2018/9/2,311.172,28176,1,7,7,245,24.6,1,7,20.6
2018/9/3,356.349,33843,1,1,1,246,24.8,0,1,21
2018/9/4,375.154,35163,0,2,2,247,25.7,0,2,24.1
2018/9/5,380.514,35238,0,3,3,248,24.6,0,3,24.3
2018/9/6,377.006,34890,0,4,4,249,24.7,0,4,24.8
2018/9/7,372.136,34524,0,5,5,250,23.7,0,5,23.9
2018/9/8,334.112,29661,1,6,6,251,22.7,1,6,23.9
2018/9/9,302.999,26810,1,7,7,252,20.6,1,7,24.3
2018/9/10,335.9,31645,0,1,1,253,21,0,1,25.6
2018/9/11,356.845,33276,0,2,2,254,24.1,0,2,25.2
2018/9/12,366.046,34117,0,3,3,255,24.3,0,3,25.1
2018/9/13,370.062,34521,0,4,4,256,24.8,0,4,24.2
2018/9/14,371.851,34631,0,5,5,257,23.9,0,5,24.2
2018/9/15,335.877,29281,1,6,6,258,23.9,1,6,23.7
2018/9/16,318.079,28947,1,7,7,259,24.3,1,7,24.1
2018/9/17,368.839,35098,0,1,1,260,25.6,1,7,21.4
2018/9/18,381.095,35327,0,2,2,261,25.2,0,1,21.4
2018/9/19,379.265,34991,0,3,3,262,25.1,0,3,20.2
2018/9/20,378.609,35019,0,4,4,263,24.2,0,4,20.8
2018/9/21,376.558,34892,0,5,5,264,24.2,0,5,20.5
2018/9/22,342.703,30272,1,6,6,265,23.7,1,6,19.3
2018/9/23,320.887,27876,1,7,7,266,24.1,1,7,19.1
2018/9/24,309.14,27223,1,1,7,267,21.4,0,1,20.3
2018/9/25,347.48,32749,0,2,1,268,21.4,0,2,18.7
2018/9/26,348.654,31949,0,3,3,269,20.2,0,3,18.7
2018/9/27,347.09,31946,0,4,4,270,20.8,0,4,18
2018/9/28,341.958,31510,0,5,5,271,20.5,0,5,19.4
2018/9/29,303.753,26812,1,6,6,272,19.3,1,6,20.3
2018/9/30,283.926,25505,1,7,7,273,19.1,1,7,19.1
2018/10/1,351.846,30707,0,1,1,274,20.3,0,1,19.8
2018/10/2,359.01,30992,0,2,2,275,18.7,0,5,20.2
2018/10/3,356.281,30579,0,3,3,276,18.7,1,6,19
2018/10/4,351.454,29852,0,4,4,277,18,0,1,16.9
2018/10/5,353.136,30375,0,5,5,278,19.4,0,5,15.7
2018/10/6,329.47,27097,1,6,6,279,20.3,1,6,17.2
2018/10/7,310.399,25871,1,7,7,280,19.1,1,7,19.5
2018/10/8,354.458,30873,0,1,1,281,19.8,0,1,20.1
2018/10/9,365.03,31288,0,2,5,282,20.2,0,2,20.1
2018/10/10,333.921,27562,1,3,6,283,19,0,3,17.6
2018/10/11,350.095,29875,0,4,1,284,16.9,0,4,18.1
2018/10/12,344.462,29172,0,5,5,285,15.7,0,5,16.4
2018/10/13,315.851,26162,1,6,6,286,17.2,1,6,17.2
2018/10/14,304.174,25687,1,7,7,287,19.5,1,7,19.1
2018/10/15,351.048,30538,0,1,1,288,20.1,0,1,20.1
2018/10/16,363.656,31462,0,2,2,289,20.1,0,2,19
2018/10/17,354.408,30079,0,3,3,290,17.6,0,3,18.7
2018/10/18,352.926,30097,0,4,4,291,18.1,0,4,20.5
2018/10/19,350.484,29952,0,5,5,292,16.4,0,5,20.6
2018/10/20,319.19,26206,1,6,6,293,17.2,1,6,16.3
2018/10/21,301.962,25377,1,7,7,294,19.1,1,7,15.1
2018/10/22,346.347,30240,0,1,1,295,20.1,0,1,16.2
2018/10/23,357.445,30450,0,2,2,296,19,0,2,17.6
2018/10/24,357.468,30549,0,3,3,297,18.7,0,3,15.6
2018/10/25,360.218,31029,0,4,4,298,20.5,0,4,15.2
2018/10/26,358.892,31014,0,5,5,299,20.6,0,5,18.1
2018/10/27,314.868,25586,1,6,6,300,16.3,1,6,20.2
2018/10/28,288.489,24289,1,7,7,301,15.1,1,7,19.7
2018/10/29,325.975,28439,0,1,1,302,16.2,0,1,20
2018/10/30,339.912,29073,0,2,2,303,17.6,0,2,20.9
2018/10/31,341.147,29060,0,3,3,304,15.6,0,3,21.7
2018/11/1,338.427,28605,0,4,4,305,15.2,0,4,20.5
2018/11/2,341.673,28905,0,5,5,306,18.1,0,5,18.3
2018/11/3,318.748,26486,1,6,6,307,20.2,1,6,19.4
2018/11/4,302.451,25391,1,7,7,308,19.7,1,7,20.1
2018/11/5,345.595,29866,0,1,1,309,20,0,1,19.1
2018/11/6,360.612,30772,0,2,2,310,20.9,0,2,16.4
2018/11/7,363.293,30941,0,3,3,311,21.7,0,3,16.2
2018/11/8,366.131,31419,0,4,4,312,20.5,0,4,18.9
2018/11/9,358.827,30295,0,5,5,313,18.3,0,5,19.7
2018/11/10,325.954,26927,1,6,6,314,19.4,1,6,17.7
2018/11/11,306.277,25556,1,7,7,315,20.1,1,7,20.4
2018/11/12,346.089,29963,0,1,1,316,19.1,0,1,16.4
2018/11/13,351.067,29512,0,2,2,317,16.4,0,2,17.2
2018/11/14,348.102,29437,0,3,3,318,16.2,0,3,19.7
2018/11/15,352.424,29920,0,4,4,319,18.9,0,4,14.2
2018/11/16,354.826,29969,0,5,5,320,19.7,0,5,13.9
2018/11/17,323.609,26630,1,6,6,321,17.7,1,6,17.4
2018/11/18,306.913,25682,1,7,7,322,20.4,1,7,18.2
2018/11/19,340.579,29184,0,1,1,323,16.4,0,1,16
2018/11/20,348.496,29730,0,2,2,324,17.2,0,2,15.8
2018/11/21,353.98,30019,0,3,3,325,19.7,0,3,15
2018/11/22,343.644,28817,0,4,4,326,14.2,0,4,15.5
2018/11/23,337.844,28416,0,5,5,327,13.9,0,5,17.5
2018/11/24,301.231,24811,1,6,6,328,17.4,1,6,18.5
2018/11/25,292.251,24821,1,7,7,329,18.2,1,7,19.4
2018/11/26,330.964,28884,0,1,1,330,16,0,1,19.5
2018/11/27,339.072,29017,0,2,2,331,15.8,0,2,20.1
2018/11/28,339.211,28956,0,3,3,332,15,0,3,17.4
2018/11/29,336.713,28691,0,4,4,333,15.5,0,4,19.4
2018/11/30,337.962,28562,0,5,5,334,17.5,0,5,14
2018/12/1,312.456,25636,1,6,6,335,18.5,1,6,13.5
2018/12/2,295.658,24981,1,7,7,336,19.4,1,7,13.9
2018/12/3,336.661,28963,0,1,1,337,19.5,0,1,17.2
2018/12/4,350.305,29868,0,2,2,338,20.1,0,2,15.9
2018/12/5,350.37,29406,0,3,3,339,17.4,0,3,10.7
2018/12/6,355.156,30019,0,4,4,340,19.4,0,4,12.4
2018/12/7,342.55,28355,0,5,5,341,14,0,5,13.2
2018/12/8,308.049,25188,1,6,6,342,13.5,1,6,14.8
2018/12/9,289.51,24038,1,7,7,343,13.9,1,7,15.7
2018/12/10,331.126,28631,0,1,1,344,17.2,0,1,10.3
2018/12/11,342.354,28683,0,2,2,345,15.9,0,2,12.4
2018/12/12,335.394,28236,0,3,3,346,10.7,0,3,14.9
2018/12/13,336.03,28180,0,4,4,347,12.4,0,4,16.7
2018/12/14,337.91,28184,0,5,5,348,13.2,0,5,17.7
2018/12/15,309.932,25401,1,6,6,349,14.8,0,5,19.1
2018/12/16,293.571,24544,1,7,7,350,15.7,1,7,16.3
2018/12/17,323.984,27835,0,1,1,351,10.3,0,1,13.1
2018/12/18,333.25,28111,0,2,2,352,12.4,0,2,17.7
2018/12/19,336.053,28371,0,3,3,353,14.9,0,3,16.8
2018/12/20,336.419,28520,0,4,4,354,16.7,0,4,12.7
2018/12/21,339.254,28647,0,5,5,355,17.7,0,5,9.7
2018/12/22,330.963,27178,0,6,5,356,19.1,1,6,8.1
2018/12/23,297.123,24509,1,7,7,357,16.3,1,7,10.7
2018/12/24,325.754,27928,0,1,1,358,13.1,1,7,12.2
2018/12/25,340.321,28585,0,2,2,359,17.7,1,7,12.2
2018/12/26,339.702,28463,0,3,3,360,16.8,0,1,13.1
2018/12/27,332.31,27726,0,4,4,361,12.7,0,4,14.8
2018/12/28,322.74,26844,0,5,5,362,9.7,0,5,18.5
2018/12/29,294.146,24309,1,6,6,363,8.1,1,6,16.3
2018/12/30,280.023,23326,1,7,7,364,10.7,1,7,13.9
2018/12/31,277.72,23399,1,1,7,365,12.2,0,1,16.5
2019/1/1,279.87,23872,1,2,7,1,12.2,0,2,15.5
2019/1/2,323.08,28148,0,3,1,2,13.1,0,3,14.2
2019/1/3,336.597,28452,0,4,4,3,14.8,0,4,18.7
2019/1/4,339.02,28490,0,5,5,4,18.5,0,5,18.3
2019/1/5,315.825,26054,1,6,6,5,16.3,1,6,15.5
2019/1/6,295.08,24617,1,7,7,6,13.9,1,7,13.8
2019/1/7,330.919,28536,0,1,1,7,16.5,0,1,14.5
2019/1/8,340.713,28719,0,2,2,8,15.5,0,2,16
2019/1/9,339.42,28641,0,3,3,9,14.2,0,3,12.2
2019/1/10,345.741,29006,0,4,4,10,18.7,0,4,10.7
2019/1/11,345.312,28798,0,5,5,11,18.3,0,5,12.5
2019/1/12,316.377,25905,1,6,6,12,15.5,0,5,14.4
2019/1/13,295.069,24629,1,7,7,13,13.8,1,7,13.3
2019/1/14,330.529,28348,0,1,1,14,14.5,0,1,10.3
2019/1/15,341.979,28887,0,2,2,15,16,0,2,8.8
2019/1/16,338.771,28649,0,3,3,16,12.2,0,3,11
2019/1/17,337.237,28395,0,4,4,17,10.7,0,4,12.3
2019/1/18,333.578,27756,0,5,5,18,12.5,0,5,14.2
2019/1/19,323.444,26477,0,6,5,19,14.4,1,6,9
2019/1/20,293.809,24539,1,7,7,20,13.3,1,7,10.1
2019/1/21,324.539,27739,0,1,1,21,10.3,0,1,13.5
2019/1/22,334.246,28140,0,2,2,22,8.8,0,2,14.7
2019/1/23,333.761,27838,0,3,3,23,11,0,3,16.2
2019/1/24,334.577,27863,0,4,4,24,12.3,0,4,15.2
2019/1/25,332.047,27296,0,5,5,25,14.2,0,5,9.7
2019/1/26,307.745,25282,1,6,6,26,9,1,6,16.5
2019/1/27,291.033,24414,1,7,7,27,10.1,1,7,18.3
2019/1/28,322.911,27557,0,1,1,28,13.5,1,7,13.7
2019/1/29,331.844,27858,0,2,2,29,14.7,1,7,14.4
2019/1/30,331.523,27760,0,3,3,30,16.2,1,7,17.3
2019/1/31,326.577,27181,0,4,4,31,15.2,1,7,18.3
2019/2/1,301.346,24709,0,5,5,32,9.7,1,7,12.8
2019/2/2,278.967,23382,1,6,6,33,16.5,1,6,12
2019/2/3,267.929,22915,1,7,7,34,18.3,1,7,14
2019/2/4,246.263,20214,1,1,7,35,13.7,0,1,12.6
2019/2/5,235.887,19992,1,2,7,36,14.4,0,2,17.1
2019/2/6,237.257,19936,1,3,7,37,17.3,0,3,15.1
2019/2/7,243.67,20938,1,4,7,38,18.3,0,4,15.5
2019/2/8,253.768,21581,1,5,7,39,12.8,0,5,17.4
2019/2/9,262.905,22436,1,6,6,40,12,1,6,13.8
2019/2/10,268.156,23236,1,7,7,41,14,1,7,12.3
2019/2/11,308.329,26667,0,1,1,42,12.6,0,1,16.4
2019/2/12,327.839,27768,0,2,2,43,17.1,0,2,18.4
2019/2/13,333.045,27699,0,3,3,44,15.1,0,3,19.5
2019/2/14,335.846,28250,0,4,4,45,15.5,0,4,17.8
2019/2/15,337.226,28262,0,5,5,46,17.4,0,5,13.7
2019/2/16,311.235,25432,1,6,6,47,13.8,0,5,9.4
2019/2/17,289.13,24343,1,7,7,48,12.3,1,7,11.8
2019/2/18,330.202,28645,0,1,1,49,16.4,0,1,12.9
2019/2/19,342.868,28876,0,2,2,50,18.4,0,2,14.2
2019/2/20,346.477,29078,0,3,3,51,19.5,0,5,16.3
2019/2/21,346.271,28912,0,4,4,52,17.8,1,7,14.8
2019/2/22,340.97,28420,0,5,5,53,13.7,1,7,16.2
2019/2/23,324.355,26723,0,6,5,54,9.4,1,6,18.5
2019/2/24,294.814,24694,1,7,7,55,11.8,1,7,15.3
2019/2/25,326.311,28084,0,1,1,56,12.9,0,1,13.3
2019/2/26,336.45,28390,0,2,2,57,14.2,0,2,15.1
2019/2/27,336.677,28013,0,3,5,58,16.3,0,3,13.7
2019/2/28,310.838,25472,1,4,7,59,14.8,0,4,8.9
2019/3/1,299.202,24689,1,5,7,60,16.2,0,5,11.5
2019/3/2,296.127,24734,1,6,6,61,18.5,1,6,15.1
2019/3/3,288.39,24102,1,7,7,62,15.3,1,7,13.2
2019/3/4,322.631,27688,0,1,1,63,13.3,0,1,12.1
2019/3/5,336.545,28241,0,2,2,64,15.1,0,2,15.7
2019/3/6,337.025,28032,0,3,3,65,13.7,0,3,16
2019/3/7,336.383,28147,0,4,4,66,8.9,0,4,15.5
2019/3/8,335.859,27951,0,5,5,67,11.5,0,5,12.1
2019/3/9,314.352,25870,1,6,6,68,15.1,1,6,13.6
2019/3/10,295.376,24801,1,7,7,69,13.2,1,7,15.7
2019/3/11,326.54,27730,0,1,1,70,12.1,0,1,17.1
2019/3/12,334.596,27936,0,2,2,71,15.7,0,2,17.2
2019/3/13,337.439,28145,0,3,3,72,16,0,3,20.3
2019/3/14,338.919,28417,0,4,4,73,15.5,0,4,22.3
2019/3/15,335.598,27757,0,5,5,74,12.1,0,5,16.2
2019/3/16,309.487,25318,1,6,6,75,13.6,1,6,10.6
2019/3/17,291.782,24681,1,7,7,76,15.7,1,7,12.8
2019/3/18,331.873,28338,0,1,1,77,17.1,0,1,15.4
2019/3/19,345.332,28882,0,2,2,78,17.2,0,2,15.7
2019/3/20,351.897,29645,0,3,3,79,20.3,0,3,18.3
2019/3/21,358.451,30343,0,4,4,80,22.3,0,4,21.1
2019/3/22,352.322,29618,0,5,5,81,16.2,0,5,19.5
2019/3/23,312.816,25265,1,6,6,82,10.6,1,6,16.2
2019/3/24,294.599,24812,1,7,7,83,12.8,1,7,13.6
2019/3/25,333.343,28535,0,1,1,84,15.4,0,1,11.8
2019/3/26,342.917,28756,0,2,2,85,15.7,0,2,15.3
2019/3/27,348.038,29140,0,3,3,86,18.3,0,5,16.2
2019/3/28,356.775,30093,0,4,4,87,21.1,1,7,19.8
2019/3/29,354.27,29673,0,5,5,88,19.5,1,7,17.8
2019/3/30,317.793,25810,1,6,6,89,16.2,1,6,18.6
2019/3/31,296.502,24466,1,7,7,90,13.6,1,7,20.5
2019/4/1,322.237,27842,0,1,1,91,11.8,0,1,21.9
2019/4/2,332.233,28359,0,2,2,92,15.3,0,2,22.3
2019/4/3,334.523,28483,0,3,5,93,16.2,0,3,21.1
2019/4/4,308.423,25663,1,4,7,94,19.8,0,4,17.4
2019/4/5,289.731,24542,1,5,7,95,17.8,0,5,14.5
2019/4/6,291.974,24966,1,6,6,96,18.6,1,6,17.5
2019/4/7,292.531,25240,1,7,7,97,20.5,1,7,18
2019/4/8,343.332,30399,0,1,1,98,21.9,0,1,15.3
2019/4/9,361.969,31532,0,2,2,99,22.3,0,2,16.3
2019/4/10,363.597,31709,0,3,3,100,21.1,0,3,17.5
2019/4/11,353.842,30541,0,4,4,101,17.4,0,4,20.3
2019/4/12,341.524,29035,0,5,5,102,14.5,0,5,20.2
2019/4/13,318.247,26446,1,6,6,103,17.5,1,6,20.7
2019/4/14,302.953,25537,1,7,7,104,18,1,7,21.6
2019/4/15,331.727,28749,0,1,1,105,15.3,0,1,23.2
2019/4/16,339.368,29017,0,2,2,106,16.3,0,2,23.5
2019/4/17,343.38,29565,0,3,3,107,17.5,0,3,23.8
2019/4/18,350.574,30335,0,4,4,108,20.3,0,4,23.6
2019/4/19,351.817,30748,0,5,5,109,20.2,0,5,21.7
2019/4/20,322.525,26910,1,6,6,110,20.7,1,6,19.1
2019/4/21,308.722,26306,1,7,7,111,21.6,1,7,21.2
2019/4/22,358.61,31955,0,1,1,112,23.2,0,1,22.4
2019/4/23,375.742,33181,0,2,2,113,23.5,0,5,22.8
2019/4/24,380.015,33263,0,3,3,114,23.8,1,6,17
2019/4/25,380.781,33134,0,4,4,115,23.6,0,1,15.7
2019/4/26,376.868,32664,0,5,5,116,21.7,0,5,17.1
2019/4/27,336.58,27376,1,6,6,117,19.1,1,6,18.2
2019/4/28,317.806,26948,1,7,7,118,21.2,1,7,19.6
2019/4/29,367.385,32847,0,1,1,119,22.4,0,1,16.7
2019/4/30,378.092,33099,0,2,5,120,22.8,0,2,14.5
2019/5/1,324.099,26826,1,3,6,121,17,0,3,17.7
2019/5/2,332.184,28690,0,4,1,122,15.7,0,4,18
2019/5/3,329.559,28315,0,5,5,123,17.1,0,5,19
2019/5/4,305.945,25819,1,6,6,124,18.2,1,6,21.7
2019/5/5,293.362,25336,1,7,7,125,19.6,1,7,22.7
2019/5/6,327.298,28615,0,1,1,126,16.7,0,1,23.5
2019/5/7,330.933,28472,0,2,2,127,14.5,0,2,22.5
2019/5/8,335.394,28968,0,3,3,128,17.7,0,3,22.9
2019/5/9,339.614,29229,0,4,4,129,18,0,4,23.7
2019/5/10,341.478,29571,0,5,5,130,19,0,5,22.6
2019/5/11,317.072,26576,1,6,6,131,21.7,1,6,23.7
2019/5/12,306.971,26484,1,7,7,132,22.7,1,7,24.6
2019/5/13,358.075,32135,0,1,1,133,23.5,0,1,20.2
2019/5/14,374.205,33144,0,2,2,134,22.5,0,2,17.7
2019/5/15,377.077,32896,0,3,3,135,22.9,0,3,18.6
2019/5/16,383.442,33307,0,4,4,136,23.7,0,4,19.5
2019/5/17,377.138,32316,0,5,5,137,22.6,0,5,21.9
2019/5/18,353.717,29523,1,6,6,138,23.7,1,6,22.3
2019/5/19,337.522,28977,1,7,7,139,24.6,1,7,22.5
2019/5/20,361.999,32213,0,1,1,140,20.2,0,1,23
2019/5/21,348.55,29978,0,2,2,141,17.7,0,2,20.4
2019/5/22,349.088,30150,0,3,3,142,18.6,0,3,17.4
2019/5/23,350.178,30430,0,4,4,143,19.5,0,4,22.1
2019/5/24,358.174,31548,0,5,5,144,21.9,0,5,23.9
2019/5/25,333.172,27810,1,6,6,145,22.3,1,6,23.4
2019/5/26,320.712,27905,1,7,7,146,22.5,1,7,24.4
2019/5/27,367.428,32521,0,1,1,147,23,0,1,23.5
2019/5/28,369.604,32242,0,2,2,148,20.4,0,2,23.3
2019/5/29,352.744,30319,0,3,3,149,17.4,0,3,23.9
2019/5/30,364.057,32116,0,4,4,150,22.1,0,5,25
2019/5/31,374.886,32971,0,5,5,151,23.9,1,7,25.3
2019/6/1,321.919,28860,1,6,6,152,23.4,1,6,25
2019/6/2,309.668,28856,1,7,7,153,24.4,1,7,25.4
2019/6/3,348.832,32958,0,1,1,154,23.5,0,1,23.7
2019/6/4,350.46,32409,0,2,2,155,23.3,0,2,21.5
2019/6/5,358.025,33916,0,3,3,156,23.9,0,3,20.4
2019/6/6,367.088,34889,0,4,5,157,25,0,4,21.7
2019/6/7,334.604,30068,1,5,7,158,25.3,0,5,20.2
2019/6/8,323.667,29548,1,6,6,159,25,1,6,20.6
2019/6/9,317.096,29408,1,7,7,160,25.4,1,7,23.5
2019/6/10,350.141,33355,0,1,1,161,23.7,0,1,24
2019/6/11,346.883,32126,0,2,2,162,21.5,0,2,25.3
2019/6/12,338.179,31095,0,3,3,163,20.4,0,3,26.2
2019/6/13,340.793,31680,0,4,4,164,21.7,0,4,26.3
2019/6/14,335.714,30877,0,5,5,165,20.2,0,5,26.1
2019/6/15,307.399,27686,1,6,6,166,20.6,1,6,24.8
2019/6/16,299.822,27673,1,7,7,167,23.5,1,7,22.3
2019/6/17,348.695,33703,0,1,1,168,24,0,1,21.7
2019/6/18,368.608,34739,0,2,2,169,25.3,0,2,22.7
2019/6/19,377.364,35601,0,3,3,170,26.2,0,3,23.3
2019/6/20,384.09,35959,0,4,4,171,26.3,0,4,23.8
2019/6/21,382.262,35928,0,5,5,172,26.1,0,5,25.4
2019/6/22,349.223,30923,1,6,6,173,24.8,1,6,25.9
2019/6/23,317.445,28305,1,7,7,174,22.3,1,7,25.7
2019/6/24,339.907,31688,0,1,1,175,21.7,0,1,25.9
2019/6/25,351.381,33290,0,2,2,176,22.7,0,2,24.9
2019/6/26,350.162,32816,0,3,3,177,23.3,0,3,24.4
2019/6/27,356.885,33465,0,4,4,178,23.8,0,4,25.3
2019/6/28,366.75,34963,0,5,5,179,25.4,0,5,25.7
2019/6/29,342.722,30553,1,6,6,180,25.9,1,6,25.4
2019/6/30,327.882,30083,1,7,7,181,25.7,1,7,25.7
2019/7/1,355.35,35215,0,1,1,182,25.9,0,1,25.5
2019/7/2,359.015,35052,0,2,2,183,24.9,0,2,25.6
2019/7/3,348.871,33953,0,3,3,184,24.4,0,3,26.1
2019/7/4,352.368,34157,0,4,4,185,25.3,0,4,24.7
2019/7/5,350.28,33853,0,5,5,186,25.7,0,5,24.8
2019/7/6,322.884,30014,1,6,6,187,25.4,1,6,25.6
2019/7/7,312.81,29965,1,7,7,188,25.7,1,7,25.3
2019/7/8,354.286,35166,0,1,1,189,25.5,0,1,25.2
2019/7/9,360.449,34886,0,2,2,190,25.6,0,2,25.4
2019/7/10,363.084,35267,0,3,3,191,26.1,0,3,25.1
2019/7/11,359.087,34564,0,4,4,192,24.7,0,4,24.1
2019/7/12,360.127,35638,0,5,5,193,24.8,0,5,25.5
2019/7/13,334.682,31353,1,6,6,194,25.6,1,6,25.7
2019/7/14,321.452,30941,1,7,7,195,25.3,1,7,24.5
2019/7/15,364.893,36261,0,1,1,196,25.2,0,1,23.3
2019/7/16,376.816,36926,0,2,2,197,25.4,0,2,23.3
2019/7/17,381.033,37383,0,3,3,198,25.1,0,3,25
2019/7/18,373.161,35922,0,4,4,199,24.1,0,4,25.6
2019/7/19,364.325,35484,0,5,5,200,25.5,0,5,25.7
2019/7/20,329.563,30618,1,6,6,201,25.7,1,6,25.2
2019/7/21,311.096,29604,1,7,7,202,24.5,1,7,24.8
2019/7/22,345.826,34488,0,1,1,203,23.3,0,1,25.2
2019/7/23,354.659,35004,0,2,2,204,23.3,0,2,25.6
2019/7/24,360.731,35571,0,3,3,205,25,0,3,26
2019/7/25,367.923,35955,0,4,4,206,25.6,0,4,25.8
2019/7/26,369.37,36523,0,5,5,207,25.7,0,5,24.7
2019/7/27,333.98,31207,1,6,6,208,25.2,1,6,25
2019/7/28,312.766,29654,1,7,7,209,24.8,1,7,26.4
2019/7/29,357.657,35554,0,1,1,210,25.2,0,1,25.4
2019/7/30,372.518,36647,0,2,2,211,25.6,0,2,24.7
2019/7/31,374.623,36807,0,3,3,212,26,0,3,24.4
2019/8/1,375.41,36482,0,4,4,213,25.8,0,4,24.4
2019/8/2,365.826,35775,0,5,5,214,24.7,0,5,23.9
2019/8/3,335.586,31045,1,6,6,215,25,1,6,27.2
2019/8/4,328.514,31333,1,7,7,216,26.4,1,7,26.3
2019/8/5,371.635,36721,0,1,1,217,25.4,0,1,24.8
2019/8/6,374.848,36386,0,2,2,218,24.7,0,2,26
2019/8/7,374.025,36067,0,3,3,219,24.4,0,3,26.2
2019/8/8,371.513,36331,0,4,4,220,24.4,0,4,25.6
2019/8/9,336.511,30740,0,5,5,221,23.9,0,5,25.1
2019/8/10,338.342,31478,1,6,6,222,27.2,1,6,26.1
2019/8/11,328.236,31064,1,7,7,223,26.3,1,7,24.2
2019/8/12,357.815,34479,0,1,1,224,24.8,0,1,22.8
2019/8/13,357.298,33906,0,2,2,225,26,0,2,23.8
2019/8/14,369.086,36100,0,3,3,226,26.2,0,3,23.7
2019/8/15,364.341,34275,0,4,4,227,25.6,0,4,24.9
2019/8/16,357.62,34379,0,5,5,228,25.1,0,5,25
2019/8/17,330.097,30424,1,6,6,229,26.1,1,6,23.8
2019/8/18,307.806,28616,1,7,7,230,24.2,1,7,25
2019/8/19,337.203,32954,0,1,1,231,22.8,0,1,24.8
2019/8/20,343.997,33328,0,2,2,232,23.8,0,2,25.4
2019/8/21,347.032,33542,0,3,3,233,23.7,0,3,26.3
2019/8/22,357.805,34983,0,4,4,234,24.9,0,4,26
2019/8/23,362.903,35157,0,5,5,235,25,0,5,24.1
2019/8/24,321.683,28996,1,6,6,236,23.8,1,6,25.3
2019/8/25,305.622,28990,1,7,7,237,25,1,7,25.9
2019/8/26,352.365,35049,0,1,1,238,24.8,0,1,25.6
2019/8/27,363.805,35593,0,2,2,239,25.4,1,2,24.8
2019/8/28,371.723,36507,0,3,3,240,26.3,0,3,22.8
2019/8/29,374.813,36368,0,4,4,241,26,0,4,22.3
2019/8/30,359.782,34613,0,5,5,242,24.1,0,5,23.9
2019/8/31,329.676,30636,1,6,6,243,25.3,1,6,24.3
2019/9/1,332.912,29629,1,7,7,244,25.9,1,7,23.5
2019/9/2,374.997,35383,0,1,1,245,25.6,0,1,23.6
2019/9/3,382.283,35469,1,2,2,246,24.8,0,2,24.6
2019/9/4,369.469,33717,0,3,3,247,22.8,0,3,25.5
2019/9/5,363.107,33277,0,4,4,248,22.3,0,5,24.5
2019/9/6,365.96,34200,0,5,5,249,23.9,1,7,24.3
2019/9/7,339.934,30088,1,6,6,250,24.3,1,6,23.4
2019/9/8,323.579,29047,1,7,7,251,23.5,1,7,22.1
2019/9/9,364.627,34357,0,1,1,252,23.6,0,1,21.8
2019/9/10,375.452,34664,0,2,2,253,24.6,0,2,21.7
2019/9/11,379.44,35341,0,3,3,254,25.5,0,3,20.9
2019/9/12,379.549,35264,0,4,5,255,24.5,0,4,20.2
2019/9/13,336.406,29375,1,5,7,256,24.3,0,5,19.2
2019/9/14,324.443,28676,1,6,6,257,23.4,1,6,18.4
2019/9/15,315.099,28191,1,7,7,258,22.1,1,7,19.5
2019/9/16,353.608,33228,0,1,1,259,21.8,0,1,19.9
2019/9/17,358.369,32961,0,2,2,260,21.7,0,2,19.5
2019/9/18,353.586,32428,0,3,3,261,20.9,0,3,20
2019/9/19,345.22,31508,0,4,4,262,20.2,0,4,20.7
2019/9/20,335.219,30594,0,5,5,263,19.2,0,5,21.3
2019/9/21,299.075,26460,1,6,6,264,18.4,1,6,22.1
2019/9/22,285.911,25836,1,7,7,265,19.5,1,7,22.9
2019/9/23,322.52,29947,0,1,1,266,19.9,0,1,21.5
2019/9/24,331.081,30106,0,2,2,267,19.5,0,2,22.7
2019/9/25,333.252,30709,0,3,3,268,20,0,3,24.5
2019/9/26,339.548,31162,0,4,4,269,20.7,0,4,23.4
2019/9/27,342.488,31255,0,5,5,270,21.3,0,5,23.1
2019/9/28,317.598,28161,1,6,6,271,22.1,1,6,23.2
2019/9/29,306.994,27926,1,7,7,272,22.9,1,7,22.5
2019/9/30,317.882,28505,0,1,1,273,21.5,0,1,22.9
2019/10/1,354.88,31917,,,,,,,,
2019/10/2,370.298,33316,,,,,,,,
2019/10/3,376.725,33699,,,,,,,,
2019/10/4,375.175,33670,,,,,,,,
2019/10/5,365.06,32451,,,,,,,,
2019/10/6,328.143,28030,,,,,,,,
2019/10/7,366.325,32889,,,,,,,,
2019/10/8,372.984,32938,,,,,,,,
2019/10/9,365.062,32345,,,,,,,,
2019/10/10,327.782,27817,,,,,,,,
2019/10/11,317.045,27177,,,,,,,,
2019/10/12,315.235,26962,,,,,,,,
2019/10/13,306.186,26364,,,,,,,,
2019/10/14,343.019,30884,,,,,,,,
2019/10/15,347.02,30530,,,,,,,,
2019/10/16,344.907,30329,,,,,,,,
2019/10/17,344.383,30179,,,,,,,,
2019/10/18,340.092,30172,,,,,,,,
2019/10/19,310.783,26430,,,,,,,,
2019/10/20,290.594,25233,,,,,,,,
2019/10/21,327.845,29219,,,,,,,,
2019/10/22,339.681,30037,,,,,,,,
2019/10/23,344.323,30286,,,,,,,,
2019/10/24,344.324,30343,,,,,,,,
2019/10/25,340.919,30131,,,,,,,,
2019/10/26,310.311,26498,,,,,,,,
2019/10/27,295.766,25725,,,,,,,,
2019/10/28,336.028,30207,,,,,,,,
2019/10/29,337.427,29624,,,,,,,,
2019/10/30,336.649,29714,,,,,,,,
2019/10/31,341.334,30080,,,,,,,,
2019/11/1,359.556,30331,,,,,,,,
2019/11/2,328.053,26705,,,,,,,,
2019/11/3,310.473,25745,,,,,,,,
2019/11/4,341.514,29192,,,,,,,,
2019/11/5,350.144,29247,,,,,,,,
2019/11/6,350.626,29422,,,,,,,,
2019/11/7,353.183,29601,,,,,,,,
2019/11/8,347.696,28900,,,,,,,,
2019/11/9,313.198,25900,,,,,,,,
2019/11/10,296.104,24716,,,,,,,,
2019/11/11,334.358,28620,,,,,,,,
2019/11/12,347.576,29305,,,,,,,,
2019/11/13,349.495,29360,,,,,,,,
2019/11/14,346.041,28953,,,,,,,,
2019/11/15,344.059,28764,,,,,,,,
2019/11/16,318.671,26075,,,,,,,,
2019/11/17,302.681,25366,,,,,,,,
2019/11/18,342.497,29306,,,,,,,,
2019/11/19,342.747,28743,,,,,,,,
2019/11/20,344.345,28935,,,,,,,,
2019/11/21,348.832,29520,,,,,,,,
2019/11/22,351.87,29500,,,,,,,,
2019/11/23,325.455,26796,,,,,,,,
2019/11/24,308.015,25584,,,,,,,,
2019/11/25,343.324,29340,,,,,,,,
2019/11/26,348.481,29285,,,,,,,,
2019/11/27,349.893,29312,,,,,,,,
2019/11/28,344.401,28610,,,,,,,,
2019/11/29,338.051,28472,,,,,,,,
2019/11/30,313.929,25855,,,,,,,,
2019/12/1,298.917,24836,,,,,,,,
2019/12/2,328.835,27936,,,,,,,,
2019/12/3,336.063,28157,,,,,,,,
2019/12/4,339.151,28474,,,,,,,,
2019/12/5,344.524,28706,,,,,,,,
2019/12/6,344.771,28563,,,,,,,,
2019/12/7,316.754,25824,,,,,,,,
2019/12/8,296.992,24750,,,,,,,,
2019/12/9,330.054,28207,,,,,,,,
2019/12/10,340.414,28456,,,,,,,,
2019/12/11,341.15,28397,,,,,,,,
2019/12/12,341.254,28422,,,,,,,,
2019/12/13,340.4,28370,,,,,,,,
2019/12/14,313.266,25676,,,,,,,,
2019/12/15,296.56,24717,,,,,,,,
2019/12/16,334.124,28851,,,,,,,,
2019/12/17,346.312,29234,,,,,,,,
2019/12/18,347.84,29085,,,,,,,,
2019/12/19,346.812,28952,,,,,,,,
2019/12/20,343.657,28581,,,,,,,,
2019/12/21,321.162,26352,,,,,,,,
2019/12/22,302.559,25115,,,,,,,,
2019/12/23,334.96,28787,,,,,,,,
2019/12/24,344.747,28996,,,,,,,,
2019/12/25,344.856,28965,,,,,,,,
2019/12/26,346.797,28955,,,,,,,,
2019/12/27,334.764,27867,,,,,,,,
2019/12/28,309.873,25349,,,,,,,,
2019/12/29,298.156,24989,,,,,,,,
2019/12/30,328.977,27991,,,,,,,,
2019/12/31,327.624,27364,,,,,,,,
