Date,kW,PeakLoad(MW),isHoliday,week,week_update,dayOfYear,Temp_Taipei,PeakLoad(MW)_shift7,isHoliday_shift7,weekUpdate_shift7,Temp_Taipei_shift7
2016-01-01,263.79900000000004,23038,1.0,5,7,1,14.6,26400.0,0.0,5.0,12.0
2016-01-02,261.975,23209,1.0,6,6,2,15.7,24308.0,1.0,6.0,12.1
2016-01-03,266.16700000000003,23686,1.0,7,7,3,16.0,23490.0,1.0,7.0,16.2
2016-01-04,302.2270000000001,27518,0.0,1,1,4,17.7,27207.0,0.0,1.0,13.5
2016-01-05,313.328,27635,0.0,2,2,5,17.8,26747.0,0.0,2.0,11.4
2016-01-06,311.1740000000001,27278,0.0,3,3,6,14.4,26951.0,0.0,3.0,9.5
2016-01-07,307.244,27210,0.0,4,4,7,12.6,26898.0,0.0,4.0,9.8
2016-01-08,304.0490000000001,26400,0.0,5,5,8,12.0,26797.0,0.0,5.0,11.7
2016-01-09,282.141,24308,1.0,6,6,9,12.1,23911.0,1.0,6.0,14.2
2016-01-10,267.17,23490,1.0,7,7,10,16.2,23956.0,1.0,7.0,13.6
2016-01-11,302.529,27207,0.0,1,1,11,13.5,26443.0,0.0,1.0,9.5
2016-01-12,304.97,26747,0.0,2,2,12,11.4,26937.0,0.0,2.0,8.9
2016-01-13,307.894,26951,0.0,3,3,13,9.5,27038.0,0.0,3.0,10.8
2016-01-14,307.045,26898,0.0,4,4,14,9.8,27091.0,0.0,4.0,12.8
2016-01-15,307.694,26797,0.0,5,5,15,11.7,26563.0,0.0,5.0,11.3
2016-01-16,275.077,23911,1.0,6,6,16,14.2,24997.0,1.0,6.0,5.7
2016-01-17,271.721,23956,1.0,7,7,17,13.6,25062.0,1.0,7.0,-0.4
2016-01-18,295.183,26443,0.0,1,1,18,9.5,27089.0,0.0,1.0,1.9
2016-01-19,305.449,26937,0.0,2,2,19,8.9,26595.0,0.0,2.0,10.2
2016-01-20,307.466,27038,0.0,3,3,20,10.8,26946.0,0.0,3.0,14.8
2016-01-21,309.751,27091,0.0,4,4,21,12.8,27249.0,0.0,4.0,15.6
2016-01-22,307.307,26563,0.0,5,5,22,11.3,26931.0,0.0,5.0,14.4
2016-01-23,290.329,24997,1.0,6,6,23,5.7,25706.0,0.0,5.0,11.9
2016-01-24,280.777,25062,1.0,7,7,24,-0.4,23620.0,1.0,7.0,13.0
2016-01-25,305.607,27089,0.0,1,1,25,1.9,26578.0,0.0,1.0,9.5
2016-01-26,308.178,26595,0.0,2,2,26,10.2,26843.0,0.0,2.0,7.8
2016-01-27,310.592,26946,0.0,3,3,27,14.8,26603.0,0.0,3.0,10.1
2016-01-28,311.606,27249,0.0,4,4,28,15.6,25990.0,0.0,4.0,13.3
2016-01-29,311.922,26931,0.0,5,5,29,14.4,23766.0,0.0,5.0,10.3
2016-01-30,301.401,25706,0.0,6,5,30,11.9,21847.0,1.0,6.0,5.9
2016-01-31,271.86,23620,1.0,7,7,31,13.0,19544.0,1.0,7.0,6.1
2016-02-01,294.448,26578,0.0,1,1,32,9.5,19297.0,1.0,7.0,9.3
2016-02-02,302.971,26843,0.0,2,2,33,7.8,19097.0,1.0,7.0,13.5
2016-02-03,300.85,26603,0.0,3,3,34,10.1,19431.0,1.0,7.0,16.1
2016-02-04,295.411,25990,0.0,4,4,35,13.3,20515.0,1.0,7.0,17.4
2016-02-05,276.526,23766,0.0,5,5,36,10.3,22169.0,1.0,7.0,18.9
2016-02-06,247.058,21847,1.0,6,6,37,5.9,22303.0,1.0,6.0,20.3
2016-02-07,222.883,19544,1.0,7,7,38,6.1,22334.0,1.0,7.0,12.9
2016-02-08,213.54,19297,1.0,1,7,39,9.3,25509.0,0.0,1.0,5.5
2016-02-09,212.242,19097,1.0,2,7,40,13.5,26477.0,0.0,2.0,7.4
2016-02-10,215.612,19431,1.0,3,7,41,16.1,26608.0,0.0,3.0,9.0
2016-02-11,225.185,20515,1.0,4,7,42,17.4,26740.0,0.0,4.0,12.7
2016-02-12,240.902,22169,1.0,5,7,43,18.9,26526.0,0.0,5.0,13.3
2016-02-13,245.255,22303,1.0,6,6,44,20.3,24647.0,1.0,6.0,9.0
2016-02-14,248.261,22334,1.0,7,7,45,12.9,23892.0,1.0,7.0,10.2
2016-02-15,280.218,25509,0.0,1,1,46,5.5,26406.0,0.0,1.0,14.4
2016-02-16,297.046,26477,0.0,2,2,47,7.4,26790.0,0.0,2.0,10.3
2016-02-17,299.98,26608,0.0,3,3,48,9.0,26917.0,0.0,3.0,8.8
2016-02-18,301.153,26740,0.0,4,4,49,12.7,26971.0,0.0,4.0,9.2
2016-02-19,301.254,26526,0.0,5,5,50,13.3,26706.0,0.0,5.0,10.5
2016-02-20,283.875,24647,1.0,6,6,51,9.0,24411.0,1.0,6.0,12.1
2016-02-21,267.842,23892,1.0,7,7,52,10.2,22926.0,1.0,7.0,14.5
2016-02-22,294.557,26406,0.0,1,1,53,14.4,23504.0,1.0,7.0,10.5
2016-02-23,302.147,26790,0.0,2,2,54,10.3,26354.0,0.0,1.0,9.7
2016-02-24,305.394,26917,0.0,3,3,55,8.8,26497.0,0.0,3.0,13.2
2016-02-25,305.884,26971,0.0,4,4,56,9.2,26646.0,0.0,4.0,14.7
2016-02-26,304.191,26706,0.0,5,5,57,10.5,26427.0,0.0,5.0,17.0
2016-02-27,281.829,24411,1.0,6,6,58,12.1,24470.0,1.0,6.0,18.8
2016-02-28,260.066,22926,1.0,7,7,59,14.5,23542.0,1.0,7.0,18.3
2016-02-29,264.255,23504,1.0,1,7,60,10.5,27304.0,0.0,1.0,18.5
2016-03-01,298.613,26354,0.0,2,1,61,9.7,27654.0,0.0,2.0,19.0
2016-03-02,304.836,26497,0.0,3,3,62,13.2,26907.0,0.0,3.0,13.2
2016-03-03,306.628,26646,0.0,4,4,63,14.7,26784.0,0.0,4.0,8.1
2016-03-04,307.474,26427,0.0,5,5,64,17.0,26528.0,0.0,5.0,7.7
2016-03-05,288.564,24470,1.0,6,6,65,18.8,24511.0,1.0,6.0,11.6
2016-03-06,271.407,23542,1.0,7,7,66,18.3,24224.0,1.0,7.0,14.5
2016-03-07,307.043,27304,0.0,1,1,67,18.5,26676.0,0.0,1.0,9.0
2016-03-08,319.805,27654,0.0,2,2,68,19.0,27319.0,0.0,2.0,10.3
2016-03-09,317.2940000000001,26907,0.0,3,3,69,13.2,27042.0,0.0,3.0,13.2
2016-03-10,314.376,26784,0.0,4,4,70,8.1,27370.0,0.0,4.0,16.7
2016-03-11,311.391,26528,0.0,5,5,71,7.7,27816.0,0.0,5.0,18.4
2016-03-12,292.173,24511,1.0,6,6,72,11.6,25529.0,1.0,6.0,17.3
2016-03-13,277.22700000000003,24224,1.0,7,7,73,14.5,24119.0,1.0,7.0,14.8
2016-03-14,304.216,26676,0.0,1,1,74,9.0,27353.0,0.0,1.0,14.0
2016-03-15,315.782,27319,0.0,2,2,75,10.3,27449.0,0.0,2.0,16.6
2016-03-16,315.692,27042,0.0,3,3,76,13.2,27273.0,0.0,3.0,14.0
2016-03-17,316.612,27370,0.0,4,4,77,16.7,27102.0,0.0,4.0,7.7
2016-03-18,322.942,27816,0.0,5,5,78,18.4,26600.0,0.0,5.0,7.1
2016-03-19,304.993,25529,1.0,6,6,79,17.3,24112.0,1.0,6.0,8.6
2016-03-20,281.437,24119,1.0,7,7,80,14.8,23701.0,1.0,7.0,8.9
2016-03-21,309.5440000000001,27353,0.0,1,1,81,14.0,26145.0,0.0,1.0,11.1
2016-03-22,317.491,27449,0.0,2,2,82,16.6,26347.0,0.0,2.0,14.8
2016-03-23,319.971,27273,0.0,3,3,83,14.0,26698.0,0.0,3.0,16.6
2016-03-24,315.022,27102,0.0,4,4,84,7.7,26999.0,0.0,4.0,16.9
2016-03-25,313.947,26600,0.0,5,5,85,7.1,26995.0,0.0,5.0,17.9
2016-03-26,286.315,24112,1.0,6,6,86,8.6,24959.0,1.0,6.0,20.4
2016-03-27,270.214,23701,1.0,7,7,87,8.9,24092.0,1.0,7.0,20.8
2016-03-28,296.779,26145,0.0,1,1,88,11.1,23523.0,1.0,7.0,20.2
2016-03-29,306.254,26347,0.0,2,2,89,14.8,24713.0,1.0,1.0,20.7
2016-03-30,310.441,26698,0.0,3,3,90,16.6,28790.0,0.0,1.0,22.0
2016-03-31,314.404,26999,0.0,4,4,91,16.9,29597.0,0.0,4.0,22.8
2016-04-01,312.646,26995,0.0,5,5,92,17.9,28836.0,0.0,5.0,20.8
2016-04-02,294.438,24959,1.0,6,6,93,20.4,25877.0,1.0,6.0,19.9
2016-04-03,278.92,24092,1.0,7,7,94,20.8,24787.0,1.0,7.0,19.7
2016-04-04,272.195,23523,1.0,1,7,95,20.2,27692.0,0.0,1.0,17.0
2016-04-05,281.428,24713,1.0,2,1,96,20.7,28276.0,0.0,2.0,18.6
2016-04-06,323.066,28790,0.0,3,1,97,22.0,28251.0,0.0,3.0,18.7
2016-04-07,341.29,29597,0.0,4,4,98,22.8,28635.0,0.0,4.0,18.8
2016-04-08,338.093,28836,0.0,5,5,99,20.8,28282.0,0.0,5.0,19.0
2016-04-09,310.529,25877,1.0,6,6,100,19.9,26506.0,1.0,6.0,21.3
2016-04-10,291.4190000000001,24787,1.0,7,7,101,19.7,25264.0,1.0,7.0,20.6
2016-04-11,317.2290000000001,27692,0.0,1,1,102,17.0,27325.0,0.0,1.0,16.1
2016-04-12,325.801,28276,0.0,2,2,103,18.6,27957.0,0.0,2.0,17.5
2016-04-13,330.042,28251,0.0,3,3,104,18.7,28691.0,0.0,3.0,21.5
2016-04-14,330.043,28635,0.0,4,4,105,18.8,30333.0,0.0,4.0,23.5
2016-04-15,327.056,28282,0.0,5,5,106,19.0,29963.0,0.0,5.0,22.5
2016-04-16,310.897,26506,1.0,6,6,107,21.3,27062.0,1.0,6.0,22.5
2016-04-17,293.836,25264,1.0,7,7,108,20.6,25738.0,1.0,7.0,21.1
2016-04-18,317.782,27325,0.0,1,1,109,16.1,29632.0,0.0,1.0,21.6
2016-04-19,321.3590000000001,27957,0.0,2,2,110,17.5,30373.0,0.0,2.0,22.5
2016-04-20,333.098,28691,0.0,3,3,111,21.5,30202.0,0.0,3.0,21.7
2016-04-21,347.57199999999995,30333,0.0,4,4,112,23.5,28946.0,0.0,4.0,17.4
2016-04-22,350.015,29963,0.0,5,5,113,22.5,27688.0,0.0,5.0,16.5
2016-04-23,324.4120000000001,27062,1.0,6,6,114,22.5,25115.0,1.0,6.0,18.7
2016-04-24,301.9840000000001,25738,1.0,7,7,115,21.1,24359.0,1.0,7.0,19.1
2016-04-25,338.771,29632,0.0,1,1,116,21.6,26796.0,0.0,1.0,23.3
2016-04-26,351.746,30373,0.0,2,2,117,22.5,30026.0,0.0,2.0,23.2
2016-04-27,350.954,30202,0.0,3,3,118,21.7,30518.0,0.0,3.0,23.2
2016-04-28,340.334,28946,0.0,4,4,119,17.4,31405.0,0.0,4.0,23.0
2016-04-29,325.163,27688,0.0,5,5,120,16.5,31971.0,0.0,5.0,24.3
2016-04-30,301.027,25115,1.0,6,6,121,18.7,28747.0,1.0,6.0,24.4
2016-05-01,266.064,24359,1.0,7,7,122,19.1,27417.0,1.0,7.0,23.6
2016-05-02,286.766,26796,0.0,1,1,123,23.3,32065.0,0.0,1.0,23.9
2016-05-03,323.355,30026,0.0,2,2,124,23.2,31797.0,0.0,2.0,23.0
2016-05-04,331.122,30518,0.0,3,3,125,23.2,29278.0,0.0,3.0,17.4
2016-05-05,338.723,31405,0.0,4,4,126,23.0,30566.0,0.0,4.0,22.3
2016-05-06,344.832,31971,0.0,5,5,127,24.3,31640.0,0.0,5.0,22.5
2016-05-07,326.42,28747,1.0,6,6,128,24.4,28292.0,1.0,6.0,23.4
2016-05-08,304.913,27417,1.0,7,7,129,23.6,27346.0,1.0,7.0,24.0
2016-05-09,344.06,32065,0.0,1,1,130,23.9,29103.0,0.0,1.0,17.0
2016-05-10,347.755,31797,0.0,2,2,131,23.0,28435.0,0.0,2.0,16.0
2016-05-11,325.03,29278,0.0,3,3,132,17.4,29708.0,0.0,3.0,20.3
2016-05-12,332.1880000000001,30566,0.0,4,4,133,22.3,30228.0,0.0,4.0,20.0
2016-05-13,339.851,31640,0.0,5,5,134,22.5,30557.0,0.0,5.0,21.0
2016-05-14,320.346,28292,1.0,6,6,135,23.4,27163.0,1.0,6.0,21.8
2016-05-15,303.024,27346,1.0,7,7,136,24.0,26378.0,1.0,7.0,22.4
2016-05-16,318.9170000000001,29103,0.0,1,1,137,17.0,30776.0,0.0,1.0,22.8
2016-05-17,311.704,28435,0.0,2,2,138,16.0,31057.0,0.0,2.0,22.4
2016-05-18,319.9770000000001,29708,0.0,3,3,139,20.3,31459.0,0.0,3.0,22.2
2016-05-19,326.806,30228,0.0,4,4,140,20.0,32223.0,0.0,4.0,23.8
2016-05-20,330.552,30557,0.0,5,5,141,21.0,33124.0,0.0,5.0,24.6
2016-05-21,306.874,27163,1.0,6,6,142,21.8,29766.0,1.0,6.0,25.3
2016-05-22,288.7270000000001,26378,1.0,7,7,143,22.4,29555.0,1.0,7.0,26.0
2016-05-23,328.608,30776,0.0,1,1,144,22.8,34081.0,0.0,1.0,25.3
2016-05-24,338.421,31057,0.0,2,2,145,22.4,34425.0,0.0,2.0,26.0
2016-05-25,340.922,31459,0.0,3,3,146,22.2,34124.0,0.0,3.0,26.4
2016-05-26,348.879,32223,0.0,4,4,147,23.8,32431.0,0.0,4.0,23.6
2016-05-27,357.19199999999995,33124,0.0,5,5,148,24.6,33946.0,0.0,5.0,24.7
2016-05-28,338.069,29766,1.0,6,6,149,25.3,34123.0,0.0,5.0,25.9
2016-05-29,324.3040000000001,29555,1.0,7,7,150,26.0,28874.0,1.0,7.0,23.7
2016-05-30,365.125,34081,0.0,1,1,151,25.3,31993.0,0.0,1.0,22.4
2016-05-31,375.4380000000001,34425,0.0,2,2,152,26.0,32998.0,0.0,2.0,23.6
2016-06-01,355.215,34124,0.0,3,3,153,26.4,33077.0,0.0,5.0,23.7
2016-06-02,347.41,32431,0.0,4,4,154,23.6,27797.0,1.0,7.0,24.1
2016-06-03,351.215,33946,0.0,5,5,155,24.7,27072.0,1.0,7.0,23.2
2016-06-04,349.332,34123,0.0,6,5,156,25.9,26232.0,1.0,6.0,22.9
2016-06-05,308.796,28874,1.0,7,7,157,23.7,26353.0,1.0,7.0,24.2
2016-06-06,328.0180000000001,31993,0.0,1,1,158,22.4,30642.0,0.0,1.0,23.9
2016-06-07,336.767,32998,0.0,2,2,159,23.6,31018.0,0.0,2.0,22.8
2016-06-08,335.642,33077,0.0,3,5,160,23.7,33095.0,0.0,3.0,25.3
2016-06-09,301.871,27797,1.0,4,7,161,24.1,33896.0,0.0,4.0,26.1
2016-06-10,288.771,27072,1.0,5,7,162,23.2,34077.0,0.0,5.0,24.7
2016-06-11,279.589,26232,1.0,6,6,163,22.9,30766.0,1.0,6.0,23.9
2016-06-12,275.22,26353,1.0,7,7,164,24.2,29277.0,1.0,7.0,24.6
2016-06-13,310.887,30642,0.0,1,1,165,23.9,34247.0,0.0,1.0,25.1
2016-06-14,320.107,31018,0.0,2,2,166,22.8,34399.0,0.0,2.0,25.5
2016-06-15,332.867,33095,0.0,3,3,167,25.3,35168.0,0.0,3.0,26.3
2016-06-16,345.413,33896,0.0,4,4,168,26.1,35209.0,0.0,4.0,26.1
2016-06-17,346.337,34077,0.0,5,5,169,24.7,35075.0,0.0,5.0,25.9
2016-06-18,322.2270000000001,30766,1.0,6,6,170,23.9,31647.0,1.0,6.0,26.0
2016-06-19,305.467,29277,1.0,7,7,171,24.6,29970.0,1.0,7.0,25.4
2016-06-20,341.255,34247,0.0,1,1,172,25.1,35049.0,0.0,1.0,26.3
2016-06-21,348.471,34399,0.0,2,2,173,25.5,35041.0,0.0,2.0,24.9
2016-06-22,356.334,35168,0.0,3,3,174,26.3,34994.0,0.0,3.0,24.7
2016-06-23,359.4369999999999,35209,0.0,4,4,175,26.1,34391.0,0.0,4.0,24.6
2016-06-24,354.694,35075,0.0,5,5,176,25.9,34802.0,0.0,5.0,25.4
2016-06-25,331.967,31647,1.0,6,6,177,26.0,31298.0,1.0,6.0,24.7
2016-06-26,315.82,29970,1.0,7,7,178,25.4,28463.0,1.0,7.0,24.6
2016-06-27,351.7290000000001,35049,0.0,1,1,179,26.3,34544.0,0.0,1.0,25.0
2016-06-28,356.032,35041,0.0,2,2,180,24.9,35044.0,0.0,2.0,25.9
2016-06-29,354.8,34994,0.0,3,3,181,24.7,35560.0,0.0,3.0,26.4
2016-06-30,349.6690000000001,34391,0.0,4,4,182,24.6,34436.0,0.0,4.0,24.2
2016-07-01,347.142,34802,0.0,5,5,183,25.4,27522.0,0.0,5.0,23.9
2016-07-02,320.651,31298,1.0,6,6,184,24.7,28462.0,1.0,6.0,24.9
2016-07-03,301.726,28463,1.0,7,7,185,24.6,27433.0,1.0,7.0,23.7
2016-07-04,339.579,34544,0.0,1,1,186,25.0,32223.0,0.0,1.0,23.6
2016-07-05,352.362,35044,0.0,2,2,187,25.9,33305.0,0.0,2.0,24.2
2016-07-06,356.913,35560,0.0,3,3,188,26.4,33967.0,0.0,3.0,25.3
2016-07-07,346.939,34436,0.0,4,4,189,24.2,34855.0,0.0,4.0,25.7
2016-07-08,279.182,27522,0.0,5,5,190,23.9,35037.0,0.0,5.0,26.4
2016-07-09,296.858,28462,1.0,6,6,191,24.9,31815.0,1.0,6.0,26.6
2016-07-10,287.639,27433,1.0,7,7,192,23.7,29796.0,1.0,7.0,25.9
2016-07-11,321.534,32223,0.0,1,1,193,23.6,34270.0,0.0,1.0,24.6
2016-07-12,332.38699999999994,33305,0.0,2,2,194,24.2,34329.0,0.0,2.0,24.6
2016-07-13,339.985,33967,0.0,3,3,195,25.3,34718.0,0.0,3.0,24.8
2016-07-14,348.61300000000006,34855,0.0,4,4,196,25.7,35041.0,0.0,4.0,25.6
2016-07-15,350.8180000000001,35037,0.0,5,5,197,26.4,35006.0,0.0,5.0,26.3
2016-07-16,331.79,31815,1.0,6,6,198,26.6,31673.0,1.0,6.0,26.1
2016-07-17,314.573,29796,1.0,7,7,199,25.9,29923.0,1.0,7.0,25.2
2016-07-18,338.699,34270,0.0,1,1,200,24.6,34954.0,0.0,1.0,25.6
2016-07-19,341.696,34329,0.0,2,2,201,24.6,35326.0,0.0,2.0,25.9
2016-07-20,345.11800000000005,34718,0.0,3,3,202,24.8,35821.0,0.0,3.0,26.5
2016-07-21,351.5540000000001,35041,0.0,4,4,203,25.6,36199.0,0.0,4.0,27.0
2016-07-22,352.575,35006,0.0,5,5,204,26.3,35987.0,0.0,5.0,26.7
2016-07-23,328.181,31673,1.0,6,6,205,26.1,32110.0,1.0,6.0,25.6
2016-07-24,312.392,29923,1.0,7,7,206,25.2,30442.0,1.0,7.0,25.6
2016-07-25,348.04,34954,0.0,1,1,207,25.6,34489.0,0.0,1.0,25.9
2016-07-26,356.899,35326,0.0,2,2,208,25.9,34924.0,0.0,2.0,25.1
2016-07-27,360.096,35821,0.0,3,3,209,26.5,35044.0,0.0,3.0,24.9
2016-07-28,364.545,36199,0.0,4,4,210,27.0,35557.0,0.0,4.0,26.3
2016-07-29,359.42800000000005,35987,0.0,5,5,211,26.7,35362.0,0.0,5.0,25.5
2016-07-30,330.595,32110,1.0,6,6,212,25.6,31576.0,1.0,6.0,24.9
2016-07-31,314.899,30442,1.0,7,7,213,25.6,29565.0,1.0,7.0,25.0
2016-08-01,350.046,34489,0.0,1,1,214,25.9,35231.0,0.0,1.0,24.7
2016-08-02,354.416,34924,0.0,2,2,215,25.1,35442.0,0.0,2.0,25.6
2016-08-03,354.6330000000001,35044,0.0,3,3,216,24.9,35633.0,0.0,3.0,25.7
2016-08-04,359.671,35557,0.0,4,4,217,26.3,33314.0,0.0,4.0,24.3
2016-08-05,359.712,35362,0.0,5,5,218,25.5,33105.0,0.0,5.0,25.3
2016-08-06,333.141,31576,1.0,6,6,219,24.9,28623.0,1.0,6.0,24.4
2016-08-07,312.828,29565,1.0,7,7,220,25.0,28566.0,1.0,7.0,26.3
2016-08-08,350.599,35231,0.0,1,1,221,24.7,33890.0,0.0,1.0,26.5
2016-08-09,359.236,35442,0.0,2,2,222,25.6,33991.0,0.0,2.0,25.3
2016-08-10,359.371,35633,0.0,3,3,223,25.7,33320.0,0.0,3.0,24.6
2016-08-11,348.172,33314,0.0,4,4,224,24.3,33817.0,0.0,4.0,25.5
2016-08-12,341.8540000000001,33105,0.0,5,5,225,25.3,34356.0,0.0,5.0,25.3
2016-08-13,308.898,28623,1.0,6,6,226,24.4,30375.0,1.0,6.0,25.3
2016-08-14,299.113,28566,1.0,7,7,227,26.3,29016.0,1.0,7.0,25.7
2016-08-15,340.12,33890,0.0,1,1,228,26.5,34922.0,0.0,1.0,25.9
2016-08-16,345.1430000000001,33991,0.0,2,2,229,25.3,34983.0,0.0,2.0,26.0
2016-08-17,339.06699999999995,33320,0.0,3,3,230,24.6,35243.0,0.0,3.0,25.9
2016-08-18,343.251,33817,0.0,4,4,231,25.5,35218.0,0.0,4.0,25.2
2016-08-19,341.773,34356,0.0,5,5,232,25.3,34942.0,0.0,5.0,25.4
2016-08-20,318.509,30375,1.0,6,6,233,25.3,30595.0,1.0,6.0,24.1
2016-08-21,305.468,29016,1.0,7,7,234,25.7,27632.0,1.0,7.0,21.9
2016-08-22,345.978,34922,0.0,1,1,235,25.9,32134.0,0.0,1.0,22.5
2016-08-23,356.374,34983,0.0,2,2,236,26.0,31495.0,0.0,2.0,22.9
2016-08-24,358.713,35243,0.0,3,3,237,25.9,32613.0,0.0,3.0,23.3
2016-08-25,358.874,35218,0.0,4,4,238,25.2,33040.0,0.0,4.0,24.4
2016-08-26,357.666,34942,0.0,5,5,239,25.4,32279.0,0.0,5.0,23.5
2016-08-27,327.236,30595,1.0,6,6,240,24.1,28417.0,1.0,6.0,23.7
2016-08-28,297.263,27632,1.0,7,7,241,21.9,28135.0,1.0,7.0,24.9
2016-08-29,320.6620000000001,32134,0.0,1,1,242,22.5,33367.0,0.0,1.0,24.2
2016-08-30,322.777,31495,0.0,2,2,243,22.9,32058.0,0.0,2.0,23.4
2016-08-31,327.471,32613,0.0,3,3,244,23.3,32215.0,0.0,3.0,24.5
2016-09-01,353.218,33040,0.0,4,4,245,24.4,31860.0,0.0,4.0,24.4
2016-09-02,350.912,32279,0.0,5,5,246,23.5,32081.0,0.0,5.0,23.4
2016-09-03,321.863,28417,1.0,6,6,247,23.7,31423.0,0.0,5.0,23.1
2016-09-04,310.298,28135,1.0,7,7,248,24.9,28329.0,1.0,7.0,24.4
2016-09-05,350.88699999999994,33367,0.0,1,1,249,24.2,32551.0,0.0,1.0,22.8
2016-09-06,349.551,32058,0.0,2,2,250,23.4,32949.0,0.0,2.0,23.6
2016-09-07,346.16,32215,0.0,3,3,251,24.5,29701.0,0.0,5.0,23.2
2016-09-08,345.952,31860,0.0,4,4,252,24.4,25557.0,1.0,7.0,23.7
2016-09-09,346.51199999999994,32081,0.0,5,5,253,23.4,26401.0,1.0,7.0,25.1
2016-09-10,336.534,31423,0.0,6,5,254,23.1,25736.0,1.0,6.0,22.8
2016-09-11,312.231,28329,1.0,7,7,255,24.4,26088.0,1.0,7.0,21.4
2016-09-12,346.466,32551,0.0,1,1,256,22.8,30275.0,0.0,1.0,21.2
2016-09-13,351.967,32949,0.0,2,2,257,23.6,30275.0,0.0,2.0,20.3
2016-09-14,322.36,29701,0.0,3,5,258,23.2,31222.0,0.0,3.0,21.6
2016-09-15,284.49,25557,1.0,4,7,259,23.7,31596.0,0.0,4.0,21.8
2016-09-16,290.889,26401,1.0,5,7,260,25.1,31556.0,0.0,5.0,21.7
2016-09-17,288.973,25736,1.0,6,6,261,22.8,27767.0,1.0,6.0,22.1
2016-09-18,284.913,26088,1.0,7,7,262,21.4,26759.0,1.0,7.0,22.3
2016-09-19,321.832,30275,0.0,1,1,263,21.2,31841.0,0.0,1.0,22.7
2016-09-20,326.884,30275,0.0,2,2,264,20.3,25840.0,0.0,2.0,23.3
2016-09-21,333.626,31222,0.0,3,3,265,21.6,25846.0,0.0,3.0,24.4
2016-09-22,339.083,31596,0.0,4,4,266,21.8,31207.0,0.0,4.0,24.2
2016-09-23,337.914,31556,0.0,5,5,267,21.7,31549.0,0.0,5.0,23.7
2016-09-24,311.436,27767,1.0,6,6,268,22.1,28505.0,1.0,6.0,24.2
2016-09-25,295.952,26759,1.0,7,7,269,22.3,27189.0,1.0,7.0,24.4
2016-09-26,335.862,31841,0.0,1,1,270,22.7,32021.0,0.0,1.0,23.2
2016-09-27,271.176,25840,0.0,2,2,271,23.3,32470.0,0.0,2.0,22.7
2016-09-28,267.225,25846,0.0,3,3,272,24.4,32816.0,0.0,3.0,22.5
2016-09-29,328.149,31207,0.0,4,4,273,24.2,32459.0,0.0,4.0,23.8
2016-09-30,335.885,31549,0.0,5,5,274,23.7,31565.0,0.0,5.0,22.3
2016-10-01,318.718,28505,1.0,6,6,275,24.2,27782.0,1.0,6.0,22.6
2016-10-02,302.353,27189,1.0,7,7,276,24.4,25056.0,1.0,7.0,19.3
2016-10-03,342.232,32021,0.0,1,1,277,23.2,26116.0,1.0,6.0,20.4
2016-10-04,349.6140000000001,32470,0.0,2,2,278,22.7,30384.0,0.0,1.0,21.9
2016-10-05,353.5,32816,0.0,3,3,279,22.5,30332.0,0.0,3.0,20.4
2016-10-06,352.719,32459,0.0,4,4,280,23.8,30195.0,0.0,4.0,20.1
2016-10-07,345.02,31565,0.0,5,5,281,22.3,30254.0,0.0,5.0,20.7
2016-10-08,315.64,27782,1.0,6,6,282,22.6,28037.0,1.0,6.0,22.7
2016-10-09,282.742,25056,1.0,7,7,283,19.3,27130.0,1.0,7.0,23.7
2016-10-10,284.751,26116,1.0,1,6,284,20.4,32227.0,0.0,1.0,23.0
2016-10-11,324.698,30384,0.0,2,1,285,21.9,32656.0,0.0,2.0,23.4
2016-10-12,330.186,30332,0.0,3,3,286,20.4,32417.0,0.0,3.0,23.8
2016-10-13,330.147,30195,0.0,4,4,287,20.1,32495.0,0.0,4.0,24.4
2016-10-14,330.80800000000005,30254,0.0,5,5,288,20.7,33000.0,0.0,5.0,25.1
2016-10-15,315.332,28037,1.0,6,6,289,22.7,29606.0,1.0,6.0,24.1
2016-10-16,301.4770000000001,27130,1.0,7,7,290,23.7,27320.0,1.0,7.0,23.1
2016-10-17,343.226,32227,0.0,1,1,291,23.0,31994.0,0.0,1.0,22.2
2016-10-18,352.38,32656,0.0,2,2,292,23.4,31354.0,0.0,2.0,23.9
2016-10-19,354.44699999999995,32417,0.0,3,3,293,23.8,33046.0,0.0,3.0,24.3
2016-10-20,357.542,32495,0.0,4,4,294,24.4,32800.0,0.0,4.0,23.8
2016-10-21,359.584,33000,0.0,5,5,295,25.1,32560.0,0.0,5.0,23.4
2016-10-22,336.177,29606,1.0,6,6,296,24.1,27153.0,1.0,6.0,19.6
2016-10-23,313.016,27320,1.0,7,7,297,23.1,24904.0,1.0,7.0,17.5
2016-10-24,341.315,31994,0.0,1,1,298,22.2,27360.0,0.0,1.0,18.2
2016-10-25,343.992,31354,0.0,2,2,299,23.9,28872.0,0.0,2.0,16.6
2016-10-26,356.401,33046,0.0,3,3,300,24.3,28241.0,0.0,3.0,14.6
2016-10-27,356.499,32800,0.0,4,4,301,23.8,28462.0,0.0,4.0,15.4
2016-10-28,353.505,32560,0.0,5,5,302,23.4,28565.0,0.0,5.0,17.5
2016-10-29,311.741,27153,1.0,6,6,303,19.6,25765.0,1.0,6.0,19.3
2016-10-30,280.121,24904,1.0,7,7,304,17.5,25045.0,1.0,7.0,20.3
2016-10-31,300.736,27360,0.0,1,1,305,18.2,29442.0,0.0,1.0,20.6
2016-11-01,337.787,28872,0.0,2,2,306,16.6,29642.0,0.0,2.0,17.6
2016-11-02,334.0,28241,0.0,3,3,307,14.6,28179.0,0.0,3.0,14.3
2016-11-03,333.18300000000005,28462,0.0,4,4,308,15.4,28418.0,0.0,4.0,15.5
2016-11-04,337.1869999999999,28565,0.0,5,5,309,17.5,27906.0,0.0,5.0,16.1
2016-11-05,312.786,25765,1.0,6,6,310,19.3,25909.0,1.0,6.0,19.5
2016-11-06,296.781,25045,1.0,7,7,311,20.3,25064.0,1.0,7.0,21.4
2016-11-07,339.194,29442,0.0,1,1,312,20.6,29281.0,0.0,1.0,21.2
2016-11-08,345.26,29642,0.0,2,2,313,17.6,29724.0,0.0,2.0,18.9
2016-11-09,333.599,28179,0.0,3,3,314,14.3,29468.0,0.0,3.0,19.3
2016-11-10,334.744,28418,0.0,4,4,315,15.5,29703.0,0.0,4.0,20.3
2016-11-11,327.518,27906,0.0,5,5,316,16.1,29353.0,0.0,5.0,20.2
2016-11-12,311.796,25909,1.0,6,6,317,19.5,26898.0,1.0,6.0,21.5
2016-11-13,297.964,25064,1.0,7,7,318,21.4,25331.0,1.0,7.0,20.2
2016-11-14,336.7530000000001,29281,0.0,1,1,319,21.2,29260.0,0.0,1.0,18.9
2016-11-15,346.981,29724,0.0,2,2,320,18.9,29328.0,0.0,2.0,18.9
2016-11-16,346.1430000000001,29468,0.0,3,3,321,19.3,28322.0,0.0,3.0,15.9
2016-11-17,347.904,29703,0.0,4,4,322,20.3,27938.0,0.0,4.0,14.2
2016-11-18,346.1430000000001,29353,0.0,5,5,323,20.2,28375.0,0.0,5.0,16.8
2016-11-19,324.175,26898,1.0,6,6,324,21.5,25582.0,1.0,6.0,18.3
2016-11-20,301.9240000000001,25331,1.0,7,7,325,20.2,23901.0,1.0,7.0,14.3
2016-11-21,335.4240000000001,29260,0.0,1,1,326,18.9,27360.0,0.0,1.0,13.9
2016-11-22,343.134,29328,0.0,2,2,327,18.9,27943.0,0.0,2.0,15.9
2016-11-23,335.0440000000001,28322,0.0,3,3,328,15.9,28213.0,0.0,3.0,18.0
2016-11-24,328.545,27938,0.0,4,4,329,14.2,27824.0,0.0,4.0,15.4
2016-11-25,331.241,28375,0.0,5,5,330,16.8,27605.0,0.0,5.0,14.7
2016-11-26,308.751,25582,1.0,6,6,331,18.3,25515.0,1.0,6.0,17.9
2016-11-27,283.558,23901,1.0,7,7,332,14.3,24499.0,1.0,7.0,18.8
2016-11-28,312.342,27360,0.0,1,1,333,13.9,28380.0,0.0,1.0,17.4
2016-11-29,325.226,27943,0.0,2,2,334,15.9,27794.0,0.0,2.0,14.0
2016-11-30,328.921,28213,0.0,3,3,335,18.0,28171.0,0.0,3.0,14.5
2016-12-01,332.951,27824,0.0,4,4,336,15.4,28084.0,0.0,4.0,15.8
2016-12-02,329.467,27605,0.0,5,5,337,14.7,27724.0,0.0,5.0,16.1
2016-12-03,310.973,25515,1.0,6,6,338,17.9,25247.0,1.0,6.0,16.1
2016-12-04,295.566,24499,1.0,7,7,339,18.8,23981.0,1.0,7.0,15.5
2016-12-05,331.6,28380,0.0,1,1,340,17.4,27900.0,0.0,1.0,17.1
2016-12-06,332.271,27794,0.0,2,2,341,14.0,28007.0,0.0,2.0,15.7
2016-12-07,334.161,28171,0.0,3,3,342,14.5,27559.0,0.0,3.0,12.7
2016-12-08,334.344,28084,0.0,4,4,343,15.8,27360.0,0.0,4.0,9.0
2016-12-09,332.0619999999999,27724,0.0,5,5,344,16.1,27210.0,0.0,5.0,8.9
2016-12-10,308.8540000000001,25247,1.0,6,6,345,16.1,24962.0,1.0,6.0,13.5
2016-12-11,289.309,23981,1.0,7,7,346,15.5,23833.0,1.0,7.0,16.7
2016-12-12,325.517,27900,0.0,1,1,347,17.1,27951.0,0.0,1.0,18.8
2016-12-13,335.0440000000001,28007,0.0,2,2,348,15.7,28840.0,0.0,2.0,20.2
2016-12-14,330.427,27559,0.0,3,3,349,12.7,29092.0,0.0,3.0,21.0
2016-12-15,326.54,27360,0.0,4,4,350,9.0,28358.0,0.0,4.0,16.1
2016-12-16,323.305,27210,0.0,5,5,351,8.9,27363.0,0.0,5.0,12.6
2016-12-17,304.634,24962,1.0,6,6,352,13.5,24821.0,1.0,6.0,13.8
2016-12-18,286.801,23833,1.0,7,7,353,16.7,23973.0,1.0,7.0,17.9
2016-12-19,324.35,27951,0.0,1,1,354,18.8,27045.0,0.0,1.0,18.6
2016-12-20,341.12,28840,0.0,2,2,355,20.2,27504.0,0.0,2.0,11.0
2016-12-21,345.422,29092,0.0,3,3,356,21.0,27376.0,0.0,3.0,9.7
2016-12-22,340.657,28358,0.0,4,4,357,16.1,26945.0,0.0,4.0,10.1
2016-12-23,330.02,27363,0.0,5,5,358,12.6,26374.0,0.0,5.0,12.7
2016-12-24,303.733,24821,1.0,6,6,359,13.8,23897.0,1.0,6.0,15.7
2016-12-25,288.593,23973,1.0,7,7,360,17.9,22886.0,1.0,7.0,17.5
2016-12-26,316.791,27045,0.0,1,1,361,18.6,24483.0,1.0,7.0,17.1
2016-12-27,324.877,27504,0.0,2,2,362,11.0,28131.0,0.0,1.0,16.6
2016-12-28,324.686,27376,0.0,3,3,363,9.7,28485.0,0.0,3.0,18.5
2016-12-29,320.135,26945,0.0,4,4,364,10.1,28336.0,0.0,4.0,18.0
2016-12-30,315.613,26374,0.0,5,5,365,12.7,28002.0,0.0,5.0,17.6
2016-12-31,290.524,23897,1.0,6,6,366,15.7,25600.0,1.0,6.0,18.2
2017-01-01,268.503,22886,1.0,7,7,1,17.5,24133.0,1.0,7.0,15.8
2017-01-02,280.534,24483,1.0,1,7,2,17.1,27670.0,0.0,1.0,11.9
2017-01-03,320.449,28131,0.0,2,1,3,16.6,27787.0,0.0,2.0,13.1
2017-01-04,329.6230000000001,28485,0.0,3,3,4,18.5,27992.0,0.0,3.0,14.2
2017-01-05,330.13699999999994,28336,0.0,4,4,5,18.0,28186.0,0.0,4.0,15.5
2017-01-06,330.589,28002,0.0,5,5,6,17.6,27161.0,0.0,5.0,11.4
2017-01-07,306.516,25600,1.0,6,6,7,18.2,24726.0,1.0,6.0,9.1
2017-01-08,283.998,24133,1.0,7,7,8,15.8,24156.0,1.0,7.0,9.4
2017-01-09,315.17,27670,0.0,1,1,9,11.9,27370.0,0.0,1.0,10.4
2017-01-10,322.524,27787,0.0,2,2,10,13.1,27768.0,0.0,2.0,14.4
2017-01-11,325.791,27992,0.0,3,3,11,14.2,27768.0,0.0,3.0,15.5
2017-01-12,329.116,28186,0.0,4,4,12,15.5,27768.0,0.0,4.0,14.8
2017-01-13,325.652,27161,0.0,5,5,13,11.4,26889.0,0.0,5.0,8.4
2017-01-14,297.082,24726,1.0,6,6,14,9.1,24905.0,1.0,6.0,8.8
2017-01-15,281.04200000000003,24156,1.0,7,7,15,9.4,24230.0,1.0,7.0,8.9
2017-01-16,314.013,27370,0.0,1,1,16,10.4,26943.0,0.0,1.0,9.2
2017-01-17,325.097,27768,0.0,2,2,17,14.4,26779.0,0.0,2.0,9.3
2017-01-18,327.192,27768,0.0,3,3,18,15.5,25905.0,0.0,3.0,10.0
2017-01-19,327.982,27768,0.0,4,4,19,14.8,23012.0,0.0,5.0,11.0
2017-01-20,322.404,26889,0.0,5,5,20,8.4,20214.0,1.0,7.0,14.1
2017-01-21,299.903,24905,1.0,6,6,21,8.8,19672.0,1.0,7.0,16.7
2017-01-22,282.438,24230,1.0,7,7,22,8.9,19906.0,1.0,7.0,18.2
2017-01-23,313.076,26943,0.0,1,1,23,9.2,20118.0,1.0,7.0,13.0
2017-01-24,320.2920000000001,26779,0.0,2,2,24,9.3,21188.0,1.0,7.0,11.6
2017-01-25,310.395,25905,0.0,3,3,25,10.0,22191.0,1.0,7.0,12.0
2017-01-26,283.805,23012,0.0,4,5,26,11.0,24722.0,0.0,1.0,10.2
2017-01-27,243.423,20214,1.0,5,7,27,14.1,25592.0,0.0,5.0,14.7
2017-01-28,230.95,19672,1.0,6,7,28,16.7,24355.0,1.0,6.0,15.9
2017-01-29,233.093,19906,1.0,7,7,29,18.2,23414.0,1.0,7.0,14.2
2017-01-30,237.237,20118,1.0,1,7,30,13.0,26414.0,0.0,1.0,12.0
2017-01-31,244.939,21188,1.0,2,7,31,11.6,26899.0,0.0,2.0,12.4
2017-02-01,258.806,22191,1.0,3,7,32,12.0,27120.0,0.0,3.0,13.9
2017-02-02,289.089,24722,0.0,4,1,33,10.2,27088.0,0.0,4.0,5.8
2017-02-03,304.543,25592,0.0,5,5,34,14.7,27086.0,0.0,5.0,5.7
2017-02-04,293.56,24355,1.0,6,6,35,15.9,24557.0,1.0,6.0,6.8
2017-02-05,278.986,23414,1.0,7,7,36,14.2,23991.0,1.0,7.0,9.3
2017-02-06,310.075,26414,0.0,1,1,37,12.0,26862.0,0.0,1.0,11.2
2017-02-07,320.057,26899,0.0,2,2,38,12.4,27193.0,0.0,2.0,11.5
2017-02-08,324.007,27120,0.0,3,3,39,13.9,27232.0,0.0,3.0,14.1
2017-02-09,323.31,27088,0.0,4,4,40,5.8,27174.0,0.0,4.0,15.2
2017-02-10,324.35,27086,0.0,5,5,41,5.7,27241.0,0.0,5.0,17.1
2017-02-11,301.272,24557,1.0,6,6,42,6.8,26165.0,0.0,5.0,14.9
2017-02-12,285.43,23991,1.0,7,7,43,9.3,23850.0,1.0,7.0,16.7
2017-02-13,316.656,26862,0.0,1,1,44,11.2,27718.0,0.0,1.0,16.7
2017-02-14,325.0370000000001,27193,0.0,2,2,45,11.5,27762.0,0.0,2.0,15.0
2017-02-15,324.778,27232,0.0,3,3,46,14.1,28295.0,0.0,3.0,17.1
2017-02-16,324.481,27174,0.0,4,4,47,15.2,27527.0,0.0,4.0,10.9
2017-02-17,327.078,27241,0.0,5,5,48,17.1,27141.0,0.0,5.0,9.1
2017-02-18,319.23,26165,0.0,6,5,49,14.9,24638.0,1.0,6.0,10.5
2017-02-19,286.855,23850,1.0,7,7,50,16.7,23343.0,1.0,7.0,9.1
2017-02-20,322.494,27718,0.0,1,1,51,16.7,24078.0,1.0,7.0,10.0
2017-02-21,331.285,27762,0.0,2,2,52,15.0,25022.0,1.0,6.0,10.7
2017-02-22,336.296,28295,0.0,3,3,53,17.1,27261.0,0.0,1.0,12.0
2017-02-23,333.496,27527,0.0,4,4,54,10.9,27074.0,0.0,4.0,9.2
2017-02-24,328.736,27141,0.0,5,5,55,9.1,26914.0,0.0,5.0,11.6
2017-02-25,303.27,24638,1.0,6,6,56,10.5,24746.0,1.0,6.0,14.3
2017-02-26,282.442,23343,1.0,7,7,57,9.1,23990.0,1.0,7.0,17.1
2017-02-27,286.652,24078,1.0,1,7,58,10.0,27068.0,0.0,1.0,11.3
2017-02-28,297.1690000000001,25022,1.0,2,6,59,10.7,27568.0,0.0,2.0,8.8
2017-03-01,319.972,27261,0.0,3,1,60,12.0,27767.0,0.0,3.0,9.8
2017-03-02,322.782,27074,0.0,4,4,61,9.2,27844.0,0.0,4.0,11.6
2017-03-03,323.603,26914,0.0,5,5,62,11.6,27892.0,0.0,5.0,14.1
2017-03-04,301.165,24746,1.0,6,6,63,14.3,25149.0,1.0,6.0,15.9
2017-03-05,284.462,23990,1.0,7,7,64,17.1,24368.0,1.0,7.0,18.5
2017-03-06,317.131,27068,0.0,1,1,65,11.3,27892.0,0.0,1.0,15.4
2017-03-07,326.219,27568,0.0,2,2,66,8.8,27769.0,0.0,2.0,8.8
2017-03-08,328.478,27767,0.0,3,3,67,9.8,27774.0,0.0,3.0,10.7
2017-03-09,329.645,27844,0.0,4,4,68,11.6,28098.0,0.0,4.0,12.8
2017-03-10,332.956,27892,0.0,5,5,69,14.1,27896.0,0.0,5.0,15.1
2017-03-11,307.066,25149,1.0,6,6,70,15.9,25239.0,1.0,6.0,18.0
2017-03-12,289.286,24368,1.0,7,7,71,18.5,24394.0,1.0,7.0,17.1
2017-03-13,326.713,27892,0.0,1,1,72,15.4,28453.0,0.0,1.0,18.4
2017-03-14,329.612,27769,0.0,2,2,73,8.8,28197.0,0.0,2.0,14.2
2017-03-15,329.8040000000001,27774,0.0,3,3,74,10.7,28095.0,0.0,3.0,16.7
2017-03-16,332.764,28098,0.0,4,4,75,12.8,28035.0,0.0,4.0,14.4
2017-03-17,332.276,27896,0.0,5,5,76,15.1,27872.0,0.0,5.0,16.6
2017-03-18,308.612,25239,1.0,6,6,77,18.0,24624.0,1.0,6.0,12.4
2017-03-19,289.9120000000001,24394,1.0,7,7,78,17.1,23892.0,1.0,7.0,10.5
2017-03-20,328.5540000000001,28453,0.0,1,1,79,18.4,27222.0,0.0,1.0,14.1
2017-03-21,336.78,28197,0.0,2,2,80,14.2,27766.0,0.0,2.0,16.6
2017-03-22,334.616,28095,0.0,3,3,81,16.7,28022.0,0.0,3.0,17.1
2017-03-23,334.601,28035,0.0,4,4,82,14.4,27974.0,0.0,4.0,18.7
2017-03-24,334.25699999999995,27872,0.0,5,5,83,16.6,28040.0,0.0,5.0,14.5
2017-03-25,304.199,24624,1.0,6,6,84,12.4,24245.0,1.0,6.0,10.1
2017-03-26,282.75,23892,1.0,7,7,85,10.5,22905.0,1.0,7.0,11.9
2017-03-27,316.217,27222,0.0,1,1,86,14.1,22797.0,1.0,7.0,14.3
2017-03-28,328.486,27766,0.0,2,2,87,16.6,23637.0,1.0,6.0,16.4
2017-03-29,332.055,28022,0.0,3,3,88,17.1,27722.0,0.0,1.0,18.3
2017-03-30,333.617,27974,0.0,4,4,89,18.7,28161.0,0.0,4.0,18.5
2017-03-31,332.343,28040,0.0,5,5,90,14.5,28739.0,0.0,5.0,19.3
2017-04-01,293.726,24245,1.0,6,6,91,10.1,26288.0,1.0,6.0,21.6
2017-04-02,272.587,22905,1.0,7,7,92,11.9,25592.0,1.0,7.0,22.5
2017-04-03,271.462,22797,1.0,1,7,93,14.3,30236.0,0.0,1.0,23.8
2017-04-04,274.183,23637,1.0,2,6,94,16.4,29416.0,0.0,2.0,17.5
2017-04-05,318.184,27722,0.0,3,1,95,18.3,28004.0,0.0,3.0,13.1
2017-04-06,332.957,28161,0.0,4,4,96,18.5,28171.0,0.0,4.0,14.8
2017-04-07,339.621,28739,0.0,5,5,97,19.3,28259.0,0.0,5.0,18.0
2017-04-08,318.992,26288,1.0,6,6,98,21.6,26171.0,1.0,6.0,21.0
2017-04-09,302.878,25592,1.0,7,7,99,22.5,25504.0,1.0,7.0,21.6
2017-04-10,347.81,30236,0.0,1,1,100,23.8,30290.0,0.0,1.0,22.6
2017-04-11,349.896,29416,0.0,2,2,101,17.5,30723.0,0.0,2.0,21.7
2017-04-12,334.727,28004,0.0,3,3,102,13.1,31072.0,0.0,3.0,21.9
2017-04-13,331.139,28171,0.0,4,4,103,14.8,30725.0,0.0,4.0,21.3
2017-04-14,334.176,28259,0.0,5,5,104,18.0,30988.0,0.0,5.0,20.1
2017-04-15,315.019,26171,1.0,6,6,105,21.0,24699.0,1.0,6.0,13.0
2017-04-16,302.969,25504,1.0,7,7,106,21.6,24088.0,1.0,7.0,14.9
2017-04-17,349.1280000000001,30290,0.0,1,1,107,22.6,28349.0,0.0,1.0,17.5
2017-04-18,361.796,30723,0.0,2,2,108,21.7,29158.0,0.0,2.0,20.1
2017-04-19,365.389,31072,0.0,3,3,109,21.9,30418.0,0.0,3.0,20.0
2017-04-20,363.071,30725,0.0,4,4,110,21.3,28348.0,0.0,4.0,13.0
2017-04-21,361.735,30988,0.0,5,5,111,20.1,27165.0,0.0,5.0,13.9
2017-04-22,308.309,24699,1.0,6,6,112,13.0,24747.0,1.0,6.0,16.1
2017-04-23,285.44,24088,1.0,7,7,113,14.9,24004.0,1.0,7.0,18.5
2017-04-24,327.021,28349,0.0,1,1,114,17.5,25611.0,1.0,6.0,20.0
2017-04-25,344.756,29158,0.0,2,2,115,20.1,29684.0,0.0,1.0,20.4
2017-04-26,355.286,30418,0.0,3,3,116,20.0,30931.0,0.0,3.0,21.5
2017-04-27,338.571,28348,0.0,4,4,117,13.0,31407.0,0.0,4.0,22.4
2017-04-28,326.675,27165,0.0,5,5,118,13.9,31854.0,0.0,5.0,22.8
2017-04-29,300.818,24747,1.0,6,6,119,16.1,27573.0,1.0,6.0,20.6
2017-04-30,285.355,24004,1.0,7,7,120,18.5,25867.0,1.0,7.0,20.0
2017-05-01,282.4240000000001,25611,1.0,1,6,121,20.0,31507.0,0.0,1.0,22.4
2017-05-02,324.007,29684,0.0,2,1,122,20.4,31569.0,0.0,2.0,21.3
2017-05-03,340.699,30931,0.0,3,3,123,21.5,32633.0,0.0,3.0,23.4
2017-05-04,347.71,31407,0.0,4,4,124,22.4,33011.0,0.0,4.0,23.6
2017-05-05,352.091,31854,0.0,5,5,125,22.8,32806.0,0.0,5.0,23.0
2017-05-06,321.32,27573,1.0,6,6,126,20.6,27824.0,1.0,6.0,21.7
2017-05-07,296.445,25867,1.0,7,7,127,20.0,26614.0,1.0,7.0,22.0
2017-05-08,342.186,31507,0.0,1,1,128,22.4,32336.0,0.0,1.0,21.4
2017-05-09,352.04,31569,0.0,2,2,129,21.3,30124.0,0.0,2.0,17.6
2017-05-10,357.7680000000001,32633,0.0,3,3,130,23.4,30141.0,0.0,3.0,18.6
2017-05-11,362.88,33011,0.0,4,4,131,23.6,31320.0,0.0,4.0,20.4
2017-05-12,362.449,32806,0.0,5,5,132,23.0,31080.0,0.0,5.0,20.2
2017-05-13,327.963,27824,1.0,6,6,133,21.7,26826.0,1.0,6.0,20.7
2017-05-14,305.024,26614,1.0,7,7,134,22.0,26159.0,1.0,7.0,20.7
2017-05-15,348.13,32336,0.0,1,1,135,21.4,32130.0,0.0,1.0,22.0
2017-05-16,336.77,30124,0.0,2,2,136,17.6,32720.0,0.0,2.0,22.8
2017-05-17,333.3,30141,0.0,3,3,137,18.6,33035.0,0.0,3.0,21.9
2017-05-18,344.17,31320,0.0,4,4,138,20.4,31042.0,0.0,4.0,18.3
2017-05-19,341.69699999999995,31080,0.0,5,5,139,20.2,30290.0,0.0,5.0,18.8
2017-05-20,310.523,26826,1.0,6,6,140,20.7,26347.0,1.0,6.0,18.5
2017-05-21,296.581,26159,1.0,7,7,141,20.7,25268.0,1.0,7.0,19.1
2017-05-22,344.213,32130,0.0,1,1,142,22.0,26189.0,1.0,7.0,21.4
2017-05-23,359.92,32720,0.0,2,2,143,22.8,26643.0,1.0,6.0,23.0
2017-05-24,361.979,33035,0.0,3,3,144,21.9,32677.0,0.0,1.0,23.7
2017-05-25,346.019,31042,0.0,4,4,145,18.3,31934.0,0.0,4.0,24.4
2017-05-26,336.6980000000001,30290,0.0,5,5,146,18.8,31745.0,0.0,5.0,22.0
2017-05-27,308.837,26347,1.0,6,6,147,18.5,30408.0,0.0,5.0,21.6
2017-05-28,289.916,25268,1.0,7,7,148,19.1,26587.0,1.0,7.0,22.3
2017-05-29,298.295,26189,1.0,1,7,149,21.4,31834.0,0.0,1.0,23.4
2017-05-30,301.063,26643,1.0,2,6,150,23.0,33099.0,0.0,2.0,24.8
2017-05-31,347.68,32677,0.0,3,1,151,23.7,34135.0,0.0,3.0,25.3
2017-06-01,342.911,31934,0.0,4,4,152,24.4,34011.0,0.0,4.0,24.5
2017-06-02,340.61300000000006,31745,0.0,5,5,153,22.0,33972.0,0.0,5.0,25.0
2017-06-03,324.862,30408,0.0,6,5,154,21.6,30970.0,1.0,6.0,25.0
2017-06-04,289.0440000000001,26587,1.0,7,7,155,22.3,29156.0,1.0,7.0,25.3
2017-06-05,331.911,31834,0.0,1,1,156,23.4,34589.0,0.0,1.0,24.3
2017-06-06,351.586,33099,0.0,2,2,157,24.8,34501.0,0.0,2.0,24.5
2017-06-07,362.462,34135,0.0,3,3,158,25.3,31925.0,0.0,3.0,21.6
2017-06-08,363.023,34011,0.0,4,4,159,24.5,30196.0,0.0,4.0,19.8
2017-06-09,362.55800000000005,33972,0.0,5,5,160,25.0,30978.0,0.0,5.0,21.5
2017-06-10,339.351,30970,1.0,6,6,161,25.0,27264.0,1.0,6.0,20.6
2017-06-11,321.73,29156,1.0,7,7,162,25.3,26316.0,1.0,7.0,21.4
2017-06-12,357.655,34589,0.0,1,1,163,24.3,30908.0,0.0,1.0,22.6
2017-06-13,362.393,34501,0.0,2,2,164,24.5,31901.0,0.0,2.0,24.5
2017-06-14,346.782,31925,0.0,3,3,165,21.6,33511.0,0.0,3.0,24.8
2017-06-15,328.619,30196,0.0,4,4,166,19.8,34515.0,0.0,4.0,24.7
2017-06-16,329.851,30978,0.0,5,5,167,21.5,34567.0,0.0,5.0,25.3
2017-06-17,303.7390000000001,27264,1.0,6,6,168,20.6,30919.0,1.0,6.0,24.9
2017-06-18,284.626,26316,1.0,7,7,169,21.4,29653.0,1.0,7.0,25.0
2017-06-19,324.46,30908,0.0,1,1,170,22.6,35139.0,0.0,1.0,25.3
2017-06-20,340.014,31901,0.0,2,2,171,24.5,35123.0,0.0,2.0,24.5
2017-06-21,352.91,33511,0.0,3,3,172,24.8,35300.0,0.0,3.0,25.1
2017-06-22,363.05,34515,0.0,4,4,173,24.7,35234.0,0.0,4.0,24.6
2017-06-23,365.6880000000001,34567,0.0,5,5,174,25.3,34894.0,0.0,5.0,24.0
2017-06-24,338.481,30919,1.0,6,6,175,24.9,30856.0,1.0,6.0,23.7
2017-06-25,321.827,29653,1.0,7,7,176,25.0,28576.0,1.0,7.0,24.7
2017-06-26,364.832,35139,0.0,1,1,177,25.3,35002.0,0.0,1.0,24.5
2017-06-27,373.349,35123,0.0,2,2,178,24.5,34889.0,0.0,2.0,24.3
2017-06-28,372.966,35300,0.0,3,3,179,25.1,34916.0,0.0,3.0,25.1
2017-06-29,369.354,35234,0.0,4,4,180,24.6,35280.0,0.0,4.0,25.3
2017-06-30,361.789,34894,0.0,5,5,181,24.0,34736.0,0.0,5.0,24.1
2017-07-01,321.836,30856,1.0,6,6,182,23.7,30418.0,1.0,6.0,24.1
2017-07-02,304.344,28576,1.0,7,7,183,24.7,29124.0,1.0,7.0,24.6
2017-07-03,344.231,35002,0.0,1,1,184,24.5,35022.0,0.0,1.0,24.9
2017-07-04,350.531,34889,0.0,2,2,185,24.3,35482.0,0.0,2.0,24.2
2017-07-05,351.088,34916,0.0,3,3,186,25.1,35444.0,0.0,3.0,24.9
2017-07-06,356.921,35280,0.0,4,4,187,25.3,35749.0,0.0,4.0,25.0
2017-07-07,346.99300000000005,34736,0.0,5,5,188,24.1,35548.0,0.0,5.0,24.9
2017-07-08,318.201,30418,1.0,6,6,189,24.1,31152.0,1.0,6.0,25.2
2017-07-09,304.52,29124,1.0,7,7,190,24.6,29259.0,1.0,7.0,25.8
2017-07-10,350.6040000000001,35022,0.0,1,1,191,24.9,34337.0,0.0,1.0,25.1
2017-07-11,359.055,35482,0.0,2,2,192,24.2,36107.0,0.0,2.0,26.2
2017-07-12,360.801,35444,0.0,3,3,193,24.9,36046.0,0.0,3.0,25.7
2017-07-13,362.923,35749,0.0,4,4,194,25.0,35973.0,0.0,4.0,25.7
2017-07-14,361.52,35548,0.0,5,5,195,24.9,36146.0,0.0,5.0,26.1
2017-07-15,332.587,31152,1.0,6,6,196,25.2,31441.0,1.0,6.0,25.9
2017-07-16,313.048,29259,1.0,7,7,197,25.8,30894.0,1.0,7.0,26.2
2017-07-17,349.659,34337,0.0,1,1,198,25.1,36148.0,0.0,1.0,26.3
2017-07-18,365.55300000000005,36107,0.0,2,2,199,26.2,36213.0,0.0,2.0,25.9
2017-07-19,364.931,36046,0.0,3,3,200,25.7,36199.0,0.0,3.0,25.3
2017-07-20,366.825,35973,0.0,4,4,201,25.7,35626.0,0.0,4.0,25.1
2017-07-21,367.36300000000006,36146,0.0,5,5,202,26.1,35658.0,0.0,5.0,25.4
2017-07-22,338.096,31441,1.0,6,6,203,25.9,30003.0,1.0,6.0,24.0
2017-07-23,323.781,30894,1.0,7,7,204,26.2,27986.0,1.0,7.0,25.6
2017-07-24,364.487,36148,0.0,1,1,205,26.3,30600.0,0.0,1.0,23.8
2017-07-25,367.989,36213,0.0,2,2,206,25.9,33080.0,0.0,2.0,24.9
2017-07-26,365.698,36199,0.0,3,3,207,25.3,33476.0,0.0,3.0,24.6
2017-07-27,363.576,35626,0.0,4,4,208,25.1,34556.0,0.0,4.0,25.5
2017-07-28,366.728,35658,0.0,5,5,209,25.4,34717.0,0.0,5.0,26.0
2017-07-29,321.456,30003,1.0,6,6,210,24.0,31575.0,1.0,6.0,26.2
2017-07-30,288.817,27986,1.0,7,7,211,25.6,30675.0,1.0,7.0,27.1
2017-07-31,318.507,30600,0.0,1,1,212,23.8,36165.0,0.0,1.0,27.2
2017-08-01,335.206,33080,0.0,2,2,213,24.9,36266.0,0.0,2.0,26.4
2017-08-02,340.23,33476,0.0,3,3,214,24.6,36123.0,0.0,3.0,26.6
2017-08-03,349.136,34556,0.0,4,4,215,25.5,35788.0,0.0,4.0,26.6
2017-08-04,351.431,34717,0.0,5,5,216,26.0,36417.0,0.0,5.0,26.4
2017-08-05,330.022,31575,1.0,6,6,217,26.2,32480.0,1.0,6.0,26.2
2017-08-06,317.947,30675,1.0,7,7,218,27.1,30951.0,1.0,7.0,26.1
2017-08-07,362.283,36165,0.0,1,1,219,27.2,36052.0,0.0,1.0,26.1
2017-08-08,369.536,36266,0.0,2,2,220,26.4,36453.0,0.0,2.0,26.0
2017-08-09,369.142,36123,0.0,3,3,221,26.6,36390.0,0.0,3.0,25.3
2017-08-10,368.745,35788,0.0,4,4,222,26.6,36391.0,0.0,4.0,25.3
2017-08-11,368.828,36417,0.0,5,5,223,26.4,36295.0,0.0,5.0,25.6
2017-08-12,342.896,32480,1.0,6,6,224,26.2,32211.0,1.0,6.0,25.0
2017-08-13,324.6040000000001,30951,1.0,7,7,225,26.1,30715.0,1.0,7.0,25.7
2017-08-14,360.697,36052,0.0,1,1,226,26.1,36119.0,0.0,1.0,24.8
2017-08-15,360.867,36453,0.0,2,2,227,26.0,35285.0,0.0,2.0,25.0
2017-08-16,366.793,36390,0.0,3,3,228,25.3,34588.0,0.0,3.0,24.9
2017-08-17,367.63,36391,0.0,4,4,229,25.3,35493.0,0.0,4.0,24.8
2017-08-18,368.17800000000005,36295,0.0,5,5,230,25.6,35129.0,0.0,5.0,26.1
2017-08-19,338.5130000000001,32211,1.0,6,6,231,25.0,31487.0,1.0,6.0,26.4
2017-08-20,321.716,30715,1.0,7,7,232,25.7,29227.0,1.0,7.0,25.3
2017-08-21,361.014,36119,0.0,1,1,233,24.8,35541.0,0.0,1.0,25.3
2017-08-22,359.463,35285,0.0,2,2,234,25.0,36070.0,0.0,2.0,25.4
2017-08-23,355.082,34588,0.0,3,3,235,24.9,35447.0,0.0,3.0,24.6
2017-08-24,355.287,35493,0.0,4,4,236,24.8,34739.0,0.0,4.0,24.0
2017-08-25,353.967,35129,0.0,5,5,237,26.1,33050.0,0.0,5.0,23.1
2017-08-26,330.987,31487,1.0,6,6,238,26.4,29350.0,1.0,6.0,22.4
2017-08-27,311.68,29227,1.0,7,7,239,25.3,28063.0,1.0,7.0,22.6
2017-08-28,347.855,35541,0.0,1,1,240,25.3,33987.0,0.0,1.0,23.7
2017-08-29,361.471,36070,0.0,2,2,241,25.4,34360.0,0.0,2.0,25.3
2017-08-30,360.162,35447,0.0,3,3,242,24.6,35786.0,0.0,3.0,26.6
2017-08-31,356.037,34739,0.0,4,4,243,24.0,35014.0,0.0,4.0,25.6
2017-09-01,351.932,33050,0.0,5,5,244,23.1,35020.0,0.0,5.0,24.7
2017-09-02,319.431,29350,1.0,6,6,245,22.4,30543.0,1.0,6.0,24.5
2017-09-03,299.6,28063,1.0,7,7,246,22.6,29552.0,1.0,7.0,24.4
2017-09-04,345.405,33987,0.0,1,1,247,23.7,34904.0,0.0,1.0,24.7
2017-09-05,359.311,34360,0.0,2,2,248,25.3,35533.0,0.0,2.0,24.8
2017-09-06,369.562,35786,0.0,3,3,249,26.6,33922.0,0.0,3.0,22.3
2017-09-07,368.528,35014,0.0,4,4,250,25.6,32944.0,0.0,4.0,21.7
2017-09-08,364.92800000000005,35020,0.0,5,5,251,24.7,33981.0,0.0,5.0,24.1
2017-09-09,334.5780000000001,30543,1.0,6,6,252,24.5,30645.0,1.0,6.0,24.0
2017-09-10,317.158,29552,1.0,7,7,253,24.4,28336.0,1.0,7.0,22.8
2017-09-11,355.593,34904,0.0,1,1,254,24.7,33398.0,0.0,1.0,22.6
2017-09-12,369.164,35533,0.0,2,2,255,24.8,34280.0,0.0,2.0,24.3
2017-09-13,358.802,33922,0.0,3,3,256,22.3,34866.0,0.0,3.0,25.2
2017-09-14,348.026,32944,0.0,4,4,257,21.7,35001.0,0.0,4.0,25.4
2017-09-15,352.9890000000001,33981,0.0,5,5,258,24.1,35374.0,0.0,5.0,25.3
2017-09-16,329.911,30645,1.0,6,6,259,24.0,32106.0,1.0,6.0,26.6
2017-09-17,306.887,28336,1.0,7,7,260,22.8,30716.0,1.0,7.0,26.0
2017-09-18,339.963,33398,0.0,1,1,261,22.6,35817.0,0.0,1.0,25.4
2017-09-19,354.89,34280,0.0,2,2,262,24.3,36263.0,0.0,2.0,26.3
2017-09-20,359.847,34866,0.0,3,3,263,25.2,36419.0,0.0,3.0,26.3
2017-09-21,365.693,35001,0.0,4,4,264,25.4,36049.0,0.0,4.0,25.1
2017-09-22,369.006,35374,0.0,5,5,265,25.3,35355.0,0.0,5.0,23.4
2017-09-23,346.591,32106,1.0,6,6,266,26.6,34625.0,0.0,5.0,24.8
2017-09-24,329.802,30716,1.0,7,7,267,26.0,30280.0,1.0,7.0,25.4
2017-09-25,368.19,35817,0.0,1,1,268,25.4,35737.0,0.0,1.0,25.6
2017-09-26,377.893,36263,0.0,2,2,269,26.3,35900.0,0.0,5.0,24.0
2017-09-27,379.148,36419,0.0,3,3,270,26.3,29072.0,1.0,7.0,21.6
2017-09-28,377.612,36049,0.0,4,4,271,25.1,34702.0,0.0,1.0,22.7
2017-09-29,368.09,35355,0.0,5,5,272,23.4,34982.0,0.0,5.0,23.3
2017-09-30,354.0780000000001,34625,0.0,6,5,273,24.8,29560.0,1.0,6.0,22.1
2017-10-01,350.098,30280,1.0,7,7,274,25.4,28115.0,1.0,7.0,23.0
2017-10-02,393.891,35737,0.0,1,1,275,25.6,28876.0,1.0,7.0,24.8
2017-10-03,397.797,35900,0.0,2,5,276,24.0,30226.0,1.0,6.0,24.4
2017-10-04,342.778,29072,1.0,3,7,277,21.6,35287.0,0.0,1.0,23.4
2017-10-05,375.332,34702,0.0,4,1,278,22.7,34009.0,0.0,4.0,21.8
2017-10-06,385.42800000000005,34982,0.0,5,5,279,23.3,32265.0,0.0,5.0,21.1
2017-10-07,348.461,29560,1.0,6,6,280,22.1,28783.0,1.0,6.0,23.0
2017-10-08,328.5540000000001,28115,1.0,7,7,281,23.0,27360.0,1.0,7.0,23.0
2017-10-09,335.906,28876,1.0,1,7,282,24.8,33062.0,0.0,1.0,24.3
2017-10-10,347.136,30226,1.0,2,6,283,24.4,32730.0,0.0,2.0,21.6
2017-10-11,386.68,35287,0.0,3,1,284,23.4,32246.0,0.0,3.0,21.0
2017-10-12,381.023,34009,0.0,4,4,285,21.8,31277.0,0.0,4.0,19.9
2017-10-13,364.231,32265,0.0,5,5,286,21.1,30889.0,0.0,5.0,18.8
2017-10-14,334.531,28783,1.0,6,6,287,23.0,25858.0,1.0,6.0,16.7
2017-10-15,312.378,27360,1.0,7,7,288,23.0,24237.0,1.0,7.0,15.2
2017-10-16,360.552,33062,0.0,1,1,289,24.3,28665.0,0.0,1.0,16.5
2017-10-17,364.246,32730,0.0,2,2,290,21.6,29159.0,0.0,2.0,16.8
2017-10-18,359.051,32246,0.0,3,3,291,21.0,29244.0,0.0,3.0,17.3
2017-10-19,353.246,31277,0.0,4,4,292,19.9,29286.0,0.0,4.0,17.3
2017-10-20,344.404,30889,0.0,5,5,293,18.8,28805.0,0.0,5.0,17.6
2017-10-21,303.7340000000001,25858,1.0,6,6,294,16.7,25555.0,1.0,6.0,16.6
2017-10-22,277.572,24237,1.0,7,7,295,15.2,24209.0,1.0,7.0,16.3
2017-10-23,314.139,28665,0.0,1,1,296,16.5,28206.0,0.0,1.0,14.1
2017-10-24,325.935,29159,0.0,2,2,297,16.8,28541.0,0.0,2.0,16.0
2017-10-25,327.6140000000001,29244,0.0,3,3,298,17.3,29266.0,0.0,3.0,19.2
2017-10-26,327.413,29286,0.0,4,4,299,17.3,30135.0,0.0,4.0,20.8
2017-10-27,323.869,28805,0.0,5,5,300,17.6,29257.0,0.0,5.0,18.5
2017-10-28,296.494,25555,1.0,6,6,301,16.6,25602.0,1.0,6.0,14.7
2017-10-29,275.541,24209,1.0,7,7,302,16.3,24623.0,1.0,7.0,16.0
2017-10-30,308.63,28206,0.0,1,1,303,14.1,29620.0,0.0,1.0,21.0
2017-10-31,317.362,28541,0.0,2,2,304,16.0,30666.0,0.0,2.0,23.0
2017-11-01,346.25699999999995,29266,0.0,3,3,305,19.2,29840.0,0.0,3.0,19.2
2017-11-02,355.227,30135,0.0,4,4,306,20.8,30266.0,0.0,4.0,19.1
2017-11-03,350.751,29257,0.0,5,5,307,18.5,30592.0,0.0,5.0,22.1
2017-11-04,315.945,25602,1.0,6,6,308,14.7,26422.0,1.0,6.0,17.5
2017-11-05,295.95,24623,1.0,7,7,309,16.0,25166.0,1.0,7.0,17.5
2017-11-06,341.356,29620,0.0,1,1,310,21.0,29653.0,0.0,1.0,19.3
2017-11-07,360.974,30666,0.0,2,2,311,23.0,29969.0,0.0,2.0,19.0
2017-11-08,357.485,29840,0.0,3,3,312,19.2,29784.0,0.0,3.0,18.6
2017-11-09,358.912,30266,0.0,4,4,313,19.1,30463.0,0.0,4.0,20.9
2017-11-10,362.763,30592,0.0,5,5,314,22.1,30555.0,0.0,5.0,21.4
2017-11-11,326.375,26422,1.0,6,6,315,17.5,26189.0,1.0,6.0,16.7
2017-11-12,301.848,25166,1.0,7,7,316,17.5,24644.0,1.0,7.0,13.4
2017-11-13,344.265,29653,0.0,1,1,317,19.3,28771.0,0.0,1.0,15.3
2017-11-14,357.181,29969,0.0,2,2,318,19.0,29432.0,0.0,2.0,17.6
2017-11-15,356.865,29784,0.0,3,3,319,18.6,28955.0,0.0,3.0,16.0
2017-11-16,361.807,30463,0.0,4,4,320,20.9,28469.0,0.0,4.0,11.8
2017-11-17,362.079,30555,0.0,5,5,321,21.4,28326.0,0.0,5.0,12.6
2017-11-18,325.714,26189,1.0,6,6,322,16.7,25668.0,1.0,6.0,15.1
2017-11-19,296.278,24644,1.0,7,7,323,13.4,24769.0,1.0,7.0,16.5
2017-11-20,335.672,28771,0.0,1,1,324,15.3,28917.0,0.0,1.0,17.3
2017-11-21,347.629,29432,0.0,2,2,325,17.6,29698.0,0.0,2.0,21.3
2017-11-22,347.125,28955,0.0,3,3,326,16.0,29530.0,0.0,3.0,22.2
2017-11-23,338.884,28469,0.0,4,4,327,11.8,29186.0,0.0,4.0,17.7
2017-11-24,335.972,28326,0.0,5,5,328,12.6,28525.0,0.0,5.0,14.7
2017-11-25,312.964,25668,1.0,6,6,329,15.1,25628.0,1.0,6.0,15.4
2017-11-26,296.755,24769,1.0,7,7,330,16.5,24512.0,1.0,7.0,16.0
2017-11-27,334.102,28917,0.0,1,1,331,17.3,28274.0,0.0,1.0,13.9
2017-11-28,349.99,29698,0.0,2,2,332,21.3,28243.0,0.0,2.0,10.7
2017-11-29,352.362,29530,0.0,3,3,333,22.2,28455.0,0.0,3.0,11.4
2017-11-30,348.657,29186,0.0,4,4,334,17.7,28625.0,0.0,4.0,13.4
2017-12-01,343.3640000000001,28525,0.0,5,5,335,14.7,27863.0,0.0,5.0,9.8
2017-12-02,315.931,25628,1.0,6,6,336,15.4,25500.0,1.0,6.0,11.2
2017-12-03,297.004,24512,1.0,7,7,337,16.0,24230.0,1.0,7.0,13.8
2017-12-04,331.657,28274,0.0,1,1,338,13.9,27706.0,0.0,1.0,12.3
2017-12-05,337.694,28243,0.0,2,2,339,10.7,28558.0,0.0,2.0,12.9
2017-12-06,339.32,28455,0.0,3,3,340,11.4,28433.0,0.0,3.0,13.3
2017-12-07,342.167,28625,0.0,4,4,341,13.4,28558.0,0.0,4.0,14.3
2017-12-08,338.619,27863,0.0,5,5,342,9.8,28405.0,0.0,5.0,16.1
2017-12-09,312.374,25500,1.0,6,6,343,11.2,25515.0,1.0,6.0,12.2
2017-12-10,292.6040000000001,24230,1.0,7,7,344,13.8,24444.0,1.0,7.0,8.4
2017-12-11,327.19,27706,0.0,1,1,345,12.3,28210.0,0.0,1.0,10.2
2017-12-12,340.69699999999995,28558,0.0,2,2,346,12.9,28665.0,0.0,2.0,10.0
2017-12-13,342.499,28433,0.0,3,3,347,13.3,28082.0,0.0,3.0,10.5
2017-12-14,341.965,28558,0.0,4,4,348,14.3,28219.0,0.0,4.0,10.6
2017-12-15,342.696,28405,0.0,5,5,349,16.1,27748.0,0.0,5.0,14.5
2017-12-16,316.616,25515,1.0,6,6,350,12.2,25193.0,1.0,6.0,16.7
2017-12-17,295.842,24444,1.0,7,7,351,8.4,24260.0,1.0,7.0,14.5
2017-12-18,332.083,28210,0.0,1,1,352,10.2,27939.0,0.0,1.0,11.2
2017-12-19,343.472,28665,0.0,2,2,353,10.0,28461.0,0.0,2.0,13.1
2017-12-20,341.1,28082,0.0,3,3,354,10.5,28022.0,0.0,3.0,13.5
2017-12-21,340.1430000000001,28219,0.0,4,4,355,10.6,28229.0,0.0,4.0,15.5
2017-12-22,338.526,27748,0.0,5,5,356,14.5,27369.0,0.0,5.0,14.6
2017-12-23,313.562,25193,1.0,6,6,357,16.7,24718.0,1.0,6.0,14.0
2017-12-24,294.312,24260,1.0,7,7,358,14.5,23319.0,1.0,7.0,10.7
2017-12-25,328.296,27939,0.0,1,1,359,11.2,23638.0,1.0,7.0,12.2
2017-12-26,339.37,28461,0.0,2,2,360,13.1,27816.0,0.0,1.0,15.2
2017-12-27,337.816,28022,0.0,3,3,361,13.5,28253.0,0.0,3.0,16.1
2017-12-28,337.879,28229,0.0,4,4,362,15.5,28757.0,0.0,4.0,16.1
2017-12-29,332.959,27369,0.0,5,5,363,14.6,28260.0,0.0,5.0,13.0
2017-12-30,304.18,24718,1.0,6,6,364,14.0,26062.0,1.0,6.0,13.4
2017-12-31,282.69,23319,1.0,7,7,365,10.7,25011.0,1.0,7.0,14.4
2018-01-01,279.707,23638,1.0,1,7,1,12.2,28801.0,0.0,1.0,13.8
2018-01-02,321.468,27816,0.0,2,1,2,15.2,28910.0,0.0,2.0,6.5
2018-01-03,334.264,28253,0.0,3,3,3,16.1,28410.0,0.0,3.0,6.3
2018-01-04,337.945,28757,0.0,4,4,4,16.1,28583.0,0.0,4.0,6.7
2018-01-05,337.418,28260,0.0,5,5,5,13.0,28093.0,0.0,5.0,5.6
2018-01-06,314.58,26062,1.0,6,6,6,13.4,25694.0,1.0,6.0,7.5
2018-01-07,297.867,25011,1.0,7,7,7,14.4,24705.0,1.0,7.0,12.0
2018-01-08,334.839,28801,0.0,1,1,8,13.8,28269.0,0.0,1.0,15.1
2018-01-09,342.04,28910,0.0,2,2,9,6.5,28285.0,0.0,2.0,15.6
2018-01-10,338.775,28410,0.0,3,3,10,6.3,28340.0,0.0,3.0,16.2
2018-01-11,340.962,28583,0.0,4,4,11,6.7,29076.0,0.0,4.0,16.6
2018-01-12,338.708,28093,0.0,5,5,12,5.6,28467.0,0.0,5.0,14.7
2018-01-13,313.7290000000001,25694,1.0,6,6,13,7.5,25883.0,1.0,6.0,15.0
2018-01-14,292.266,24705,1.0,7,7,14,12.0,24695.0,1.0,7.0,16.0
2018-01-15,328.531,28269,0.0,1,1,15,15.1,28264.0,0.0,1.0,13.6
2018-01-16,337.009,28285,0.0,2,2,16,15.6,28381.0,0.0,2.0,13.2
2018-01-17,338.646,28340,0.0,3,3,17,16.2,28228.0,0.0,3.0,12.0
2018-01-18,343.1040000000001,29076,0.0,4,4,18,16.6,28352.0,0.0,4.0,12.6
2018-01-19,342.217,28467,0.0,5,5,19,14.7,27537.0,0.0,5.0,11.0
2018-01-20,316.158,25883,1.0,6,6,20,15.0,25383.0,1.0,6.0,12.6
2018-01-21,296.066,24695,1.0,7,7,21,16.0,24535.0,1.0,7.0,11.9
2018-01-22,329.891,28264,0.0,1,1,22,13.6,28397.0,0.0,1.0,7.4
2018-01-23,337.478,28381,0.0,2,2,23,13.2,28606.0,0.0,2.0,8.7
2018-01-24,337.327,28228,0.0,3,3,24,12.0,28364.0,0.0,3.0,11.0
2018-01-25,339.045,28352,0.0,4,4,25,12.6,28521.0,0.0,4.0,7.2
2018-01-26,334.841,27537,0.0,5,5,26,11.0,28202.0,0.0,5.0,8.1
2018-01-27,310.65,25383,1.0,6,6,27,12.6,26353.0,1.0,6.0,5.1
2018-01-28,293.956,24535,1.0,7,7,28,11.9,26273.0,1.0,7.0,4.3
2018-01-29,329.379,28397,0.0,1,1,29,7.4,29059.0,0.0,1.0,3.3
2018-01-30,341.17,28606,0.0,2,2,30,8.7,28510.0,0.0,2.0,5.0
2018-01-31,339.434,28364,0.0,3,3,31,11.0,28889.0,0.0,3.0,7.0
2018-02-01,333.391,28521,0.0,4,4,32,7.2,28436.0,0.0,4.0,8.3
2018-02-02,334.54,28202,0.0,5,5,33,8.1,28302.0,0.0,5.0,13.2
2018-02-03,315.291,26353,1.0,6,6,34,5.1,26015.0,1.0,6.0,12.5
2018-02-04,301.5540000000001,26273,1.0,7,7,35,4.3,25349.0,1.0,7.0,7.5
2018-02-05,336.218,29059,0.0,1,1,36,3.3,27324.0,0.0,1.0,8.3
2018-02-06,340.349,28510,0.0,2,2,37,5.0,26300.0,0.0,2.0,10.2
2018-02-07,343.6880000000001,28889,0.0,3,3,38,7.0,23482.0,0.0,5.0,13.8
2018-02-08,340.6740000000001,28436,0.0,4,4,39,8.3,20979.0,1.0,7.0,17.9
2018-02-09,336.194,28302,0.0,5,5,40,13.2,20759.0,1.0,7.0,16.9
2018-02-10,315.4,26015,1.0,6,6,41,12.5,20282.0,1.0,7.0,12.3
2018-02-11,297.184,25349,1.0,7,7,42,7.5,20987.0,1.0,7.0,16.8
2018-02-12,319.19,27324,0.0,1,1,43,8.3,22071.0,1.0,7.0,17.9
2018-02-13,315.526,26300,0.0,2,2,44,10.2,23261.0,1.0,7.0,15.9
2018-02-14,287.615,23482,0.0,3,5,45,13.8,26510.0,0.0,1.0,12.6
2018-02-15,251.816,20979,1.0,4,7,46,17.9,27283.0,0.0,4.0,10.4
2018-02-16,240.98,20759,1.0,5,7,47,16.9,27093.0,0.0,5.0,11.5
2018-02-17,239.086,20282,1.0,6,7,48,12.3,25317.0,1.0,6.0,15.4
2018-02-18,242.944,20987,1.0,7,7,49,16.8,24690.0,1.0,7.0,12.8
2018-02-19,254.426,22071,1.0,1,7,50,17.9,27435.0,0.0,1.0,11.9
2018-02-20,266.617,23261,1.0,2,7,51,15.9,27818.0,0.0,5.0,16.2
2018-02-21,302.9240000000001,26510,0.0,3,1,52,12.6,26394.0,1.0,7.0,15.3
2018-02-22,318.767,27283,0.0,4,4,53,10.4,28372.0,0.0,1.0,17.1
2018-02-23,319.701,27093,0.0,5,5,54,11.5,28143.0,0.0,5.0,18.6
2018-02-24,302.296,25317,1.0,6,6,55,15.4,26052.0,1.0,6.0,19.3
2018-02-25,288.796,24690,1.0,7,7,56,12.8,25431.0,1.0,7.0,20.9
2018-02-26,316.122,27435,0.0,1,1,57,11.9,29460.0,0.0,1.0,18.0
2018-02-27,327.071,27818,0.0,2,5,58,16.2,27989.0,0.0,2.0,12.2
2018-02-28,312.455,26394,1.0,3,7,59,15.3,28469.0,0.0,3.0,15.3
2018-03-01,338.639,28372,0.0,4,1,60,17.1,27944.0,0.0,4.0,8.8
2018-03-02,343.1,28143,0.0,5,5,61,18.6,27617.0,0.0,5.0,7.4
2018-03-03,320.965,26052,1.0,6,6,62,19.3,24946.0,1.0,6.0,10.7
2018-03-04,306.056,25431,1.0,7,7,63,20.9,24245.0,1.0,7.0,14.0
2018-03-05,348.5080000000001,29460,0.0,1,1,64,18.0,27935.0,0.0,1.0,15.3
2018-03-06,343.751,27989,0.0,2,2,65,12.2,28418.0,0.0,2.0,16.3
2018-03-07,345.499,28469,0.0,3,3,66,15.3,28536.0,0.0,3.0,18.1
2018-03-08,342.521,27944,0.0,4,4,67,8.8,28941.0,0.0,4.0,17.6
2018-03-09,337.21,27617,0.0,5,5,68,7.4,28620.0,0.0,5.0,15.7
2018-03-10,310.026,24946,1.0,6,6,69,10.7,25794.0,1.0,6.0,15.0
2018-03-11,291.992,24245,1.0,7,7,70,14.0,24808.0,1.0,7.0,18.6
2018-03-12,329.212,27935,0.0,1,1,71,15.3,29102.0,0.0,1.0,19.5
2018-03-13,340.495,28418,0.0,2,2,72,16.3,28823.0,0.0,2.0,15.1
2018-03-14,344.48800000000006,28536,0.0,3,3,73,18.1,27699.0,0.0,3.0,9.4
2018-03-15,348.19699999999995,28941,0.0,4,4,74,17.6,27982.0,0.0,4.0,9.7
2018-03-16,347.496,28620,0.0,5,5,75,15.7,27642.0,0.0,5.0,13.3
2018-03-17,319.111,25794,1.0,6,6,76,15.0,25149.0,1.0,6.0,15.7
2018-03-18,300.646,24808,1.0,7,7,77,18.6,24573.0,1.0,7.0,17.0
2018-03-19,342.50699999999995,29102,0.0,1,1,78,19.5,28383.0,0.0,1.0,16.9
2018-03-20,350.86300000000006,28823,0.0,2,2,79,15.1,28602.0,0.0,2.0,16.5
2018-03-21,338.01199999999994,27699,0.0,3,3,80,9.4,28752.0,0.0,3.0,18.0
2018-03-22,336.485,27982,0.0,4,4,81,9.7,28983.0,0.0,4.0,19.3
2018-03-23,335.959,27642,0.0,5,5,82,13.3,28897.0,0.0,5.0,17.9
2018-03-24,310.783,25149,1.0,6,6,83,15.7,27845.0,0.0,5.0,17.8
2018-03-25,295.048,24573,1.0,7,7,84,17.0,25072.0,1.0,7.0,18.8
2018-03-26,334.585,28383,0.0,1,1,85,16.9,29047.0,0.0,1.0,18.7
2018-03-27,346.1880000000001,28602,0.0,2,2,86,16.5,29267.0,0.0,2.0,18.8
2018-03-28,348.552,28752,0.0,3,3,87,18.0,26121.0,1.0,6.0,19.5
2018-03-29,351.55800000000005,28983,0.0,4,4,88,19.3,24981.0,1.0,7.0,20.0
2018-03-30,349.536,28897,0.0,5,5,89,17.9,24450.0,1.0,7.0,14.6
2018-03-31,340.3,27845,0.0,6,5,90,17.8,23940.0,1.0,7.0,9.3
2018-04-01,301.272,25072,1.0,7,7,91,18.8,23895.0,1.0,7.0,13.8
2018-04-02,340.082,29047,0.0,1,1,92,18.7,28232.0,0.0,1.0,16.5
2018-04-03,348.1380000000001,29267,0.0,2,2,93,18.8,28728.0,0.0,2.0,18.3
2018-04-04,317.561,26121,1.0,3,6,94,19.5,30193.0,0.0,3.0,20.8
2018-04-05,300.701,24981,1.0,4,7,95,20.0,30645.0,0.0,4.0,21.0
2018-04-06,299.055,24450,1.0,5,7,96,14.6,31068.0,0.0,5.0,22.6
2018-04-07,288.839,23940,1.0,6,7,97,9.3,27721.0,1.0,6.0,21.9
2018-04-08,281.561,23895,1.0,7,7,98,13.8,24630.0,1.0,7.0,13.9
2018-04-09,325.4240000000001,28232,0.0,1,1,99,16.5,28365.0,0.0,1.0,13.4
2018-04-10,340.376,28728,0.0,2,2,100,18.3,28399.0,0.0,2.0,12.9
2018-04-11,353.67,30193,0.0,3,3,101,20.8,28521.0,0.0,3.0,16.1
2018-04-12,363.582,30645,0.0,4,4,102,21.0,29442.0,0.0,4.0,18.5
2018-04-13,367.581,31068,0.0,5,5,103,22.6,29380.0,0.0,5.0,19.6
2018-04-14,344.904,27721,1.0,6,6,104,21.9,26962.0,1.0,6.0,20.6
2018-04-15,305.745,24630,1.0,7,7,105,13.9,26356.0,1.0,7.0,22.3
2018-04-16,332.00699999999995,28365,0.0,1,1,106,13.4,31487.0,0.0,1.0,23.0
2018-04-17,339.8780000000001,28399,0.0,2,2,107,12.9,31110.0,0.0,2.0,19.1
2018-04-18,341.485,28521,0.0,3,3,108,16.1,29570.0,0.0,3.0,15.9
2018-04-19,350.038,29442,0.0,4,4,109,18.5,29944.0,0.0,4.0,18.8
2018-04-20,350.586,29380,0.0,5,5,110,19.6,30356.0,0.0,5.0,18.8
2018-04-21,328.608,26962,1.0,6,6,111,20.6,26835.0,1.0,6.0,19.7
2018-04-22,314.343,26356,1.0,7,7,112,22.3,26074.0,1.0,7.0,21.7
2018-04-23,364.944,31487,0.0,1,1,113,23.0,30086.0,0.0,5.0,22.1
2018-04-24,368.681,31110,0.0,2,2,114,19.1,28665.0,1.0,6.0,22.7
2018-04-25,353.394,29570,0.0,3,3,115,15.9,32351.0,0.0,1.0,23.7
2018-04-26,356.264,29944,0.0,4,4,116,18.8,30659.0,0.0,4.0,16.5
2018-04-27,358.771,30356,0.0,5,5,117,18.8,30638.0,0.0,5.0,18.7
2018-04-28,331.936,26835,1.0,6,6,118,19.7,27477.0,1.0,6.0,21.5
2018-04-29,314.553,26074,1.0,7,7,119,21.7,27517.0,1.0,7.0,23.1
2018-04-30,353.337,30086,0.0,1,5,120,22.1,32762.0,0.0,1.0,24.4
2018-05-01,317.89,28665,1.0,2,6,121,22.7,31729.0,0.0,2.0,20.2
2018-05-02,347.624,32351,0.0,3,1,122,23.7,30104.0,0.0,3.0,17.3
2018-05-03,337.957,30659,0.0,4,4,123,16.5,30174.0,0.0,4.0,17.5
2018-05-04,333.49,30638,0.0,5,5,124,18.7,30735.0,0.0,5.0,20.6
2018-05-05,312.52,27477,1.0,6,6,125,21.5,27439.0,1.0,6.0,22.3
2018-05-06,302.099,27517,1.0,7,7,126,23.1,27088.0,1.0,7.0,23.5
2018-05-07,351.1280000000001,32762,0.0,1,1,127,24.4,32914.0,0.0,1.0,23.3
2018-05-08,347.63199999999995,31729,0.0,2,2,128,20.2,33518.0,0.0,2.0,23.5
2018-05-09,332.656,30104,0.0,3,3,129,17.3,34235.0,0.0,3.0,24.5
2018-05-10,329.666,30174,0.0,4,4,130,17.5,34692.0,0.0,4.0,25.2
2018-05-11,335.1880000000001,30735,0.0,5,5,131,20.6,35061.0,0.0,5.0,25.4
2018-05-12,313.183,27439,1.0,6,6,132,22.3,30567.0,1.0,6.0,24.2
2018-05-13,299.166,27088,1.0,7,7,133,23.5,29607.0,1.0,7.0,24.7
2018-05-14,347.6869999999999,32914,0.0,1,1,134,23.3,34269.0,0.0,1.0,23.6
2018-05-15,362.92,33518,0.0,2,2,135,23.5,34776.0,0.0,2.0,24.0
2018-05-16,371.263,34235,0.0,3,3,136,24.5,34892.0,0.0,3.0,22.2
2018-05-17,377.995,34692,0.0,4,4,137,25.2,34099.0,0.0,4.0,22.9
2018-05-18,377.045,35061,0.0,5,5,138,25.4,35023.0,0.0,5.0,24.0
2018-05-19,347.535,30567,1.0,6,6,139,24.2,30416.0,1.0,6.0,24.7
2018-05-20,329.814,29607,1.0,7,7,140,24.7,30287.0,1.0,7.0,25.5
2018-05-21,367.522,34269,0.0,1,1,141,23.6,36007.0,0.0,1.0,25.1
2018-05-22,376.947,34776,0.0,2,2,142,24.0,36329.0,0.0,2.0,25.1
2018-05-23,373.15,34892,0.0,3,3,143,22.2,36771.0,0.0,3.0,25.4
2018-05-24,368.514,34099,0.0,4,4,144,22.9,36713.0,0.0,4.0,25.4
2018-05-25,374.971,35023,0.0,5,5,145,24.0,33549.0,0.0,5.0,19.9
2018-05-26,347.016,30416,1.0,6,6,146,24.7,29031.0,1.0,6.0,21.2
2018-05-27,333.156,30287,1.0,7,7,147,25.5,28480.0,1.0,7.0,22.8
2018-05-28,381.747,36007,0.0,1,1,148,25.1,34478.0,0.0,1.0,23.9
2018-05-29,391.73800000000006,36329,0.0,2,2,149,25.1,35302.0,0.0,2.0,24.4
2018-05-30,393.897,36771,0.0,3,3,150,25.4,35802.0,0.0,3.0,24.2
2018-05-31,394.704,36713,0.0,4,4,151,25.4,35702.0,0.0,4.0,25.0
2018-06-01,362.036,33549,0.0,5,5,152,19.9,36102.0,0.0,5.0,24.8
2018-06-02,323.435,29031,1.0,6,6,153,21.2,31775.0,1.0,6.0,24.1
2018-06-03,311.431,28480,1.0,7,7,154,22.8,29798.0,1.0,7.0,23.8
2018-06-04,359.97,34478,0.0,1,1,155,23.9,32557.0,0.0,1.0,21.4
2018-06-05,373.32,35302,0.0,2,2,156,24.4,33517.0,0.0,2.0,23.0
2018-06-06,377.702,35802,0.0,3,3,157,24.2,34034.0,0.0,3.0,22.6
2018-06-07,380.397,35702,0.0,4,4,158,25.0,33737.0,0.0,4.0,22.4
2018-06-08,380.466,36102,0.0,5,5,159,24.8,31614.0,0.0,5.0,21.0
2018-06-09,351.602,31775,1.0,6,6,160,24.1,28619.0,1.0,6.0,21.0
2018-06-10,329.0540000000001,29798,1.0,7,7,161,23.8,27261.0,1.0,7.0,23.2
2018-06-11,353.874,32557,0.0,1,1,162,21.4,27948.0,1.0,7.0,23.8
2018-06-12,357.7990000000001,33517,0.0,2,2,163,23.0,32063.0,0.0,1.0,23.6
2018-06-13,361.361,34034,0.0,3,3,164,22.6,32244.0,0.0,3.0,24.8
2018-06-14,361.36300000000006,33737,0.0,4,4,165,22.4,33176.0,0.0,4.0,24.5
2018-06-15,344.5,31614,0.0,5,5,166,21.0,33748.0,0.0,5.0,24.4
2018-06-16,316.803,28619,1.0,6,6,167,21.0,30175.0,1.0,6.0,24.3
2018-06-17,301.447,27261,1.0,7,7,168,23.2,29174.0,1.0,7.0,24.6
2018-06-18,304.701,27948,1.0,1,7,169,23.8,35108.0,0.0,1.0,25.4
2018-06-19,341.18300000000005,32063,0.0,2,1,170,23.6,35259.0,0.0,2.0,24.9
2018-06-20,348.936,32244,0.0,3,3,171,24.8,35122.0,0.0,3.0,24.8
2018-06-21,356.0630000000001,33176,0.0,4,4,172,24.5,35448.0,0.0,4.0,25.5
2018-06-22,358.879,33748,0.0,5,5,173,24.4,34966.0,0.0,5.0,24.6
2018-06-23,333.1690000000001,30175,1.0,6,6,174,24.3,30484.0,1.0,6.0,24.5
2018-06-24,317.328,29174,1.0,7,7,175,24.6,29016.0,1.0,7.0,24.8
2018-06-25,365.614,35108,0.0,1,1,176,25.4,33151.0,0.0,1.0,26.0
2018-06-26,374.644,35259,0.0,2,2,177,24.9,34138.0,0.0,2.0,25.8
2018-06-27,373.386,35122,0.0,3,3,178,24.8,33744.0,0.0,3.0,26.0
2018-06-28,375.443,35448,0.0,4,4,179,25.5,33157.0,0.0,4.0,25.1
2018-06-29,372.612,34966,0.0,5,5,180,24.6,34306.0,0.0,5.0,25.8
2018-06-30,340.31699999999995,30484,1.0,6,6,181,24.5,30399.0,1.0,6.0,23.9
2018-07-01,313.525,29016,1.0,7,7,182,24.8,28916.0,1.0,7.0,24.0
2018-07-02,346.4240000000001,33151,0.0,1,1,183,26.0,34951.0,0.0,1.0,25.0
2018-07-03,356.862,34138,0.0,2,2,184,25.8,34753.0,0.0,2.0,23.4
2018-07-04,357.222,33744,0.0,3,3,185,26.0,31203.0,0.0,3.0,23.5
2018-07-05,354.923,33157,0.0,4,4,186,25.1,34408.0,0.0,4.0,24.5
2018-07-06,357.425,34306,0.0,5,5,187,25.8,34990.0,0.0,5.0,25.1
2018-07-07,329.519,30399,1.0,6,6,188,23.9,31279.0,1.0,6.0,24.8
2018-07-08,308.761,28916,1.0,7,7,189,24.0,29296.0,1.0,7.0,24.3
2018-07-09,355.959,34951,0.0,1,1,190,25.0,35178.0,0.0,1.0,24.1
2018-07-10,354.522,34753,0.0,2,2,191,23.4,36200.0,0.0,2.0,25.3
2018-07-11,335.903,31203,0.0,3,3,192,23.5,36460.0,0.0,3.0,25.1
2018-07-12,360.405,34408,0.0,4,4,193,24.5,36705.0,0.0,4.0,24.9
2018-07-13,364.861,34990,0.0,5,5,194,25.1,35740.0,0.0,5.0,24.3
2018-07-14,337.599,31279,1.0,6,6,195,24.8,31327.0,1.0,6.0,23.2
2018-07-15,316.764,29296,1.0,7,7,196,24.3,29333.0,1.0,7.0,24.0
2018-07-16,361.094,35178,0.0,1,1,197,24.1,34239.0,0.0,1.0,24.2
2018-07-17,376.937,36200,0.0,2,2,198,25.3,35976.0,0.0,2.0,24.6
2018-07-18,378.892,36460,0.0,3,3,199,25.1,35901.0,0.0,3.0,24.8
2018-07-19,380.275,36705,0.0,4,4,200,24.9,35806.0,0.0,4.0,25.5
2018-07-20,372.819,35740,0.0,5,5,201,24.3,35675.0,0.0,5.0,24.7
2018-07-21,339.94,31327,1.0,6,6,202,23.2,31376.0,1.0,6.0,25.0
2018-07-22,318.585,29333,1.0,7,7,203,24.0,30623.0,1.0,7.0,25.9
2018-07-23,357.398,34239,0.0,1,1,204,24.2,36318.0,0.0,1.0,26.2
2018-07-24,370.231,35976,0.0,2,2,205,24.6,36906.0,0.0,2.0,26.3
2018-07-25,370.374,35901,0.0,3,3,206,24.8,37351.0,0.0,3.0,26.1
2018-07-26,374.861,35806,0.0,4,4,207,25.5,36122.0,0.0,4.0,25.4
2018-07-27,372.019,35675,0.0,5,5,208,24.7,36116.0,0.0,5.0,24.3
2018-07-28,342.027,31376,1.0,6,6,209,25.0,31905.0,1.0,6.0,24.5
2018-07-29,325.8540000000001,30623,1.0,7,7,210,25.9,29660.0,1.0,7.0,25.3
2018-07-30,372.879,36318,0.0,1,1,211,26.2,36089.0,0.0,1.0,25.3
2018-07-31,384.918,36906,0.0,2,2,212,26.3,36132.0,0.0,2.0,25.1
2018-08-01,392.87,37351,0.0,3,3,213,26.1,36191.0,0.0,3.0,24.9
2018-08-02,387.28,36122,0.0,4,4,214,25.4,35872.0,0.0,4.0,24.8
2018-08-03,378.829,36116,0.0,5,5,215,24.3,36020.0,0.0,5.0,25.1
2018-08-04,345.256,31905,1.0,6,6,216,24.5,31721.0,1.0,6.0,24.9
2018-08-05,325.95,29660,1.0,7,7,217,25.3,30095.0,1.0,7.0,23.4
2018-08-06,370.23800000000006,36089,0.0,1,1,218,25.3,34739.0,0.0,1.0,25.2
2018-08-07,380.412,36132,0.0,2,2,219,25.1,34827.0,0.0,2.0,23.4
2018-08-08,381.473,36191,0.0,3,3,220,24.9,33954.0,0.0,3.0,24.3
2018-08-09,380.033,35872,0.0,4,4,221,24.8,34368.0,0.0,4.0,24.7
2018-08-10,379.108,36020,0.0,5,5,222,25.1,35182.0,0.0,5.0,24.9
2018-08-11,348.954,31721,1.0,6,6,223,24.9,30087.0,1.0,6.0,24.5
2018-08-12,328.497,30095,1.0,7,7,224,23.4,28654.0,1.0,7.0,24.0
2018-08-13,366.276,34739,0.0,1,1,225,25.2,34375.0,0.0,1.0,23.6
2018-08-14,367.15,34827,0.0,2,2,226,23.4,34675.0,0.0,2.0,23.9
2018-08-15,362.538,33954,0.0,3,3,227,24.3,34783.0,0.0,3.0,25.1
2018-08-16,365.157,34368,0.0,4,4,228,24.7,34745.0,0.0,4.0,24.8
2018-08-17,368.792,35182,0.0,5,5,229,24.9,30158.0,0.0,5.0,23.2
2018-08-18,337.459,30087,1.0,6,6,230,24.5,29174.0,1.0,6.0,24.1
2018-08-19,314.262,28654,1.0,7,7,231,24.0,28097.0,1.0,7.0,24.0
2018-08-20,355.196,34375,0.0,1,1,232,23.6,32329.0,0.0,1.0,23.3
2018-08-21,366.844,34675,0.0,2,2,233,23.9,31922.0,0.0,2.0,22.8
2018-08-22,368.883,34783,0.0,3,3,234,25.1,32109.0,0.0,3.0,23.0
2018-08-23,363.41,34745,0.0,4,4,235,24.8,31886.0,0.0,4.0,21.9
2018-08-24,331.715,30158,0.0,5,5,236,23.2,32264.0,0.0,5.0,22.7
2018-08-25,318.785,29174,1.0,6,6,237,24.1,28928.0,1.0,6.0,23.8
2018-08-26,303.468,28097,1.0,7,7,238,24.0,28176.0,1.0,7.0,24.6
2018-08-27,339.164,32329,0.0,1,1,239,23.3,33843.0,1.0,1.0,24.8
2018-08-28,340.574,31922,0.0,2,2,240,22.8,35163.0,0.0,2.0,25.7
2018-08-29,341.267,32109,0.0,3,3,241,23.0,35238.0,0.0,3.0,24.6
2018-08-30,339.521,31886,0.0,4,4,242,21.9,34890.0,0.0,4.0,24.7
2018-08-31,340.098,32264,0.0,5,5,243,22.7,34524.0,0.0,5.0,23.7
2018-09-01,323.766,28928,1.0,6,6,244,23.8,29661.0,1.0,6.0,22.7
2018-09-02,311.172,28176,1.0,7,7,245,24.6,26810.0,1.0,7.0,20.6
2018-09-03,356.349,33843,1.0,1,1,246,24.8,31645.0,0.0,1.0,21.0
2018-09-04,375.154,35163,0.0,2,2,247,25.7,33276.0,0.0,2.0,24.1
2018-09-05,380.514,35238,0.0,3,3,248,24.6,34117.0,0.0,3.0,24.3
2018-09-06,377.006,34890,0.0,4,4,249,24.7,34521.0,0.0,4.0,24.8
2018-09-07,372.136,34524,0.0,5,5,250,23.7,34631.0,0.0,5.0,23.9
2018-09-08,334.112,29661,1.0,6,6,251,22.7,29281.0,1.0,6.0,23.9
2018-09-09,302.999,26810,1.0,7,7,252,20.6,28947.0,1.0,7.0,24.3
2018-09-10,335.9,31645,0.0,1,1,253,21.0,35098.0,0.0,1.0,25.6
2018-09-11,356.845,33276,0.0,2,2,254,24.1,35327.0,0.0,2.0,25.2
2018-09-12,366.046,34117,0.0,3,3,255,24.3,34991.0,0.0,3.0,25.1
2018-09-13,370.062,34521,0.0,4,4,256,24.8,35019.0,0.0,4.0,24.2
2018-09-14,371.851,34631,0.0,5,5,257,23.9,34892.0,0.0,5.0,24.2
2018-09-15,335.8769999999999,29281,1.0,6,6,258,23.9,30272.0,1.0,6.0,23.7
2018-09-16,318.079,28947,1.0,7,7,259,24.3,27876.0,1.0,7.0,24.1
2018-09-17,368.839,35098,0.0,1,1,260,25.6,27223.0,1.0,7.0,21.4
2018-09-18,381.095,35327,0.0,2,2,261,25.2,32749.0,0.0,1.0,21.4
2018-09-19,379.265,34991,0.0,3,3,262,25.1,31949.0,0.0,3.0,20.2
2018-09-20,378.609,35019,0.0,4,4,263,24.2,31946.0,0.0,4.0,20.8
2018-09-21,376.55800000000005,34892,0.0,5,5,264,24.2,31510.0,0.0,5.0,20.5
2018-09-22,342.7030000000001,30272,1.0,6,6,265,23.7,26812.0,1.0,6.0,19.3
2018-09-23,320.887,27876,1.0,7,7,266,24.1,25505.0,1.0,7.0,19.1
2018-09-24,309.14,27223,1.0,1,7,267,21.4,30707.0,0.0,1.0,20.3
2018-09-25,347.48,32749,0.0,2,1,268,21.4,30992.0,0.0,2.0,18.7
2018-09-26,348.654,31949,0.0,3,3,269,20.2,30579.0,0.0,3.0,18.7
2018-09-27,347.09,31946,0.0,4,4,270,20.8,29852.0,0.0,4.0,18.0
2018-09-28,341.958,31510,0.0,5,5,271,20.5,30375.0,0.0,5.0,19.4
2018-09-29,303.753,26812,1.0,6,6,272,19.3,27097.0,1.0,6.0,20.3
2018-09-30,283.926,25505,1.0,7,7,273,19.1,25871.0,1.0,7.0,19.1
2018-10-01,351.846,30707,0.0,1,1,274,20.3,30873.0,0.0,1.0,19.8
2018-10-02,359.01,30992,0.0,2,2,275,18.7,31288.0,0.0,5.0,20.2
2018-10-03,356.281,30579,0.0,3,3,276,18.7,27562.0,1.0,6.0,19.0
2018-10-04,351.454,29852,0.0,4,4,277,18.0,29875.0,0.0,1.0,16.9
2018-10-05,353.136,30375,0.0,5,5,278,19.4,29172.0,0.0,5.0,15.7
2018-10-06,329.47,27097,1.0,6,6,279,20.3,26162.0,1.0,6.0,17.2
2018-10-07,310.399,25871,1.0,7,7,280,19.1,25687.0,1.0,7.0,19.5
2018-10-08,354.458,30873,0.0,1,1,281,19.8,30538.0,0.0,1.0,20.1
2018-10-09,365.03,31288,0.0,2,5,282,20.2,31462.0,0.0,2.0,20.1
2018-10-10,333.921,27562,1.0,3,6,283,19.0,30079.0,0.0,3.0,17.6
2018-10-11,350.095,29875,0.0,4,1,284,16.9,30097.0,0.0,4.0,18.1
2018-10-12,344.462,29172,0.0,5,5,285,15.7,29952.0,0.0,5.0,16.4
2018-10-13,315.851,26162,1.0,6,6,286,17.2,26206.0,1.0,6.0,17.2
2018-10-14,304.1740000000001,25687,1.0,7,7,287,19.5,25377.0,1.0,7.0,19.1
2018-10-15,351.048,30538,0.0,1,1,288,20.1,30240.0,0.0,1.0,20.1
2018-10-16,363.656,31462,0.0,2,2,289,20.1,30450.0,0.0,2.0,19.0
2018-10-17,354.408,30079,0.0,3,3,290,17.6,30549.0,0.0,3.0,18.7
2018-10-18,352.926,30097,0.0,4,4,291,18.1,31029.0,0.0,4.0,20.5
2018-10-19,350.4840000000001,29952,0.0,5,5,292,16.4,31014.0,0.0,5.0,20.6
2018-10-20,319.19,26206,1.0,6,6,293,17.2,25586.0,1.0,6.0,16.3
2018-10-21,301.962,25377,1.0,7,7,294,19.1,24289.0,1.0,7.0,15.1
2018-10-22,346.347,30240,0.0,1,1,295,20.1,28439.0,0.0,1.0,16.2
2018-10-23,357.445,30450,0.0,2,2,296,19.0,29073.0,0.0,2.0,17.6
2018-10-24,357.468,30549,0.0,3,3,297,18.7,29060.0,0.0,3.0,15.6
2018-10-25,360.218,31029,0.0,4,4,298,20.5,28605.0,0.0,4.0,15.2
2018-10-26,358.892,31014,0.0,5,5,299,20.6,28905.0,0.0,5.0,18.1
2018-10-27,314.868,25586,1.0,6,6,300,16.3,26486.0,1.0,6.0,20.2
2018-10-28,288.4890000000001,24289,1.0,7,7,301,15.1,25391.0,1.0,7.0,19.7
2018-10-29,325.975,28439,0.0,1,1,302,16.2,29866.0,0.0,1.0,20.0
2018-10-30,339.912,29073,0.0,2,2,303,17.6,30772.0,0.0,2.0,20.9
2018-10-31,341.147,29060,0.0,3,3,304,15.6,30941.0,0.0,3.0,21.7
2018-11-01,338.427,28605,0.0,4,4,305,15.2,31419.0,0.0,4.0,20.5
2018-11-02,341.673,28905,0.0,5,5,306,18.1,30295.0,0.0,5.0,18.3
2018-11-03,318.748,26486,1.0,6,6,307,20.2,26927.0,1.0,6.0,19.4
2018-11-04,302.451,25391,1.0,7,7,308,19.7,25556.0,1.0,7.0,20.1
2018-11-05,345.595,29866,0.0,1,1,309,20.0,29963.0,0.0,1.0,19.1
2018-11-06,360.612,30772,0.0,2,2,310,20.9,29512.0,0.0,2.0,16.4
2018-11-07,363.293,30941,0.0,3,3,311,21.7,29437.0,0.0,3.0,16.2
2018-11-08,366.131,31419,0.0,4,4,312,20.5,29920.0,0.0,4.0,18.9
2018-11-09,358.827,30295,0.0,5,5,313,18.3,29969.0,0.0,5.0,19.7
2018-11-10,325.954,26927,1.0,6,6,314,19.4,26630.0,1.0,6.0,17.7
2018-11-11,306.277,25556,1.0,7,7,315,20.1,25682.0,1.0,7.0,20.4
2018-11-12,346.089,29963,0.0,1,1,316,19.1,29184.0,0.0,1.0,16.4
2018-11-13,351.06699999999995,29512,0.0,2,2,317,16.4,29730.0,0.0,2.0,17.2
2018-11-14,348.102,29437,0.0,3,3,318,16.2,30019.0,0.0,3.0,19.7
2018-11-15,352.4240000000001,29920,0.0,4,4,319,18.9,28817.0,0.0,4.0,14.2
2018-11-16,354.826,29969,0.0,5,5,320,19.7,28416.0,0.0,5.0,13.9
2018-11-17,323.6090000000001,26630,1.0,6,6,321,17.7,24811.0,1.0,6.0,17.4
2018-11-18,306.913,25682,1.0,7,7,322,20.4,24821.0,1.0,7.0,18.2
2018-11-19,340.579,29184,0.0,1,1,323,16.4,28884.0,0.0,1.0,16.0
2018-11-20,348.496,29730,0.0,2,2,324,17.2,29017.0,0.0,2.0,15.8
2018-11-21,353.98,30019,0.0,3,3,325,19.7,28956.0,0.0,3.0,15.0
2018-11-22,343.644,28817,0.0,4,4,326,14.2,28691.0,0.0,4.0,15.5
2018-11-23,337.844,28416,0.0,5,5,327,13.9,28562.0,0.0,5.0,17.5
2018-11-24,301.231,24811,1.0,6,6,328,17.4,25636.0,1.0,6.0,18.5
2018-11-25,292.251,24821,1.0,7,7,329,18.2,24981.0,1.0,7.0,19.4
2018-11-26,330.964,28884,0.0,1,1,330,16.0,28963.0,0.0,1.0,19.5
2018-11-27,339.07199999999995,29017,0.0,2,2,331,15.8,29868.0,0.0,2.0,20.1
2018-11-28,339.211,28956,0.0,3,3,332,15.0,29406.0,0.0,3.0,17.4
2018-11-29,336.713,28691,0.0,4,4,333,15.5,30019.0,0.0,4.0,19.4
2018-11-30,337.962,28562,0.0,5,5,334,17.5,28355.0,0.0,5.0,14.0
2018-12-01,312.456,25636,1.0,6,6,335,18.5,25188.0,1.0,6.0,13.5
2018-12-02,295.658,24981,1.0,7,7,336,19.4,24038.0,1.0,7.0,13.9
2018-12-03,336.661,28963,0.0,1,1,337,19.5,28631.0,0.0,1.0,17.2
2018-12-04,350.305,29868,0.0,2,2,338,20.1,28683.0,0.0,2.0,15.9
2018-12-05,350.37,29406,0.0,3,3,339,17.4,28236.0,0.0,3.0,10.7
2018-12-06,355.156,30019,0.0,4,4,340,19.4,28180.0,0.0,4.0,12.4
2018-12-07,342.55,28355,0.0,5,5,341,14.0,28184.0,0.0,5.0,13.2
2018-12-08,308.0490000000001,25188,1.0,6,6,342,13.5,25401.0,1.0,6.0,14.8
2018-12-09,289.51,24038,1.0,7,7,343,13.9,24544.0,1.0,7.0,15.7
2018-12-10,331.126,28631,0.0,1,1,344,17.2,27835.0,0.0,1.0,10.3
2018-12-11,342.3540000000001,28683,0.0,2,2,345,15.9,28111.0,0.0,2.0,12.4
2018-12-12,335.394,28236,0.0,3,3,346,10.7,28371.0,0.0,3.0,14.9
2018-12-13,336.03,28180,0.0,4,4,347,12.4,28520.0,0.0,4.0,16.7
2018-12-14,337.91,28184,0.0,5,5,348,13.2,28647.0,0.0,5.0,17.7
2018-12-15,309.932,25401,1.0,6,6,349,14.8,27178.0,0.0,5.0,19.1
2018-12-16,293.571,24544,1.0,7,7,350,15.7,24509.0,1.0,7.0,16.3
2018-12-17,323.9840000000001,27835,0.0,1,1,351,10.3,27928.0,0.0,1.0,13.1
2018-12-18,333.25,28111,0.0,2,2,352,12.4,28585.0,0.0,2.0,17.7
2018-12-19,336.05300000000005,28371,0.0,3,3,353,14.9,28463.0,0.0,3.0,16.8
2018-12-20,336.4190000000001,28520,0.0,4,4,354,16.7,27726.0,0.0,4.0,12.7
2018-12-21,339.254,28647,0.0,5,5,355,17.7,26844.0,0.0,5.0,9.7
2018-12-22,330.963,27178,0.0,6,5,356,19.1,24309.0,1.0,6.0,8.1
2018-12-23,297.123,24509,1.0,7,7,357,16.3,23326.0,1.0,7.0,10.7
2018-12-24,325.754,27928,0.0,1,1,358,13.1,23399.0,1.0,7.0,12.2
2018-12-25,340.321,28585,0.0,2,2,359,17.7,23872.0,1.0,7.0,12.2
2018-12-26,339.702,28463,0.0,3,3,360,16.8,28148.0,0.0,1.0,13.1
2018-12-27,332.31,27726,0.0,4,4,361,12.7,28452.0,0.0,4.0,14.8
2018-12-28,322.74,26844,0.0,5,5,362,9.7,28490.0,0.0,5.0,18.5
2018-12-29,294.146,24309,1.0,6,6,363,8.1,26054.0,1.0,6.0,16.3
2018-12-30,280.023,23326,1.0,7,7,364,10.7,24617.0,1.0,7.0,13.9
2018-12-31,277.72,23399,1.0,1,7,365,12.2,28536.0,0.0,1.0,16.5
2019-01-01,279.87,23872,1.0,2,7,1,12.2,28719.0,0.0,2.0,15.5
2019-01-02,323.08,28148,0.0,3,1,2,13.1,28764.882339790453,0.0,3.0,14.2
2019-01-03,336.597,28452,0.0,4,4,3,14.8,28862.21869114041,0.0,4.0,18.7
2019-01-04,339.02,28490,0.0,5,5,4,18.5,28108.227624300118,0.0,5.0,18.3
2019-01-05,315.825,26054,1.0,6,6,5,16.3,25834.217696335912,1.0,6.0,15.5
2019-01-06,295.08,24617,1.0,7,7,6,13.9,24869.14862545132,1.0,7.0,13.8
2019-01-07,330.9190000000001,28536,0.0,1,1,7,16.5,28393.388687139744,0.0,1.0,14.5
2019-01-08,340.713,28719,0.0,2,2,8,15.5,28622.87569858432,0.0,2.0,16.0
2019-01-09,339.42,28641,0.0,3,3,9,14.2,27798.80508446395,0.0,3.0,12.2
2019-01-10,345.741,29006,0.0,4,4,10,18.7,28296.703176230192,0.0,4.0,10.7
2019-01-11,345.3119999999999,28798,0.0,5,5,11,18.3,27694.456162512306,0.0,5.0,12.5
2019-01-12,316.377,25905,1.0,6,6,12,15.5,26417.736681342125,0.0,5.0,14.4
2019-01-13,295.069,24629,1.0,7,7,13,13.8,25083.326548689598,1.0,7.0,13.3
2019-01-14,330.529,28348,0.0,1,1,14,14.5,27583.42897952497,0.0,1.0,10.3
2019-01-15,341.9790000000001,28887,0.0,2,2,15,16.0,27445.168356138467,0.0,2.0,8.8
2019-01-16,338.771,28649,0.0,3,3,16,12.2,27777.835728496302,0.0,3.0,11.0
2019-01-17,337.237,28395,0.0,4,4,17,10.7,27858.142525359992,0.0,4.0,12.3
2019-01-18,333.5780000000001,27756,0.0,5,5,18,12.5,26959.967780849336,0.0,5.0,14.2
2019-01-19,323.444,26477,0.0,6,5,19,14.4,25169.050250530243,1.0,6.0,9.0
2019-01-20,293.809,24539,1.0,7,7,20,13.3,24348.137260013817,1.0,7.0,10.1
2019-01-21,324.539,27739,0.0,1,1,21,10.3,27417.22951769531,0.0,1.0,13.5
2019-01-22,334.246,28140,0.0,2,2,22,8.8,27565.76621541381,0.0,2.0,14.7
2019-01-23,333.761,27838,0.0,3,3,23,11.0,27955.67787393629,0.0,3.0,16.2
2019-01-24,334.577,27863,0.0,4,4,24,12.3,28063.45653276145,0.0,4.0,15.2
2019-01-25,332.047,27296,0.0,5,5,25,14.2,26768.686680731178,0.0,5.0,9.7
2019-01-26,307.745,25282,1.0,6,6,26,9.0,23954.08493180126,1.0,6.0,16.5
2019-01-27,291.033,24414,1.0,7,7,27,10.1,21701.781838899107,1.0,7.0,18.3
2019-01-28,322.911,27557,0.0,1,1,28,13.5,22029.10291413069,1.0,7.0,13.7
2019-01-29,331.844,27858,0.0,2,2,29,14.7,22343.222811795767,1.0,7.0,14.4
2019-01-30,331.523,27760,0.0,3,3,30,16.2,19643.47635788564,1.0,7.0,17.3
2019-01-31,326.577,27181,0.0,4,4,31,15.2,21358.85258306237,1.0,7.0,18.3
2019-02-01,301.346,24709,0.0,5,5,32,9.7,21563.23566720188,1.0,7.0,12.8
2019-02-02,278.967,23382,1.0,6,6,33,16.5,21797.265135012567,1.0,6.0,12.0
2019-02-03,267.92900000000003,22915,1.0,7,7,34,18.3,23224.571840855482,1.0,7.0,14.0
2019-02-04,246.263,20214,1.0,1,7,35,13.7,26769.05899909437,0.0,1.0,12.6
2019-02-05,235.887,19992,1.0,2,7,36,14.4,27187.361694622043,0.0,2.0,17.1
2019-02-06,237.257,19936,1.0,3,7,37,17.3,27935.113671672334,0.0,3.0,15.1
2019-02-07,243.67,20938,1.0,4,7,38,18.3,28405.577341720465,0.0,4.0,15.5
2019-02-08,253.768,21581,1.0,5,7,39,12.8,27833.179593709112,0.0,5.0,17.4
2019-02-09,262.905,22436,1.0,6,6,40,12.0,25941.915566319232,1.0,6.0,13.8
2019-02-10,268.156,23236,1.0,7,7,41,14.0,24419.241068321466,1.0,7.0,12.3
2019-02-11,308.329,26667,0.0,1,1,42,12.6,27245.52660382688,0.0,1.0,16.4
2019-02-12,327.839,27768,0.0,2,2,43,17.1,27587.231906223296,0.0,2.0,18.4
2019-02-13,333.045,27699,0.0,3,3,44,15.1,28565.57094776332,0.0,3.0,19.5
2019-02-14,335.846,28250,0.0,4,4,45,15.5,28875.155256345868,0.0,4.0,17.8
2019-02-15,337.226,28262,0.0,5,5,46,17.4,28102.275601264835,0.0,5.0,13.7
2019-02-16,311.235,25432,1.0,6,6,47,13.8,26308.13131904304,0.0,5.0,9.4
2019-02-17,289.13,24343,1.0,7,7,48,12.3,24912.48532428741,1.0,7.0,11.8
2019-02-18,330.202,28645,0.0,1,1,49,16.4,27539.585827621817,0.0,1.0,12.9
2019-02-19,342.86800000000005,28876,0.0,2,2,50,18.4,27550.976635599134,0.0,2.0,14.2
2019-02-20,346.477,29078,0.0,3,3,51,19.5,27135.24365181326,0.0,5.0,16.3
2019-02-21,346.271,28912,0.0,4,4,52,17.8,25621.793422281742,1.0,7.0,14.8
2019-02-22,340.97,28420,0.0,5,5,53,13.7,24022.77600990981,1.0,7.0,16.2
2019-02-23,324.355,26723,0.0,6,5,54,9.4,23057.645562350754,1.0,6.0,18.5
2019-02-24,294.814,24694,1.0,7,7,55,11.8,23438.625292652843,1.0,7.0,15.3
2019-02-25,326.311,28084,0.0,1,1,56,12.9,27582.14455702603,0.0,1.0,13.3
2019-02-26,336.45,28390,0.0,2,2,57,14.2,28069.12851191163,0.0,2.0,15.1
2019-02-27,336.677,28013,0.0,3,5,58,16.3,28567.414521905772,0.0,3.0,13.7
2019-02-28,310.838,25472,1.0,4,7,59,14.8,28744.402292847637,0.0,4.0,8.9
2019-03-01,299.202,24689,1.0,5,7,60,16.2,28109.334108191728,0.0,5.0,11.5
2019-03-02,296.127,24734,1.0,6,6,61,18.5,26176.868138188125,1.0,6.0,15.1
2019-03-03,288.39,24102,1.0,7,7,62,15.3,24545.917748126383,1.0,7.0,13.2
2019-03-04,322.631,27688,0.0,1,1,63,13.3,27605.59454528093,0.0,1.0,12.1
2019-03-05,336.545,28241,0.0,2,2,64,15.1,28051.073650377988,0.0,2.0,15.7
2019-03-06,337.025,28032,0.0,3,3,65,13.7,28448.83291712105,0.0,3.0,16.0
2019-03-07,336.3830000000001,28147,0.0,4,4,66,8.9,28504.644608303905,0.0,4.0,15.5
2019-03-08,335.8590000000001,27951,0.0,5,5,67,11.5,27578.18324816227,0.0,5.0,12.1
2019-03-09,314.3520000000001,25870,1.0,6,6,68,15.1,25196.89293600321,1.0,6.0,13.6
2019-03-10,295.376,24801,1.0,7,7,69,13.2,24318.52133246958,1.0,7.0,15.7
2019-03-11,326.54,27730,0.0,1,1,70,12.1,28208.188995546097,0.0,1.0,17.1
2019-03-12,334.596,27936,0.0,2,2,71,15.7,28582.988653051845,0.0,2.0,17.2
2019-03-13,337.439,28145,0.0,3,3,72,16.0,29770.40306563973,0.0,3.0,20.3
2019-03-14,338.9190000000001,28417,0.0,4,4,73,15.5,29591.29666912556,0.0,4.0,22.3
2019-03-15,335.598,27757,0.0,5,5,74,12.1,28474.342657190562,0.0,5.0,16.2
2019-03-16,309.487,25318,1.0,6,6,75,13.6,25163.689940437675,1.0,6.0,10.6
2019-03-17,291.782,24681,1.0,7,7,76,15.7,23571.885473001003,1.0,7.0,12.8
2019-03-18,331.8730000000001,28338,0.0,1,1,77,17.1,27172.002495488527,0.0,1.0,15.4
2019-03-19,345.332,28882,0.0,2,2,78,17.2,27900.21542449593,0.0,2.0,15.7
2019-03-20,351.897,29645,0.0,3,3,79,20.3,29802.207735371583,0.0,3.0,18.3
2019-03-21,358.451,30343,0.0,4,4,80,22.3,29726.07504072785,0.0,4.0,21.1
2019-03-22,352.32199999999995,29618,0.0,5,5,81,16.2,28797.233029302955,0.0,5.0,19.5
2019-03-23,312.816,25265,1.0,6,6,82,10.6,25763.71632758081,1.0,6.0,16.2
2019-03-24,294.599,24812,1.0,7,7,83,12.8,23985.346532192823,1.0,7.0,13.6
2019-03-25,333.343,28535,0.0,1,1,84,15.4,27586.59317745864,0.0,1.0,11.8
2019-03-26,342.917,28756,0.0,2,2,85,15.7,28316.896277982003,0.0,2.0,15.3
2019-03-27,348.038,29140,0.0,3,3,86,18.3,26865.798812177767,0.0,5.0,16.2
2019-03-28,356.775,30093,0.0,4,4,87,21.1,25761.469343185425,1.0,7.0,19.8
2019-03-29,354.27,29673,0.0,5,5,88,19.5,24326.544721841805,1.0,7.0,17.8
2019-03-30,317.793,25810,1.0,6,6,89,16.2,23473.535393595692,1.0,6.0,18.6
2019-03-31,296.502,24466,1.0,7,7,90,13.6,24656.89522480368,1.0,7.0,20.5
2019-04-01,322.237,27842,0.0,1,1,91,11.8,29275.65537447632,0.0,1.0,21.9
2019-04-02,332.233,28359,0.0,2,2,92,15.3,29767.490502667428,0.0,2.0,22.3
2019-04-03,334.523,28483,0.0,3,5,93,16.2,31202.723424553864,0.0,3.0,21.1
2019-04-04,308.423,25663,1.0,4,7,94,19.8,30959.1842481792,0.0,4.0,17.4
2019-04-05,289.731,24542,1.0,5,7,95,17.8,30174.86175848842,0.0,5.0,14.5
2019-04-06,291.974,24966,1.0,6,6,96,18.6,27103.348706793786,1.0,6.0,17.5
2019-04-07,292.531,25240,1.0,7,7,97,20.5,24569.92391299605,1.0,7.0,18.0
2019-04-08,343.332,30399,0.0,1,1,98,21.9,28261.543395510318,0.0,1.0,15.3
2019-04-09,361.969,31532,0.0,2,2,99,22.3,28888.589064586162,0.0,2.0,16.3
2019-04-10,363.597,31709,0.0,3,3,100,21.1,29627.911568772783,0.0,3.0,17.5
2019-04-11,353.842,30541,0.0,4,4,101,17.4,30096.128532767296,0.0,4.0,20.3
2019-04-12,341.524,29035,0.0,5,5,102,14.5,29512.157181531187,0.0,5.0,20.2
2019-04-13,318.247,26446,1.0,6,6,103,17.5,27366.413216274974,1.0,6.0,20.7
2019-04-14,302.953,25537,1.0,7,7,104,18.0,26759.067065751547,1.0,7.0,21.6
2019-04-15,331.727,28749,0.0,1,1,105,15.3,31512.51575140357,0.0,1.0,23.2
2019-04-16,339.36800000000005,29017,0.0,2,2,106,16.3,31923.569834589962,0.0,2.0,23.5
2019-04-17,343.38,29565,0.0,3,3,107,17.5,32879.38931996226,0.0,3.0,23.8
2019-04-18,350.574,30335,0.0,4,4,108,20.3,32706.119595646862,0.0,4.0,23.6
2019-04-19,351.81699999999995,30748,0.0,5,5,109,20.2,31787.76016718745,0.0,5.0,21.7
2019-04-20,322.525,26910,1.0,6,6,110,20.7,28038.24864095449,1.0,6.0,19.1
2019-04-21,308.722,26306,1.0,7,7,111,21.6,26929.344882351157,1.0,7.0,21.2
2019-04-22,358.61,31955,0.0,1,1,112,23.2,32044.283687359093,0.0,1.0,22.4
2019-04-23,375.742,33181,0.0,2,2,113,23.5,32507.887963342666,0.0,5.0,22.8
2019-04-24,380.015,33263,0.0,3,3,114,23.8,29345.912839883564,1.0,6.0,17.0
2019-04-25,380.781,33134,0.0,4,4,115,23.6,29280.330637425184,0.0,1.0,15.7
2019-04-26,376.86800000000005,32664,0.0,5,5,116,21.7,28447.80313191712,0.0,5.0,17.1
2019-04-27,336.58,27376,1.0,6,6,117,19.1,27518.01277680993,1.0,6.0,18.2
2019-04-28,317.806,26948,1.0,7,7,118,21.2,26272.331286913148,1.0,7.0,19.6
2019-04-29,367.385,32847,0.0,1,1,119,22.4,29369.986701762675,0.0,1.0,16.7
2019-04-30,378.092,33099,0.0,2,5,120,22.8,29288.447164046764,0.0,2.0,14.5
2019-05-01,324.099,26826,1.0,3,6,121,17.0,28881.809948256607,0.0,3.0,17.7
2019-05-02,332.184,28690,0.0,4,1,122,15.7,29384.258689016104,0.0,4.0,18.0
2019-05-03,329.559,28315,0.0,5,5,123,17.1,28475.688372960685,0.0,5.0,19.0
2019-05-04,305.945,25819,1.0,6,6,124,18.2,27037.97792373896,1.0,6.0,21.7
2019-05-05,293.362,25336,1.0,7,7,125,19.6,26658.75670642256,1.0,7.0,22.7
2019-05-06,327.298,28615,0.0,1,1,126,16.7,31060.764200049638,0.0,1.0,23.5
2019-05-07,330.93300000000005,28472,0.0,2,2,127,14.5,31464.582182204722,0.0,2.0,22.5
2019-05-08,335.394,28968,0.0,3,3,128,17.7,33557.58708614707,0.0,3.0,22.9
2019-05-09,339.6140000000001,29229,0.0,4,4,129,18.0,33352.773531109095,0.0,4.0,23.7
2019-05-10,341.478,29571,0.0,5,5,130,19.0,32590.083229190113,0.0,5.0,22.6
2019-05-11,317.072,26576,1.0,6,6,131,21.7,28897.499508309364,1.0,6.0,23.7
2019-05-12,306.971,26484,1.0,7,7,132,22.7,26807.8295615375,1.0,7.0,24.6
2019-05-13,358.075,32135,0.0,1,1,133,23.5,30920.68208773732,0.0,1.0,20.2
2019-05-14,374.205,33144,0.0,2,2,134,22.5,31134.269773828983,0.0,2.0,17.7
2019-05-15,377.077,32896,0.0,3,3,135,22.9,31238.811533981556,0.0,3.0,18.6
2019-05-16,383.442,33307,0.0,4,4,136,23.7,31297.73299697041,0.0,4.0,19.5
2019-05-17,377.138,32316,0.0,5,5,137,22.6,30548.24867253304,0.0,5.0,21.9
2019-05-18,353.717,29523,1.0,6,6,138,23.7,28066.465659093858,1.0,6.0,22.3
2019-05-19,337.522,28977,1.0,7,7,139,24.6,27291.932471418375,1.0,7.0,22.5
2019-05-20,361.999,32213,0.0,1,1,140,20.2,32190.80176678896,0.0,1.0,23.0
2019-05-21,348.55,29978,0.0,2,2,141,17.7,32524.486642766,0.0,2.0,20.4
2019-05-22,349.088,30150,0.0,3,3,142,18.6,32438.198047065736,0.0,3.0,17.4
2019-05-23,350.17800000000005,30430,0.0,4,4,143,19.5,32703.61971768737,0.0,4.0,22.1
2019-05-24,358.1740000000001,31548,0.0,5,5,144,21.9,32408.304815900327,0.0,5.0,23.9
2019-05-25,333.172,27810,1.0,6,6,145,22.3,30032.026240611078,1.0,6.0,23.4
2019-05-26,320.712,27905,1.0,7,7,146,22.5,28850.293865567437,1.0,7.0,24.4
2019-05-27,367.42800000000005,32521,0.0,1,1,147,23.0,33899.33337047696,0.0,1.0,23.5
2019-05-28,369.604,32242,0.0,2,2,148,20.4,34192.78998452425,0.0,2.0,23.3
2019-05-29,352.744,30319,0.0,3,3,149,17.4,34648.883769899614,0.0,3.0,23.9
2019-05-30,364.057,32116,0.0,4,4,150,22.1,33482.90173667669,0.0,5.0,25.0
2019-05-31,374.886,32971,0.0,5,5,151,23.9,31870.039213412998,1.0,7.0,25.3
2019-06-01,321.9190000000001,28860,1.0,6,6,152,23.4,28648.47461286187,1.0,6.0,25.0
2019-06-02,309.668,28856,1.0,7,7,153,24.4,28322.785056859248,1.0,7.0,25.4
2019-06-03,348.832,32958,0.0,1,1,154,23.5,33349.40588347912,0.0,1.0,23.7
2019-06-04,350.46,32409,0.0,2,2,155,23.3,33261.658775377284,0.0,2.0,21.5
2019-06-05,358.025,33916,0.0,3,3,156,23.9,33116.870849728584,0.0,3.0,20.4
2019-06-06,367.088,34889,0.0,4,5,157,25.0,32850.81924918294,0.0,4.0,21.7
2019-06-07,334.6040000000001,30068,1.0,5,7,158,25.3,32413.118032979964,0.0,5.0,20.2
2019-06-08,323.6670000000001,29548,1.0,6,6,159,25.0,29274.0548194766,1.0,6.0,20.6
2019-06-09,317.096,29408,1.0,7,7,160,25.4,27713.385414439435,1.0,7.0,23.5
2019-06-10,350.141,33355,0.0,1,1,161,23.7,33218.30661380887,0.0,1.0,24.0
2019-06-11,346.8830000000001,32126,0.0,2,2,162,21.5,33671.65968235731,0.0,2.0,25.3
2019-06-12,338.1790000000001,31095,0.0,3,3,163,20.4,35944.633533197644,0.0,3.0,26.2
2019-06-13,340.793,31680,0.0,4,4,164,21.7,35543.55150538683,0.0,4.0,26.3
2019-06-14,335.714,30877,0.0,5,5,165,20.2,35102.208678120376,0.0,5.0,26.1
2019-06-15,307.399,27686,1.0,6,6,166,20.6,30991.13132712245,1.0,6.0,24.8
2019-06-16,299.822,27673,1.0,7,7,167,23.5,28756.677992397537,1.0,7.0,22.3
2019-06-17,348.695,33703,0.0,1,1,168,24.0,33609.4698212862,0.0,1.0,21.7
2019-06-18,368.608,34739,0.0,2,2,169,25.3,33947.53468016386,0.0,2.0,22.7
2019-06-19,377.364,35601,0.0,3,3,170,26.2,34444.49266971946,0.0,3.0,23.3
2019-06-20,384.09,35959,0.0,4,4,171,26.3,34533.073980242014,0.0,4.0,23.8
2019-06-21,382.262,35928,0.0,5,5,172,26.1,34529.49358791709,0.0,5.0,25.4
2019-06-22,349.223,30923,1.0,6,6,173,24.8,32022.18930186629,1.0,6.0,25.9
2019-06-23,317.445,28305,1.0,7,7,174,22.3,30237.104667294017,1.0,7.0,25.7
2019-06-24,339.907,31688,0.0,1,1,175,21.7,35660.658014500135,0.0,1.0,25.9
2019-06-25,351.381,33290,0.0,2,2,176,22.7,35923.262723708154,0.0,2.0,24.9
2019-06-26,350.162,32816,0.0,3,3,177,23.3,35899.32495325208,0.0,3.0,24.4
2019-06-27,356.885,33465,0.0,4,4,178,23.8,35534.105150431395,0.0,4.0,25.3
2019-06-28,366.75,34963,0.0,5,5,179,25.4,35163.180630892515,0.0,5.0,25.7
2019-06-29,342.722,30553,1.0,6,6,180,25.9,31555.066073727612,1.0,6.0,25.4
2019-06-30,327.88199999999995,30083,1.0,7,7,181,25.7,29892.412223201984,1.0,7.0,25.7
2019-07-01,355.35,35215,0.0,1,1,182,25.9,35304.212809515,0.0,1.0,25.5
2019-07-02,359.015,35052,0.0,2,2,183,24.9,35605.65373032093,0.0,2.0,25.6
2019-07-03,348.871,33953,0.0,3,3,184,24.4,36110.00893486739,0.0,3.0,26.1
2019-07-04,352.36800000000005,34157,0.0,4,4,185,25.3,35858.67011579871,0.0,4.0,24.7
2019-07-05,350.28,33853,0.0,5,5,186,25.7,35736.718208265294,0.0,5.0,24.8
2019-07-06,322.884,30014,1.0,6,6,187,25.4,32478.88549358249,1.0,6.0,25.6
2019-07-07,312.81,29965,1.0,7,7,188,25.7,30641.463850277658,1.0,7.0,25.3
2019-07-08,354.286,35166,0.0,1,1,189,25.5,36281.420823389286,0.0,1.0,25.2
2019-07-09,360.449,34886,0.0,2,2,190,25.6,36561.19968419075,0.0,2.0,25.4
2019-07-10,363.084,35267,0.0,3,3,191,26.1,36960.95910308957,0.0,3.0,25.1
2019-07-11,359.087,34564,0.0,4,4,192,24.7,36072.23145443201,0.0,4.0,24.1
2019-07-12,360.1269999999999,35638,0.0,5,5,193,24.8,35279.11720135808,0.0,5.0,25.5
2019-07-13,334.682,31353,1.0,6,6,194,25.6,30799.90036505461,1.0,6.0,25.7
2019-07-14,321.452,30941,1.0,7,7,195,25.3,28942.943458938593,1.0,7.0,24.5
2019-07-15,364.893,36261,0.0,1,1,196,25.2,34240.657442170384,0.0,1.0,23.3
2019-07-16,376.816,36926,0.0,2,2,197,25.4,34583.84498015642,0.0,2.0,23.3
2019-07-17,381.033,37383,0.0,3,3,198,25.1,36032.19436163306,0.0,3.0,25.0
2019-07-18,373.161,35922,0.0,4,4,199,24.1,35648.044561177485,0.0,4.0,25.6
2019-07-19,364.325,35484,0.0,5,5,200,25.5,35461.75125015974,0.0,5.0,25.7
2019-07-20,329.5630000000001,30618,1.0,6,6,201,25.7,31831.2860591352,1.0,6.0,25.2
2019-07-21,311.096,29604,1.0,7,7,202,24.5,30119.692374700302,1.0,7.0,24.8
2019-07-22,345.826,34488,0.0,1,1,203,23.3,35687.62643370628,0.0,1.0,25.2
2019-07-23,354.659,35004,0.0,2,2,204,23.3,35995.7700350523,0.0,2.0,25.6
2019-07-24,360.731,35571,0.0,3,3,205,25.0,36429.58151008487,0.0,3.0,26.0
2019-07-25,367.923,35955,0.0,4,4,206,25.6,35832.48274940252,0.0,4.0,25.8
2019-07-26,369.37,36523,0.0,5,5,207,25.7,35371.87724795342,0.0,5.0,24.7
2019-07-27,333.98,31207,1.0,6,6,208,25.2,31487.20205686092,1.0,6.0,25.0
2019-07-28,312.766,29654,1.0,7,7,209,24.8,29869.813181579102,1.0,7.0,26.4
2019-07-29,357.657,35554,0.0,1,1,210,25.2,35392.694665557145,0.0,1.0,25.4
2019-07-30,372.518,36647,0.0,2,2,211,25.6,35692.47062743902,0.0,2.0,24.7
2019-07-31,374.6230000000001,36807,0.0,3,3,212,26.0,36629.49408115745,0.0,3.0,24.4
2019-08-01,375.41,36482,0.0,4,4,213,25.8,35983.335297733545,0.0,4.0,24.4
2019-08-02,365.826,35775,0.0,5,5,214,24.7,35536.774017310134,0.0,5.0,23.9
2019-08-03,335.586,31045,1.0,6,6,215,25.0,31781.342594784503,1.0,6.0,27.2
2019-08-04,328.514,31333,1.0,7,7,216,26.4,29834.52241203784,1.0,7.0,26.3
2019-08-05,371.635,36721,0.0,1,1,217,25.4,35198.405252802375,0.0,1.0,24.8
2019-08-06,374.848,36386,0.0,2,2,218,24.7,35488.24610795975,0.0,2.0,26.0
2019-08-07,374.025,36067,0.0,3,3,219,24.4,35312.78988477588,0.0,3.0,26.2
2019-08-08,371.513,36331,0.0,4,4,220,24.4,34799.389165818684,0.0,4.0,25.6
2019-08-09,336.511,30740,0.0,5,5,221,23.9,34202.85516870022,0.0,5.0,25.1
2019-08-10,338.342,31478,1.0,6,6,222,27.2,30300.131852459912,1.0,6.0,26.1
2019-08-11,328.236,31064,1.0,7,7,223,26.3,28177.204757994416,1.0,7.0,24.2
2019-08-12,357.815,34479,0.0,1,1,224,24.8,33149.46368564367,0.0,1.0,22.8
2019-08-13,357.298,33906,0.0,2,2,225,26.0,33470.96605374813,0.0,2.0,23.8
2019-08-14,369.086,36100,0.0,3,3,226,26.2,34710.607834339135,0.0,3.0,23.7
2019-08-15,364.341,34275,0.0,4,4,227,25.6,34567.386725723736,0.0,4.0,24.9
2019-08-16,357.62,34379,0.0,5,5,228,25.1,34482.96381382346,0.0,5.0,25.0
2019-08-17,330.097,30424,1.0,6,6,229,26.1,31208.539105170967,1.0,6.0,23.8
2019-08-18,307.806,28616,1.0,7,7,230,24.2,29695.333645039784,1.0,7.0,25.0
2019-08-19,337.2030000000001,32954,0.0,1,1,231,22.8,35144.434569525714,0.0,1.0,24.8
2019-08-20,343.997,33328,0.0,2,2,232,23.8,35447.77813388109,0.0,2.0,25.4
2019-08-21,347.032,33542,0.0,3,3,233,23.7,35873.01003301144,0.0,3.0,26.3
2019-08-22,357.805,34983,0.0,4,4,234,24.9,35259.58015012741,0.0,4.0,26.0
2019-08-23,362.903,35157,0.0,5,5,235,25.0,34535.78652366996,0.0,5.0,24.1
2019-08-24,321.683,28996,1.0,6,6,236,23.8,32226.328234666587,1.0,6.0,25.3
2019-08-25,305.622,28990,1.0,7,7,237,25.0,29470.92502073645,1.0,7.0,25.9
2019-08-26,352.365,35049,0.0,1,1,238,24.8,33162.711377042535,0.0,1.0,25.6
2019-08-27,363.805,35593,0.0,2,2,239,25.4,32024.565910100937,1.0,2.0,24.8
2019-08-28,371.723,36507,0.0,3,3,240,26.3,34746.099964332585,0.0,3.0,22.8
2019-08-29,374.8130000000001,36368,0.0,4,4,241,26.0,34419.27062559128,0.0,4.0,22.3
2019-08-30,359.782,34613,0.0,5,5,242,24.1,33996.855718523264,0.0,5.0,23.9
2019-08-31,329.676,30636,1.0,6,6,243,25.3,30600.179003351932,1.0,6.0,24.3
2019-09-01,332.912,29629,1.0,7,7,244,25.9,29127.869469743964,1.0,7.0,23.5
2019-09-02,374.997,35383,0.0,1,1,245,25.6,34389.805722784986,0.0,1.0,23.6
2019-09-03,382.283,35469,1.0,2,2,246,24.8,34666.30059822799,0.0,2.0,24.6
2019-09-04,369.469,33717,0.0,3,3,247,22.8,35638.67218816876,0.0,3.0,25.5
2019-09-05,363.107,33277,0.0,4,4,248,22.3,34245.684109807014,0.0,5.0,24.5
2019-09-06,365.96,34200,0.0,5,5,249,23.9,32493.421010279657,1.0,7.0,24.3
2019-09-07,339.934,30088,1.0,6,6,250,24.3,28617.860885262486,1.0,6.0,23.4
2019-09-08,323.579,29047,1.0,7,7,251,23.5,27986.02418498992,1.0,7.0,22.1
2019-09-09,364.627,34357,0.0,1,1,252,23.6,33418.967965531345,0.0,1.0,21.8
2019-09-10,375.452,34664,0.0,2,2,253,24.6,33377.18568509817,0.0,2.0,21.7
2019-09-11,379.44,35341,0.0,3,3,254,25.5,33214.538058435915,0.0,3.0,20.9
2019-09-12,379.549,35264,0.0,4,5,255,24.5,32589.53719887137,0.0,4.0,20.2
2019-09-13,336.406,29375,1.0,5,7,256,24.3,31610.841825819014,0.0,5.0,19.2
2019-09-14,324.443,28676,1.0,6,6,257,23.4,27858.91152003705,1.0,6.0,18.4
2019-09-15,315.099,28191,1.0,7,7,258,22.1,25212.78474802375,1.0,7.0,19.5
2019-09-16,353.608,33228,0.0,1,1,259,21.8,30291.08012843728,0.0,1.0,19.9
2019-09-17,358.369,32961,0.0,2,2,260,21.7,30998.161813771723,0.0,2.0,19.5
2019-09-18,353.586,32428,0.0,3,3,261,20.9,34529.0,0.0,3.0,20.0
2019-09-19,345.22,31508,0.0,4,4,262,20.2,34270.5,0.0,4.0,20.7
2019-09-20,335.219,30594,0.0,5,5,263,19.2,31787.5,0.0,5.0,21.3
2019-09-21,299.075,26460,1.0,6,6,264,18.4,29382.0,1.0,6.0,22.1
2019-09-22,285.911,25836,1.0,7,7,265,19.5,28619.0,1.0,7.0,22.9
2019-09-23,322.52,29947,0.0,1,1,266,19.9,33792.5,0.0,1.0,21.5
2019-09-24,331.081,30106,0.0,2,2,267,19.5,33812.5,0.0,2.0,22.7
2019-09-25,333.2519999999999,30709,0.0,3,3,268,20.0,33884.5,0.0,3.0,24.5
2019-09-26,339.548,31162,0.0,4,4,269,20.7,33386.0,0.0,4.0,23.4
2019-09-27,342.48800000000006,31255,0.0,5,5,270,21.3,29984.5,0.0,5.0,23.1
2019-09-28,317.598,28161,1.0,6,6,271,22.1,27568.0,1.0,6.0,23.2
2019-09-29,306.994,27926,1.0,7,7,272,22.9,27013.5,1.0,7.0,22.5
2019-09-30,317.882,28505,0.0,1,1,273,21.5,31587.5,0.0,1.0,22.9
