Date,PeakingPower(MW),NetPeakingPower(MW),ReserveMargin(MW),Percent Reserve Margin(%),IndustryElec(kW),Elec(kW),isHoliday,isHoliday(Next7)
2016/1/1,23038,25366,2328,10.11,263.799,189.3,1,0
2016/1/2,23209,25179,1970,8.49,261.975,187.991,1,1
2016/1/3,23686,26219,2533,10.69,266.167,190.999,1,1
2016/1/4,27518,29528,2010,7.31,302.227,216.875,0,0
2016/1/5,27635,29735,2100,7.6,313.328,224.841,0,0
2016/1/6,27278,30424,3146,11.53,311.174,223.296,0,0
2016/1/7,27210,30137,2927,10.76,307.244,220.475,0,0
2016/1/8,26400,28713,2313,8.76,304.049,218.183,0,0
2016/1/9,24308,27127,2819,11.6,282.141,202.461,1,1
2016/1/10,23490,25374,1884,8.02,267.17,191.718,1,1
2016/1/11,27207,28904,1697,6.24,302.529,217.091,0,0
2016/1/12,26747,30325,3578,13.38,304.97,218.844,0,0
2016/1/13,26951,30162,3211,11.91,307.894,220.942,0,0
2016/1/14,26898,30778,3880,14.43,307.045,220.332,0,0
2016/1/15,26797,29930,3133,11.69,307.694,220.799,0,0
2016/1/16,23911,26768,2857,11.95,275.077,197.392,1,1
2016/1/17,23956,26311,2355,9.83,271.721,194.984,1,1
2016/1/18,26443,29689,3246,12.27,295.183,211.82,0,0
2016/1/19,26937,30024,3087,11.46,305.449,219.188,0,0
2016/1/20,27038,29909,2871,10.62,307.466,220.634,0,0
2016/1/21,27091,29817,2726,10.06,309.751,222.275,0,0
2016/1/22,26563,29264,2701,10.17,307.307,220.521,0,0
2016/1/23,24997,27046,2049,8.2,290.329,208.338,1,0
2016/1/24,25062,26657,1595,6.36,280.777,201.482,1,1
2016/1/25,27089,29291,2202,8.13,305.607,219.3,0,0
2016/1/26,26595,30053,3458,13,308.178,221.145,0,0
2016/1/27,26946,29205,2259,8.38,310.592,222.878,0,0
2016/1/28,27249,29573,2324,8.53,311.606,223.606,0,0
2016/1/29,26931,29120,2189,8.13,311.922,223.832,0,0
2016/1/30,25706,28835,3129,12.17,301.401,216.283,0,1
2016/1/31,23620,26618,2998,12.69,271.86,195.084,1,1
2016/2/1,26578,29096.6,2518.6,9.48,294.448,224.195,0,1
2016/2/2,26843,29472,2629,9.79,302.971,230.683,0,1
2016/2/3,26603,28694,2091,7.86,300.85,229.069,0,1
2016/2/4,25990,28605,2615,10.06,295.411,224.928,0,1
2016/2/5,23766,28011,4245,17.86,276.526,210.548,0,1
2016/2/6,21847,24927,3080,14.1,247.058,188.111,1,1
2016/2/7,19544,22646,3102,15.87,222.883,169.704,1,1
2016/2/8,19297,23038,3741,19.38,213.54,162.591,1,0
2016/2/9,19097,23090,3993,20.91,212.242,161.602,1,0
2016/2/10,19431,23468,4037,20.78,215.612,164.169,1,0
2016/2/11,20515,24938,4423,21.56,225.185,171.457,1,0
2016/2/12,22169,24293,2124,9.58,240.902,183.425,1,0
2016/2/13,22303,25913,3610,16.19,245.255,186.738,1,1
2016/2/14,22334,25784,3450,15.45,248.261,189.027,1,1
2016/2/15,25509,29293,3784,14.83,280.218,213.359,0,0
2016/2/16,26477,29625,3148,11.89,297.046,226.173,0,0
2016/2/17,26608,29802,3194,12.01,299.98,228.407,0,0
2016/2/18,26740,29382,2642,9.88,301.153,229.299,0,0
2016/2/19,26526,29331,2805,10.57,301.254,229.377,0,0
2016/2/20,24647,27436,2789,11.31,283.875,216.144,1,1
2016/2/21,23892,25982,2090,8.75,267.842,203.937,1,1
2016/2/22,26406,29214,2808,10.63,294.557,224.278,0,1
2016/2/23,26790,30415,3625,13.53,302.147,230.057,0,0
2016/2/24,26917,29788,2871,10.67,305.394,232.528,0,0
2016/2/25,26971,30016,3045,11.29,305.884,232.902,0,0
2016/2/26,26706,29308,2602,9.74,304.191,231.613,0,0
2016/2/27,24411,26766,2355,9.65,281.829,214.587,1,1
2016/2/28,22926,26199,3273,14.28,260.066,198.015,1,1
2016/2/29,23504,26535,3031,12.89,264.255,201.206,1,0
2016/3/1,26354,29879,3525,13.38,298.613,209.599,0,0
2016/3/2,26497,29483,2986,11.27,304.836,213.966,0,0
2016/3/3,26646,29141,2495,9.36,306.628,215.224,0,0
2016/3/4,26427,29527,3100,11.73,307.474,215.818,0,0
2016/3/5,24470,27115,2645,10.81,288.564,202.545,1,1
2016/3/6,23542,26437,2895,12.3,271.407,190.502,1,1
2016/3/7,27304,29456,2152,7.88,307.043,215.516,0,0
2016/3/8,27654,29731,2077,7.51,319.805,224.474,0,0
2016/3/9,26907,29705,2798,10.4,317.294,222.711,0,0
2016/3/10,26784,29050,2266,8.46,314.376,220.662,0,0
2016/3/11,26528,29253,2725,10.27,311.391,218.568,0,0
2016/3/12,24511,27098,2587,10.55,292.173,205.079,1,1
2016/3/13,24224,26497,2273,9.38,277.227,194.588,1,1
2016/3/14,26676,30174,3498,13.11,304.216,213.532,0,0
2016/3/15,27319,29675,2356,8.63,315.782,221.65,0,0
2016/3/16,27042,29735,2693,9.96,315.692,221.586,0,0
2016/3/17,27370,30129,2759,10.08,316.612,222.233,0,0
2016/3/18,27816,30829,3013,10.83,322.942,226.676,0,0
2016/3/19,25529,28375,2846,11.15,304.993,214.076,1,1
2016/3/20,24119,26595,2476,10.26,281.437,197.542,1,1
2016/3/21,27353,29844,2491,9.11,309.544,217.272,0,0
2016/3/22,27449,30737,3288,11.98,317.491,222.849,0,0
2016/3/23,27273,31055,3782,13.87,319.971,224.59,0,0
2016/3/24,27102,30530,3428,12.65,315.022,221.117,0,0
2016/3/25,26600,29823,3223,12.12,313.947,220.362,0,0
2016/3/26,24112,27824,3712,15.39,286.315,200.966,1,1
2016/3/27,23701,26307,2606,11,270.214,189.665,1,1
2016/3/28,26145,28776,2631,10.06,296.779,208.312,0,1
2016/3/29,26347,29180,2833,10.75,306.254,214.962,0,1
2016/3/30,26698,29531,2833,10.61,310.441,217.901,0,0
2016/3/31,26999,30019,3020,11.19,314.404,220.682,0,0
2016/4/1,26995,30409,3414,12.65,312.646,219.232,0,0
2016/4/2,24959,28265,3306,13.25,294.438,206.464,1,1
2016/4/3,24092,27502,3410,14.15,278.92,195.583,1,1
2016/4/4,23523,26814,3291,13.99,272.195,190.868,1,0
2016/4/5,24713,27357,2644,10.7,281.428,197.341,1,0
2016/4/6,28790,31021,2231,7.75,323.066,226.538,0,0
2016/4/7,29597,31831,2234,7.55,341.29,239.318,0,0
2016/4/8,28836,31675,2839,9.84,338.093,237.076,0,0
2016/4/9,25877,29428,3551,13.72,310.529,217.748,1,1
2016/4/10,24787,27856,3069,12.38,291.419,204.347,1,1
2016/4/11,27692,29636,1944,7.02,317.229,222.445,0,0
2016/4/12,28276,31131,2855,10.1,325.801,228.456,0,0
2016/4/13,28251,30868,2617,9.26,330.042,231.43,0,0
2016/4/14,28635,30660,2025,7.07,330.043,231.432,0,0
2016/4/15,28282,31123,2841,10.05,327.056,229.337,0,0
2016/4/16,26506,28856,2350,8.86,310.897,218.006,1,1
2016/4/17,25264,27848,2584,10.23,293.836,206.042,1,1
2016/4/18,27325,31229,3904,14.29,317.782,222.834,0,0
2016/4/19,27957,31208,3251,11.63,321.359,225.342,0,0
2016/4/20,28691,31172,2481,8.65,333.098,233.574,0,0
2016/4/21,30333,32189,1856,6.12,347.572,243.722,0,0
2016/4/22,29963,32388,2425,8.09,350.015,245.435,0,0
2016/4/23,27062,31029,3967,14.66,324.412,227.483,1,1
2016/4/24,25738,28680,2942,11.43,301.984,211.755,1,1
2016/4/25,29632,32007,2375,8.01,338.771,237.552,0,0
2016/4/26,30373,32852,2479,8.16,351.746,246.65,0,0
2016/4/27,30202,32579,2377,7.87,350.954,246.094,0,0
2016/4/28,28946,32054,3108,10.74,340.334,238.647,0,0
2016/4/29,27688,31448,3760,13.58,325.163,228.01,0,0
2016/4/30,25115,28712,3597,14.33,301.027,211.084,1,1
2016/5/1,24359,27660,3301,13.55,266.064,200.403,1,1
2016/5/2,26796,31026,4230,15.79,286.766,215.996,0,0
2016/5/3,30026,33073,3047,10.15,323.355,243.556,0,0
2016/5/4,30518,32394,1876,6.15,331.122,249.406,0,0
2016/5/5,31405,33359,1954,6.22,338.723,255.132,0,0
2016/5/6,31971,33272,1301,4.07,344.832,259.733,0,0
2016/5/7,28747,32063,3316,11.53,326.42,245.864,1,1
2016/5/8,27417,30688,3271,11.93,304.913,229.665,1,1
2016/5/9,32065,33361,1296,4.04,344.06,259.151,0,0
2016/5/10,31797,34504,2707,8.51,347.755,261.935,0,0
2016/5/11,29278,33192,3914,13.37,325.03,244.818,0,0
2016/5/12,30566,32452,1886,6.17,332.188,250.209,0,0
2016/5/13,31640,33186,1546,4.89,339.851,255.98,0,0
2016/5/14,28292,31811,3519,12.44,320.346,241.289,1,1
2016/5/15,27346,30170,2824,10.33,303.024,228.242,1,1
2016/5/16,29103,32594,3491,12,318.917,240.213,0,0
2016/5/17,28435,32923,4488,15.78,311.704,234.78,0,0
2016/5/18,29708,32781,3073,10.35,319.977,241.011,0,0
2016/5/19,30228,32817,2589,8.57,326.806,246.155,0,0
2016/5/20,30557,33532,2975,9.74,330.552,248.976,0,0
2016/5/21,27163,30277,3114,11.47,306.874,231.142,1,1
2016/5/22,26378,28817,2439,9.25,288.727,217.473,1,1
2016/5/23,30776,32475,1699,5.52,328.608,247.512,0,0
2016/5/24,31057,33377,2320,7.47,338.421,254.904,0,0
2016/5/25,31459,33461,2002,6.37,340.922,256.787,0,0
2016/5/26,32223,34265,2042,6.34,348.879,262.78,0,0
2016/5/27,33124,34399,1275,3.85,357.192,269.043,0,0
2016/5/28,29766,31576,1810,6.08,338.069,254.638,1,0
2016/5/29,29555,30864,1309,4.43,324.304,244.271,1,1
2016/5/30,34081,35001,920,2.7,365.125,275.018,0,0
2016/5/31,34425,34989,564,1.64,375.438,282.785,0,0
2016/6/1,34124,35082,958,2.81,355.215,300.466,0,0
2016/6/2,32431,35094,2663,8.21,347.41,293.865,0,1
2016/6/3,33946,35874,1928,5.68,351.215,297.083,0,1
2016/6/4,34123,35596,1473,4.32,349.332,295.49,0,1
2016/6/5,28874,31574,2700,9.35,308.796,261.201,1,1
2016/6/6,31993,34682,2689,8.4,328.018,277.462,0,0
2016/6/7,32998,35130,2132,6.46,336.767,284.861,0,0
2016/6/8,33077,35115,2038,6.16,335.642,283.91,0,0
2016/6/9,27797,29973,2176,7.83,301.871,255.345,1,0
2016/6/10,27072,29718,2646,9.77,288.771,244.264,1,0
2016/6/11,26232,29496,3264,12.44,279.589,236.497,1,1
2016/6/12,26353,29721,3368,12.78,275.22,232.8,1,1
2016/6/13,30642,34374,3732,12.18,310.887,262.97,0,0
2016/6/14,31018,33997,2979,9.6,320.107,270.769,0,0
2016/6/15,33095,35588,2493,7.53,332.867,281.562,0,0
2016/6/16,33896,35781,1885,5.56,345.413,292.175,0,0
2016/6/17,34077,35612,1535,4.5,346.337,292.957,0,0
2016/6/18,30766,33626,2860,9.29,322.227,272.562,1,1
2016/6/19,29277,32053,2776,9.48,305.467,258.386,1,1
2016/6/20,34247,35690,1443,4.21,341.255,288.658,0,0
2016/6/21,34399,36067,1668,4.85,348.471,294.761,0,0
2016/6/22,35168,36432,1264,3.59,356.334,301.413,0,0
2016/6/23,35209,36275,1066,3.03,359.437,304.037,0,0
2016/6/24,35075,36314,1239,3.53,354.694,300.025,0,0
2016/6/25,31647,34068,2421,7.65,331.967,280.801,1,1
2016/6/26,29970,32151,2181,7.28,315.82,267.143,1,1
2016/6/27,35049,36248,1199,3.42,351.729,297.518,0,0
2016/6/28,35041,36440,1399,3.99,356.032,301.158,0,0
2016/6/29,34994,36559,1565,4.47,354.8,300.116,0,0
2016/6/30,34391,36255,1864,5.42,349.669,295.775,0,0
2016/7/1,34802,36962,2160,6.21,347.142,310.345,0,0
2016/7/2,31298,34415,3117,9.96,320.651,286.662,1,1
2016/7/3,28463,31785,3322,11.67,301.726,269.743,1,1
2016/7/4,34544,36193,1649,4.77,339.579,303.584,0,0
2016/7/5,35044,36886,1842,5.26,352.362,315.012,0,0
2016/7/6,35560,36653,1093,3.07,356.913,319.081,0,0
2016/7/7,34436,35717,1281,3.72,346.939,310.163,0,0
2016/7/8,27522,30859,3337,12.13,279.182,249.588,0,0
2016/7/9,28462,32781,4319,15.17,296.858,265.392,1,1
2016/7/10,27433,31004,3571,13.02,287.639,257.149,1,1
2016/7/11,32223,35848,3625,11.25,321.534,287.451,0,0
2016/7/12,33305,35793,2488,7.47,332.387,297.155,0,0
2016/7/13,33967,36211,2244,6.61,339.985,303.946,0,0
2016/7/14,34855,36787,1932,5.54,348.613,311.66,0,0
2016/7/15,35037,36996,1959,5.59,350.818,313.631,0,0
2016/7/16,31815,33537,1722,5.41,331.79,296.62,1,1
2016/7/17,29796,32295,2499,8.39,314.573,281.229,1,1
2016/7/18,34270,36347,2077,6.06,338.699,302.797,0,0
2016/7/19,34329,36525,2196,6.4,341.696,305.477,0,0
2016/7/20,34718,37024,2306,6.64,345.118,308.535,0,0
2016/7/21,35041,37262,2221,6.34,351.554,314.289,0,0
2016/7/22,35006,36899,1893,5.41,352.575,315.203,0,0
2016/7/23,31673,34321,2648,8.36,328.181,293.394,1,1
2016/7/24,29923,32119,2196,7.34,312.392,279.278,1,1
2016/7/25,34954,36279,1325,3.79,348.04,311.149,0,0
2016/7/26,35326,37267,1941,5.49,356.899,319.068,0,0
2016/7/27,35821,37364,1543,4.31,360.096,321.927,0,0
2016/7/28,36199,37422,1223,3.38,364.545,325.903,0,0
2016/7/29,35987,37012,1025,2.85,359.428,321.328,0,0
2016/7/30,32110,34085,1975,6.15,330.595,295.553,1,1
2016/7/31,30442,32163,1721,5.65,314.899,281.52,1,1
2016/8/1,34489,36461,1972,5.72,350.046,325.663,0,0
2016/8/2,34924,36600,1676,4.8,354.416,329.728,0,0
2016/8/3,35044,37012,1968,5.62,354.633,329.931,0,0
2016/8/4,35557,37227,1670,4.7,359.671,334.617,0,0
2016/8/5,35362,36932,1570,4.44,359.712,334.656,0,0
2016/8/6,31576,34712,3136,9.93,333.141,309.936,1,1
2016/8/7,29565,32385,2820,9.54,312.828,291.038,1,1
2016/8/8,35231,36745,1514,4.3,350.599,326.177,0,0
2016/8/9,35442,37279,1837,5.18,359.236,334.214,0,0
2016/8/10,35633,37214,1581,4.44,359.371,334.338,0,0
2016/8/11,33314,36265,2951,8.86,348.172,323.92,0,0
2016/8/12,33105,35804,2699,8.15,341.854,318.042,0,0
2016/8/13,28623,33433,4810,16.81,308.898,287.381,1,1
2016/8/14,28566,31907,3341,11.7,299.113,278.279,1,1
2016/8/15,33890,36214,2324,6.86,340.12,316.428,0,0
2016/8/16,33991,36891,2900,8.53,345.143,321.101,0,0
2016/8/17,33320,36601,3281,9.85,339.067,315.449,0,0
2016/8/18,33817,36502,2685,7.94,343.251,319.341,0,0
2016/8/19,34356,36828,2472,7.19,341.773,317.966,0,0
2016/8/20,30375,32964,2589,8.52,318.509,296.324,1,1
2016/8/21,29016,31847,2831,9.76,305.468,284.191,1,1
2016/8/22,34922,36909,1987,5.69,345.978,321.878,0,0
2016/8/23,34983,37291,2308,6.6,356.374,331.55,0,0
2016/8/24,35243,36643,1400,3.97,358.713,333.726,0,0
2016/8/25,35218,36678,1460,4.15,358.874,333.876,0,0
2016/8/26,34942,36979,2037,5.83,357.666,332.753,0,0
2016/8/27,30595,33548,2953,9.65,327.236,304.443,1,1
2016/8/28,27632,30677,3045,11.02,297.263,276.557,1,1
2016/8/29,32134,35177,3043,9.47,320.662,298.326,0,0
2016/8/30,31495,35487,3992,12.68,322.777,300.293,0,0
2016/8/31,32613,35598,2985,9.15,327.471,304.66,0,0
2016/9/1,33040,35066,2026,6.13,353.218,360.987,0,0
2016/9/2,32279,34380,2100.5,6.51,350.912,358.631,0,0
2016/9/3,28417,32246,3829,13.47,321.863,328.944,1,0
2016/9/4,28135,30731,2596,9.23,310.298,317.123,1,1
2016/9/5,33367,35312,1945,5.83,350.887,358.606,0,0
2016/9/6,32058,35253,3195,9.97,349.551,357.241,0,0
2016/9/7,32215,35266,3051,9.47,346.16,353.774,0,0
2016/9/8,31860,34531,2671,8.38,345.952,353.563,0,1
2016/9/9,32081,34655,2574,8.02,346.512,354.134,0,1
2016/9/10,31423,34497,3074,9.78,336.534,343.936,0,1
2016/9/11,28329,30057,1728,6.1,312.231,319.099,1,1
2016/9/12,32551,35194,2643,8.12,346.466,354.088,0,0
2016/9/13,32949,35574,2625,7.97,351.967,359.709,0,0
2016/9/14,29701,32754,3053,10.28,322.36,329.452,0,0
2016/9/15,25557,29391,3834,15,284.49,290.749,1,0
2016/9/16,26401,30545,4144,15.7,290.889,297.288,1,0
2016/9/17,25736,29396,3660,14.22,288.973,295.329,1,1
2016/9/18,26088,29028,2940,11.27,284.913,291.181,1,1
2016/9/19,30275,34745,4470,14.76,321.832,328.912,0,0
2016/9/20,30275,34214,3939,13.01,326.884,334.075,0,0
2016/9/21,31222,33972,2750,8.81,333.626,340.964,0,0
2016/9/22,31596,34523,2927,9.26,339.083,346.543,0,0
2016/9/23,31556,34535,2979,9.44,337.914,345.348,0,0
2016/9/24,27767,31005,3238,11.66,311.436,318.286,1,1
2016/9/25,26759,30213,3454,12.91,295.952,302.462,1,1
2016/9/26,31841,35002,3161,9.93,335.862,343.25,0,0
2016/9/27,25840,33393,7553,29.23,271.176,277.141,0,0
2016/9/28,25846,28656,2810,10.87,267.225,273.103,0,0
2016/9/29,31207,33470,2263,7.25,328.149,335.367,0,0
2016/9/30,31549,34170,2621,8.31,335.885,343.273,0,0
2016/10/1,28505,31019,2514,8.82,318.718,277.879,1,1
2016/10/2,27189,29994,2805,10.32,302.353,263.611,1,1
2016/10/3,32021,33981,1960,6.12,342.232,298.381,0,1
2016/10/4,32470,34487,2017,6.21,349.614,304.816,0,0
2016/10/5,32816,34543,1727,5.26,353.5,308.205,0,0
2016/10/6,32459,34678,2219,6.84,352.719,307.524,0,0
2016/10/7,31565,34405,2840,9,345.02,300.811,0,0
2016/10/8,27782,29524,1742,6.27,315.64,275.195,1,1
2016/10/9,25056,29274,4218,16.84,282.742,246.512,1,1
2016/10/10,26116,30104,3988,15.27,284.751,248.264,1,0
2016/10/11,30384,33890,3506,11.54,324.698,283.093,0,0
2016/10/12,30332,33453,3121,10.29,330.186,287.877,0,0
2016/10/13,30195,32886,2691,8.91,330.147,287.843,0,0
2016/10/14,30254,32455,2201,7.28,330.808,288.42,0,0
2016/10/15,28037,29486,1449,5.17,315.332,274.927,1,1
2016/10/16,27130,28578,1448,5.34,301.477,262.847,1,1
2016/10/17,32227,33129,902,2.8,343.226,299.247,0,0
2016/10/18,32656,33598,942,2.88,352.38,307.227,0,0
2016/10/19,32417,33250,833,2.57,354.447,309.03,0,0
2016/10/20,32495,33561,1066,3.28,357.542,311.728,0,0
2016/10/21,33000,33905,905,2.74,359.584,313.508,0,0
2016/10/22,29606,31631,2025,6.84,336.177,293.101,1,1
2016/10/23,27320,29228,1908,6.98,313.016,272.908,1,1
2016/10/24,31994,32834,840,2.62,341.315,297.581,0,0
2016/10/25,31354,32950,1596,5.09,343.992,299.914,0,0
2016/10/26,33046,33973,927,2.81,356.401,310.734,0,0
2016/10/27,32800,33863,1063,3.24,356.499,310.819,0,0
2016/10/28,32560,33707,1147,3.53,353.505,308.208,0,0
2016/10/29,27153,30696,3543,13.05,311.741,271.796,1,1
2016/10/30,24904,27545,2641,10.6,280.121,244.227,1,1
2016/10/31,27360,31298,3938,14.39,300.736,262.201,0,0
2016/11/1,28872,31686,2814,9.75,337.787,286.194,0,0
2016/11/2,28241,31402,3161,11.19,334,282.984,0,0
2016/11/3,28462,30461,1999,7.02,333.183,282.293,0,0
2016/11/4,28565,30592,2027,7.1,337.187,285.684,0,0
2016/11/5,25765,29280,3515,13.64,312.786,265.011,1,1
2016/11/6,25045,26897,1852,7.39,296.781,251.451,1,1
2016/11/7,29442,30686,1244,4.22,339.194,287.385,0,0
2016/11/8,29642,31491,1849,6.24,345.26,292.524,0,0
2016/11/9,28179,30296,2117,7.52,333.599,282.644,0,0
2016/11/10,28418,29939,1521,5.35,334.744,283.615,0,0
2016/11/11,27906,29269,1363,4.88,327.518,277.493,0,0
2016/11/12,25909,27474,1565,6.04,311.796,264.172,1,1
2016/11/13,25064,27017,1953,7.79,297.964,252.453,1,1
2016/11/14,29281,30489,1208,4.13,336.753,285.317,0,0
2016/11/15,29724,31869,2145,7.22,346.981,293.983,0,0
2016/11/16,29468,31209,1741,5.91,346.143,293.273,0,0
2016/11/17,29703,31235,1532,5.16,347.904,294.764,0,0
2016/11/18,29353,31499,2146,7.31,346.143,293.273,0,0
2016/11/19,26898,28993,2095,7.79,324.175,274.66,1,1
2016/11/20,25331,27307,1976,7.8,301.924,255.808,1,1
2016/11/21,29260,30684,1424,4.87,335.424,284.191,0,0
2016/11/22,29328,30440,1112,3.79,343.134,290.724,0,0
2016/11/23,28322,30252,1930,6.82,335.044,283.87,0,0
2016/11/24,27938,29945,2007,7.18,328.545,278.362,0,0
2016/11/25,28375,30081,1706,6.01,331.241,280.647,0,0
2016/11/26,25582,27198,1616,6.32,308.751,261.592,1,1
2016/11/27,23901,26411,2510,10.5,283.558,240.248,1,1
2016/11/28,27360,28631,1271,4.65,312.342,264.634,0,0
2016/11/29,27943,29785,1842,6.59,325.226,275.55,0,0
2016/11/30,28213,29805,1592,5.64,328.921,278.682,0,0
2016/12/1,27824,29808,1984,7.13,332.951,237.439,0,0
2016/12/2,27605,29752,2147,7.78,329.467,234.956,0,0
2016/12/3,25515,27440,1925,7.54,310.973,221.766,1,1
2016/12/4,24499,26559,2060,8.41,295.566,210.779,1,1
2016/12/5,28380,30163,1783,6.28,331.6,236.477,0,0
2016/12/6,27794,29935,2141,7.7,332.271,236.955,0,0
2016/12/7,28171,29093,922,3.27,334.161,238.303,0,0
2016/12/8,28084,29430,1346,4.79,334.344,238.434,0,0
2016/12/9,27724,28976,1252,4.52,332.062,236.806,0,0
2016/12/10,25247,27512,2265,8.97,308.854,220.255,1,1
2016/12/11,23981,25606,1625,6.78,289.309,206.317,1,1
2016/12/12,27900,29483,1583,5.68,325.517,232.138,0,0
2016/12/13,28007,29959,1952,6.97,335.044,238.932,0,0
2016/12/14,27559,29513,1954,7.09,330.427,235.64,0,0
2016/12/15,27360,29055,1695,6.2,326.54,232.868,0,0
2016/12/16,27210,29128,1918,7.05,323.305,230.561,0,0
2016/12/17,24962,26790,1828,7.32,304.634,217.246,1,1
2016/12/18,23833,25672,1839,7.72,286.801,204.528,1,1
2016/12/19,27951,29243,1292,4.63,324.35,231.306,0,0
2016/12/20,28840,29924,1084,3.76,341.12,243.266,0,0
2016/12/21,29092,30538,1446,4.97,345.422,246.334,0,0
2016/12/22,28358,30571,2213,7.8,340.657,242.936,0,0
2016/12/23,27363,29336,1973,7.21,330.02,235.349,0,0
2016/12/24,24821,26192,1371,5.52,303.733,216.604,1,1
2016/12/25,23973,25637,1664,6.94,288.593,205.806,1,1
2016/12/26,27045,28868,1823,6.74,316.791,225.916,0,1
2016/12/27,27504,29303,1799,6.54,324.877,231.682,0,0
2016/12/28,27376,29087,1711,6.25,324.686,231.546,0,0
2016/12/29,26945,29163,2218,8.23,320.135,228.301,0,0
2016/12/30,26374,28335,1961,7.44,315.613,225.075,0,0
2016/12/31,23897,25887,1990,8.33,290.524,207.183,1,1
2017/1/1,22886,24957,2071,9.05,268.503,196.229,1,1
2017/1/2,24483,26035,1552,6.34,280.534,205.022,1,0
2017/1/3,28131,29152,1021,3.63,320.449,234.193,0,0
2017/1/4,28485,29757,1272,4.47,329.623,240.898,0,0
2017/1/5,28336,30065,1729,6.1,330.137,241.273,0,0
2017/1/6,28002,29154,1152,4.12,330.589,241.603,0,0
2017/1/7,25600,27814,2214,8.65,306.516,224.01,1,1
2017/1/8,24133,25977,1844,7.64,283.998,207.554,1,1
2017/1/9,27670,29377,1707,6.17,315.17,230.335,0,0
2017/1/10,27787,29039,1252,4.51,322.524,235.71,0,0
2017/1/11,27992,29590,1598,5.71,325.791,238.098,0,0
2017/1/12,28186,29488,1302,4.62,329.116,240.527,0,0
2017/1/13,27161,29140,1979,7.29,325.652,237.996,0,0
2017/1/14,24726,26637,1911,7.73,297.082,217.116,1,1
2017/1/15,24156,25518,1362,5.64,281.042,205.394,1,1
2017/1/16,27370,28878,1508,5.51,314.013,229.489,0,0
2017/1/17,27768,29076,1308,4.71,325.097,237.59,0,0
2017/1/18,27768,29608,1840,6.63,327.192,239.121,0,0
2017/1/19,27768,30109,2341,8.43,327.982,239.698,0,0
2017/1/20,26889,29081,2192,8.15,322.404,235.621,0,1
2017/1/21,24905,26836,1931,7.75,299.903,219.178,1,1
2017/1/22,24230,25721,1491,6.15,282.438,206.413,1,1
2017/1/23,26943,28830,1887,7,313.076,228.804,0,1
2017/1/24,26779,28354,1575,5.88,320.292,234.078,0,1
2017/1/25,25905,28220,2315,8.94,310.395,226.846,0,1
2017/1/26,23012,25419,2407,10.46,283.805,207.412,0,0
2017/1/27,20214,22511,2297,11.36,243.423,177.9,1,0
2017/1/28,19672,22565,2893,14.71,230.95,168.784,1,1
2017/1/29,19906,22378,2472,12.42,233.093,170.35,1,1
2017/1/30,20118,22735,2617,13.01,237.237,173.379,1,0
2017/1/31,21188,23924,2736,12.91,244.939,179.009,1,0
2017/2/1,22191,25162,2971,13.39,258.806,189.535,1,0
2017/2/2,24722,27057,2335,9.45,289.089,211.714,0,0
2017/2/3,25592,27221,1629,6.37,304.543,223.031,0,0
2017/2/4,24355,26421,2066,8.49,293.56,214.988,1,1
2017/2/5,23414,26319,2905,12.41,278.986,204.314,1,1
2017/2/6,26414,29010,2596,9.83,310.075,227.082,0,0
2017/2/7,26899,28631,1732,6.44,320.057,234.392,0,0
2017/2/8,27120,28810,1690,6.23,324.007,237.285,0,0
2017/2/9,27088,28857,1769,6.53,323.31,236.775,0,0
2017/2/10,27086,29366,2280,8.42,324.35,237.536,0,0
2017/2/11,24557,27091,2534,10.32,301.272,220.636,1,0
2017/2/12,23991,26825,2834,11.81,285.43,209.034,1,1
2017/2/13,26862,28707,1845,6.87,316.656,231.901,0,0
2017/2/14,27193,29167,1974,7.26,325.037,238.04,0,0
2017/2/15,27232,29037,1805,6.63,324.778,237.85,0,0
2017/2/16,27174,29690,2516,9.26,324.481,237.633,0,0
2017/2/17,27241,29818,2577,9.46,327.078,239.534,0,0
2017/2/18,26165,28383,2218,8.48,319.23,233.787,0,1
2017/2/19,23850,25728,1878,7.88,286.855,210.078,1,1
2017/2/20,27718,29813,2095,7.56,322.494,236.177,0,1
2017/2/21,27762,29723,1961,7.06,331.285,242.616,0,1
2017/2/22,28295,30014,1719,6.07,336.296,246.285,0,0
2017/2/23,27527,29932,2405,8.74,333.496,244.235,0,0
2017/2/24,27141,29464,2323,8.56,328.736,240.748,0,0
2017/2/25,24638,26781,2143,8.7,303.27,222.098,1,1
2017/2/26,23343,25640,2297,9.84,282.442,206.845,1,1
2017/2/27,24078,25826,1748,7.26,286.652,209.929,1,0
2017/2/28,25022,26593,1571,6.28,297.169,217.631,1,0
2017/3/1,27261,29168,1907,7,319.972,214.205,0,0
2017/3/2,27074,29327,2253,8.32,322.782,216.086,0,0
2017/3/3,26914,28926,2012,7.47,323.603,216.635,0,0
2017/3/4,24746,26511,1765,7.13,301.165,201.614,1,1
2017/3/5,23990,26027,2037,8.49,284.462,190.432,1,1
2017/3/6,27068,29410,2342,8.65,317.131,212.303,0,0
2017/3/7,27568,29630,2062,7.48,326.219,218.386,0,0
2017/3/8,27767,29971,2204,7.94,328.478,219.899,0,0
2017/3/9,27844,29663,1819,6.53,329.645,220.679,0,0
2017/3/10,27892,29640,1748,6.27,332.956,222.896,0,0
2017/3/11,25149,26940,1791,7.12,307.066,205.565,1,1
2017/3/12,24368,26224,1856,7.62,289.286,193.661,1,1
2017/3/13,27892,29929,2037,7.3,326.713,218.717,0,0
2017/3/14,27769,29854,2085,7.51,329.612,220.658,0,0
2017/3/15,27774,29645,1871,6.73,329.804,220.786,0,0
2017/3/16,28098,29971,1873,6.67,332.764,222.768,0,0
2017/3/17,27896,29612,1716,6.15,332.276,222.441,0,0
2017/3/18,25239,27428,2189,8.68,308.612,206.6,1,1
2017/3/19,24394,26543,2149,8.81,289.912,194.08,1,1
2017/3/20,28453,30339,1886,6.63,328.554,219.949,0,0
2017/3/21,28197,30707,2510,8.9,336.78,225.457,0,0
2017/3/22,28095,30379,2284,8.13,334.616,224.008,0,0
2017/3/23,28035,30369,2334,8.32,334.601,223.998,0,0
2017/3/24,27872,30280,2408,8.64,334.257,223.768,0,0
2017/3/25,24624,26886,2262,9.18,304.199,203.645,1,1
2017/3/26,23892,25817,1925,8.06,282.75,189.286,1,1
2017/3/27,27222,29653,2431,8.93,316.217,211.69,0,1
2017/3/28,27766,29900,2134,7.69,328.486,219.904,0,1
2017/3/29,28022,30095,2073,7.4,332.055,222.293,0,0
2017/3/30,27974,30320,2346,8.39,333.617,223.339,0,0
2017/3/31,28040,30458,2418,8.62,332.343,222.486,0,0
2017/4/1,24245,26766,2521,10.4,293.726,203.895,1,1
2017/4/2,22905,25227,2322,10.14,272.587,189.22,1,1
2017/4/3,22797,24997,2200,9.65,271.462,188.44,1,0
2017/4/4,23637,25389,1752,7.41,274.183,190.328,1,0
2017/4/5,27722,29559,1837,6.63,318.184,220.873,0,0
2017/4/6,28161,30310,2149,7.63,332.957,231.127,0,0
2017/4/7,28739,30425,1686,5.87,339.621,235.754,0,0
2017/4/8,26288,28526,2238,8.51,318.992,221.434,1,1
2017/4/9,25592,27252,1660,6.49,302.878,210.247,1,1
2017/4/10,30236,31313,1077,3.56,347.81,241.437,0,0
2017/4/11,29416,31504,2088,7.1,349.896,242.885,0,0
2017/4/12,28004,30668,2664,9.51,334.727,232.356,0,0
2017/4/13,28171,30214,2043,7.25,331.139,229.866,0,0
2017/4/14,28259,30381,2122,7.51,334.176,231.973,0,0
2017/4/15,26171,28108,1937,7.4,315.019,218.676,1,1
2017/4/16,25504,27411,1907,7.48,302.969,210.311,1,1
2017/4/17,30290,31815,1525,5.03,349.128,242.353,0,0
2017/4/18,30723,32269,1546,5.03,361.796,251.147,0,0
2017/4/19,31072,32052,980,3.16,365.389,253.641,0,0
2017/4/20,30725,32325,1600,5.21,363.071,252.032,0,0
2017/4/21,30988,32395,1407,4.54,361.735,251.104,0,0
2017/4/22,24699,27440,2741,11.1,308.309,214.018,1,1
2017/4/23,24088,26236,2148,8.92,285.44,198.142,1,1
2017/4/24,28349,30489,2140,7.55,327.021,227.007,0,1
2017/4/25,29158,31221,2063,7.07,344.756,239.318,0,0
2017/4/26,30418,32091,1673,5.5,355.286,246.627,0,0
2017/4/27,28348,30979,2631,9.28,338.571,235.024,0,0
2017/4/28,27165,29816,2651,9.76,326.675,226.766,0,0
2017/4/29,24747,27142,2395,9.68,300.818,208.817,1,1
2017/4/30,24004,25999,1995,8.31,285.355,198.084,1,1
2017/5/1,25611,28784,3173,12.39,282.424,204.87,1,0
2017/5/2,29684,32201,2517,8.48,324.007,235.035,0,0
2017/5/3,30931,33218,2287,7.39,340.699,247.143,0,0
2017/5/4,31407,33315,1908,6.08,347.71,252.229,0,0
2017/5/5,31854,33612,1758,5.52,352.091,255.406,0,0
2017/5/6,27573,30210,2637,9.56,321.32,233.085,1,1
2017/5/7,25867,28367,2500,9.67,296.445,215.04,1,1
2017/5/8,31507,33237,1730,5.49,342.186,248.221,0,0
2017/5/9,31569,33418,1849,5.86,352.04,255.369,0,0
2017/5/10,32633,34005,1372,4.21,357.768,259.524,0,0
2017/5/11,33011,34995,1984,6.01,362.88,263.232,0,0
2017/5/12,32806,34143,1337,4.08,362.449,262.92,0,0
2017/5/13,27824,30573,2749,9.88,327.963,237.904,1,1
2017/5/14,26614,28630,2016,7.58,305.024,221.264,1,1
2017/5/15,32336,33794,1458,4.51,348.13,252.533,0,0
2017/5/16,30124,32322,2198,7.3,336.77,244.292,0,0
2017/5/17,30141,33049,2908,9.65,333.3,241.776,0,0
2017/5/18,31320,33916,2596,8.29,344.17,249.661,0,0
2017/5/19,31080,33452,2372,7.63,341.697,247.867,0,0
2017/5/20,26826,29433,2607,9.72,310.523,225.253,1,1
2017/5/21,26159,28748,2589,9.9,296.581,215.139,1,1
2017/5/22,32130,34514,2384,7.42,344.213,249.692,0,1
2017/5/23,32720,34441,1721,5.26,359.92,261.085,0,1
2017/5/24,33035,34663,1628,4.93,361.979,262.579,0,0
2017/5/25,31042,33883,2841,9.15,346.019,251.001,0,0
2017/5/26,30290,33036,2746,9.06,336.698,244.24,0,0
2017/5/27,26347,29736,3389,12.86,308.837,224.03,1,0
2017/5/28,25268,28293,3025,11.97,289.916,210.304,1,1
2017/5/29,26189,29341,3152,12.04,298.295,216.382,1,0
2017/5/30,26643,29301,2658,9.98,301.063,218.391,1,0
2017/5/31,32677,35101,2424,7.42,347.68,252.207,0,0
2017/6/1,31934,34820,2886,9.04,342.911,261.243,0,0
2017/6/2,31745,33745,2000,6.3,340.613,259.492,0,0
2017/6/3,30408,32889,2481,8.16,324.862,247.493,0,1
2017/6/4,26587,29056,2469,9.29,289.044,220.205,1,1
2017/6/5,31834,34266,2432,7.64,331.911,252.863,0,0
2017/6/6,33099,34499,1400,4.23,351.586,267.852,0,0
2017/6/7,34135,35388,1253,3.67,362.462,276.138,0,0
2017/6/8,34011,35634,1623,4.77,363.023,276.565,0,0
2017/6/9,33972,35549,1577,4.64,362.558,276.211,0,0
2017/6/10,30970,33349,2379,7.68,339.351,258.532,1,1
2017/6/11,29156,32387,3231,11.08,321.73,245.106,1,1
2017/6/12,34589,35807,1218,3.52,357.655,272.476,0,0
2017/6/13,34501,36072,1571,4.55,362.393,276.085,0,0
2017/6/14,31925,34883,2958,9.27,346.782,264.192,0,0
2017/6/15,30196,33810,3614,11.97,328.619,250.356,0,0
2017/6/16,30978,33890,2912,9.4,329.851,251.293,0,0
2017/6/17,27264,30273,3009,11.04,303.739,231.4,1,1
2017/6/18,26316,29812,3496,13.28,284.626,216.84,1,1
2017/6/19,30908,34232,3324,10.76,324.46,247.186,0,0
2017/6/20,31901,35769,3868,12.12,340.014,259.036,0,0
2017/6/21,33511,36246,2735,8.16,352.91,268.861,0,0
2017/6/22,34515,36636,2121,6.14,363.05,276.586,0,0
2017/6/23,34567,36330,1763,5.1,365.688,278.596,0,0
2017/6/24,30919,34392,3473,11.23,338.481,257.868,1,1
2017/6/25,29653,32030,2377,8.02,321.827,245.181,1,1
2017/6/26,35139,37318,2179,6.2,364.832,277.943,0,0
2017/6/27,35123,37083,1960,5.58,373.349,284.432,0,0
2017/6/28,35300,37133,1833,5.19,372.966,284.14,0,0
2017/6/29,35234,37035,1801,5.11,369.354,281.389,0,0
2017/6/30,34894,36942,2048,5.87,361.789,275.626,0,0
2017/7/1,30856,34444,3588,11.63,321.836,270.554,1,1
2017/7/2,28576,32104,3528,12.34,304.344,255.849,1,1
2017/7/3,35002,36847,1845,5.27,344.231,289.381,0,0
2017/7/4,34889,36695,1806,5.18,350.531,294.678,0,0
2017/7/5,34916,36913,1997,5.72,351.088,295.145,0,0
2017/7/6,35280,37131,1851,5.25,356.921,300.049,0,0
2017/7/7,34736,36639,1903,5.48,346.993,291.703,0,0
2017/7/8,30418,33690,3272,10.76,318.201,267.499,1,1
2017/7/9,29124,32093,2969,10.19,304.52,255.997,1,1
2017/7/10,35022,36658,1636,4.67,350.604,294.738,0,0
2017/7/11,35482,37210,1728,4.87,359.055,301.843,0,0
2017/7/12,35444,36734,1290,3.64,360.801,303.311,0,0
2017/7/13,35749,37383,1634,4.57,362.923,305.095,0,0
2017/7/14,35548,37514,1966,5.53,361.52,303.916,0,0
2017/7/15,31152,34690,3538,11.36,332.587,279.593,1,1
2017/7/16,29259,32187,2928,10.01,313.048,263.166,1,1
2017/7/17,34337,36587,2250,6.55,349.659,293.945,0,0
2017/7/18,36107,37302,1195,3.31,365.553,307.306,0,0
2017/7/19,36046,37709,1663,4.61,364.931,306.782,0,0
2017/7/20,35973,37470,1497,4.16,366.825,308.375,0,0
2017/7/21,36146,37555,1409,3.9,367.363,308.828,0,0
2017/7/22,31441,35011,3570,11.35,338.096,284.223,1,1
2017/7/23,30894,32374,1480,4.79,323.781,272.189,1,1
2017/7/24,36148,37065,917,2.54,364.487,306.409,0,0
2017/7/25,36213,37637,1424,3.93,367.989,309.354,0,0
2017/7/26,36199,37785,1586,4.38,365.698,307.428,0,0
2017/7/27,35626,37471,1845,5.18,363.576,305.644,0,0
2017/7/28,35658,37171,1513,4.24,366.728,308.294,0,0
2017/7/29,30003,33693,3690,12.3,321.456,270.235,1,1
2017/7/30,27986,31542,3556,12.71,288.817,242.797,1,1
2017/7/31,30600,34812,4212,13.76,318.507,267.756,0,0
2017/8/1,33080,35343,2263,6.84,335.206,291.821,0,0
2017/8/2,33476,36096,2620,7.83,340.23,296.195,0,0
2017/8/3,34556,36478,1922,5.56,349.136,303.948,0,0
2017/8/4,34717,36155,1438,4.14,351.431,305.946,0,0
2017/8/5,31575,33615,2040,6.46,330.022,287.308,1,1
2017/8/6,30675,32629,1954,6.37,317.947,276.796,1,1
2017/8/7,36165,37011,846,2.34,362.283,315.392,0,0
2017/8/8,36266,36890,624,1.72,369.536,321.708,0,0
2017/8/9,36123,37104,981,2.72,369.142,321.364,0,0
2017/8/10,35788,36957,1169,3.27,368.745,321.019,0,0
2017/8/11,36417,37060,643,1.77,368.828,321.09,0,0
2017/8/12,32480,34707,2227,6.86,342.896,298.516,1,1
2017/8/13,30951,33624,2673,8.64,324.604,282.591,1,1
2017/8/14,36052,37877,1825,5.06,360.697,314.012,0,0
2017/8/15,36453,37610,1157,3.17,360.867,314.161,0,0
2017/8/16,36390,38012,1622,4.46,366.793,319.32,0,0
2017/8/17,36391,37970,1579,4.34,367.63,320.048,0,0
2017/8/18,36295,37815,1520,4.19,368.178,320.525,0,0
2017/8/19,32211,34692,2481,7.7,338.513,294.7,1,1
2017/8/20,30715,33363,2648,8.62,321.716,280.077,1,1
2017/8/21,36119,37989,1870,5.18,361.014,314.289,0,0
2017/8/22,35285,37520,2235,6.33,359.463,312.937,0,0
2017/8/23,34588,37083,2495,7.21,355.082,309.123,0,0
2017/8/24,35493,36959,1466,4.13,355.287,309.303,0,0
2017/8/25,35129,37086,1957,5.57,353.967,308.153,0,0
2017/8/26,31487,33661,2174,6.9,330.987,288.147,1,1
2017/8/27,29227,31942,2715,9.29,311.68,271.339,1,1
2017/8/28,35541,37421,1880,5.29,347.855,302.833,0,0
2017/8/29,36070,37478,1408,3.9,361.471,314.686,0,0
2017/8/30,35447,37429,1982,5.59,360.162,313.546,0,0
2017/8/31,34739,37211,2472,7.11,356.037,309.956,0,0
2017/9/1,33050,36747,3697,11.19,351.932,334.196,0,0
2017/9/2,29350,32854,3504,11.94,319.431,303.332,1,1
2017/9/3,28063,30641,2578,9.19,299.6,284.501,1,1
2017/9/4,33987,35998,2011,5.92,345.405,327.997,0,0
2017/9/5,34360,36130,1770,5.15,359.311,341.202,0,0
2017/9/6,35786,36977,1191,3.33,369.562,350.937,0,0
2017/9/7,35014,37214,2200,6.28,368.528,349.956,0,0
2017/9/8,35020,37284,2264,6.46,364.928,346.536,0,0
2017/9/9,30543,32676,2133,6.98,334.578,317.716,1,1
2017/9/10,29552,31330,1778,6.02,317.158,301.175,1,1
2017/9/11,34904,37204,2300,6.59,355.593,337.672,0,0
2017/9/12,35533,37318,1785,5.02,369.164,350.56,0,0
2017/9/13,33922,37055,3133,9.24,358.802,340.719,0,0
2017/9/14,32944,36245,3301,10.02,348.026,330.487,0,0
2017/9/15,33981,35703,1722,5.07,352.989,335.199,0,0
2017/9/16,30645,32594,1949,6.36,329.911,313.284,1,1
2017/9/17,28336,30844,2508,8.85,306.887,291.421,1,1
2017/9/18,33398,36385,2987,8.94,339.963,322.83,0,0
2017/9/19,34280,36161,1881,5.49,354.89,337.004,0,0
2017/9/20,34866,36778,1912,5.48,359.847,341.712,0,0
2017/9/21,35001,36515,1514,4.33,365.693,347.264,0,0
2017/9/22,35374,36658,1284,3.63,369.006,350.409,0,0
2017/9/23,32106,33455,1349,4.2,346.591,329.123,1,0
2017/9/24,30716,32246,1530,4.98,329.802,313.181,1,1
2017/9/25,35817,37067,1250,3.49,368.19,349.634,0,0
2017/9/26,36263,37684,1421,3.92,377.893,358.848,0,0
2017/9/27,36419,37733,1314,3.61,379.148,360.041,0,1
2017/9/28,36049,37176,1127,3.13,377.612,358.581,0,0
2017/9/29,35355,37259,1904,5.39,368.09,349.54,0,0
2017/9/30,34625,36189,1564,4.52,354.078,336.234,0,1
2017/10/1,30280,32037,1757,5.8,350.098,321.367,1,1
2017/10/2,35737,37238,1501,4.2,393.891,361.566,0,1
2017/10/3,35900,37600,1700,4.73,397.797,365.152,0,1
2017/10/4,29072,31971,2899,9.97,342.778,314.648,1,0
2017/10/5,34702,36727,2025,5.84,375.332,344.531,0,0
2017/10/6,34982,36349,1367,3.91,385.428,353.798,0,0
2017/10/7,29560,32023,2463,8.33,348.461,319.864,1,1
2017/10/8,28115,30823,2708,9.63,328.554,301.592,1,1
2017/10/9,28876,30439,1563,5.41,335.906,308.34,1,0
2017/10/10,30226,31527,1301,4.3,347.136,318.649,1,0
2017/10/11,35287,36482,1195,3.39,386.68,354.948,0,0
2017/10/12,34009,36379,2370,6.97,381.023,349.754,0,0
2017/10/13,32265,34356,2091,6.48,364.231,334.341,0,0
2017/10/14,28783,30689,1906,6.62,334.531,307.078,1,1
2017/10/15,27360,29880,2520,9.21,312.378,286.742,1,1
2017/10/16,33062,34804,1742,5.27,360.552,330.963,0,0
2017/10/17,32730,34542,1812,5.54,364.246,334.354,0,0
2017/10/18,32246,34763,2517,7.8,359.051,329.586,0,0
2017/10/19,31277,33609,2332,7.46,353.246,324.257,0,0
2017/10/20,30889,32992,2103,6.81,344.404,316.14,0,0
2017/10/21,25858,29251,3393,13.12,303.734,278.808,1,1
2017/10/22,24237,27193,2956,12.2,277.572,254.793,1,1
2017/10/23,28665,31411,2746,9.58,314.139,288.36,0,0
2017/10/24,29159,32125,2966,10.17,325.935,299.188,0,0
2017/10/25,29244,32300,3056,10.45,327.614,300.729,0,0
2017/10/26,29286,32070,2784,9.51,327.413,300.543,0,0
2017/10/27,28805,31101,2296,7.97,323.869,297.29,0,0
2017/10/28,25555,27861,2306,9.02,296.494,272.163,1,1
2017/10/29,24209,27817,3608,14.91,275.541,252.929,1,1
2017/10/30,28206,30799,2593,9.19,308.63,283.303,0,0
2017/10/31,28541,31166,2625,9.2,317.362,291.317,0,0
2017/11/1,29266,31274,2008,6.86,346.257,298.148,0,0
2017/11/2,30135,32208,2073,6.88,355.227,305.872,0,0
2017/11/3,29257,32349,3092,10.57,350.751,302.018,0,0
2017/11/4,25602,28104,2502,9.77,315.945,272.048,1,1
2017/11/5,24623,26699,2076,8.43,295.95,254.83,1,1
2017/11/6,29620,32275,2655,8.96,341.356,293.928,0,0
2017/11/7,30666,32589,1923,6.27,360.974,310.821,0,0
2017/11/8,29840,32505,2665,8.93,357.485,307.816,0,0
2017/11/9,30266,32474,2208,7.3,358.912,309.044,0,0
2017/11/10,30592,32500,1908,6.24,362.763,312.361,0,0
2017/11/11,26422,28410,1988,7.52,326.375,281.028,1,1
2017/11/12,25166,26785,1619,6.43,301.848,259.91,1,1
2017/11/13,29653,32449,2796,9.43,344.265,296.433,0,0
2017/11/14,29969,32558,2589,8.64,357.181,307.555,0,0
2017/11/15,29784,32415,2631,8.84,356.865,307.282,0,0
2017/11/16,30463,32912,2449,8.04,361.807,311.538,0,0
2017/11/17,30555,32806,2251,7.37,362.079,311.772,0,0
2017/11/18,26189,28683,2494,9.52,325.714,280.46,1,1
2017/11/19,24644,26802,2158,8.76,296.278,255.114,1,1
2017/11/20,28771,31083,2312,8.04,335.672,289.033,0,0
2017/11/21,29432,30933,1501,5.1,347.629,299.329,0,0
2017/11/22,28955,31461,2506,8.66,347.125,298.896,0,0
2017/11/23,28469,31514,3045,10.7,338.884,291.8,0,0
2017/11/24,28326,31344,3018,10.66,335.972,289.293,0,0
2017/11/25,25668,28322,2654,10.34,312.964,269.481,1,1
2017/11/26,24769,27557,2788,11.25,296.755,255.524,1,1
2017/11/27,28917,31142,2225,7.69,334.102,287.682,0,0
2017/11/28,29698,31207,1509,5.08,349.99,301.363,0,0
2017/11/29,29530,31334,1804,6.11,352.362,303.404,0,0
2017/11/30,29186,31783,2597,8.9,348.657,300.215,0,0
2017/12/1,28525,31041,2516,8.82,343.364,242.758,0,0
2017/12/2,25628,28665,3037,11.85,315.931,223.363,1,1
2017/12/3,24512,27600,3088,12.6,297.004,209.982,1,1
2017/12/4,28274,31058,2784,9.85,331.657,234.481,0,0
2017/12/5,28243,30483,2240,7.93,337.694,238.75,0,0
2017/12/6,28455,30509,2054,7.22,339.32,239.899,0,0
2017/12/7,28625,30597,1972,6.89,342.167,241.912,0,0
2017/12/8,27863,30548,2685,9.64,338.619,239.403,0,0
2017/12/9,25500,27748,2248,8.81,312.374,220.849,1,1
2017/12/10,24230,26390,2160,8.91,292.604,206.871,1,1
2017/12/11,27706,30349,2643,9.54,327.19,231.323,0,0
2017/12/12,28558,31076,2518,8.82,340.697,240.872,0,0
2017/12/13,28433,31113,2680,9.43,342.499,242.147,0,0
2017/12/14,28558,30682,2124,7.44,341.965,241.77,0,0
2017/12/15,28405,30435,2030,7.14,342.696,242.286,0,0
2017/12/16,25515,28044,2529,9.91,316.616,223.848,1,1
2017/12/17,24444,26747,2303,9.42,295.842,209.16,1,1
2017/12/18,28210,30695,2485,8.81,332.083,234.783,0,0
2017/12/19,28665,30886,2221,7.75,343.472,242.835,0,0
2017/12/20,28082,30709,2627,9.35,341.1,241.157,0,0
2017/12/21,28219,30796,2577,9.13,340.143,240.481,0,0
2017/12/22,27748,30376,2628,9.47,338.526,239.338,0,0
2017/12/23,25193,27899,2706,10.74,313.562,221.689,1,1
2017/12/24,24260,27219,2959,12.2,294.312,208.079,1,1
2017/12/25,27939,30394,2455,8.79,328.296,232.106,0,1
2017/12/26,28461,30723,2262,7.95,339.37,239.934,0,0
2017/12/27,28022,30500,2478,8.84,337.816,238.836,0,0
2017/12/28,28229,30583,2354,8.34,337.879,238.881,0,0
2017/12/29,27369,30204,2835,10.36,332.959,235.402,0,0
2017/12/30,24718,28107,3389,13.71,304.18,215.056,1,1
2017/12/31,23319,25563,2244,9.62,282.69,199.862,1,1
2018/1/1,23638,25708,2070,8.76,279.707,189.179,1,0
2018/1/2,27816,29536,1720,6.18,321.468,217.423,0,0
2018/1/3,28253,30132,1879,6.65,334.264,226.077,0,0
2018/1/4,28757,30716,1959,6.81,337.945,228.567,0,0
2018/1/5,28260,30401,2141,7.58,337.418,228.211,0,0
2018/1/6,26062,27842,1780,6.83,314.58,212.765,1,1
2018/1/7,25011,26516,1505,6.02,297.867,201.46,1,1
2018/1/8,28801,30068,1267,4.4,334.839,226.466,0,0
2018/1/9,28910,30767,1857,6.42,342.04,231.337,0,0
2018/1/10,28410,30269,1859,6.54,338.775,229.128,0,0
2018/1/11,28583,30360,1777,6.22,340.962,230.608,0,0
2018/1/12,28093,29838,1745,6.21,338.708,229.083,0,0
2018/1/13,25694,27702,2008,7.82,313.729,212.189,1,1
2018/1/14,24705,26597,1892,7.66,292.266,197.672,1,1
2018/1/15,28269,29976,1707,6.04,328.531,222.2,0,0
2018/1/16,28285,29701,1416,5.01,337.009,227.935,0,0
2018/1/17,28340,29996,1656,5.84,338.646,229.041,0,0
2018/1/18,29076,30893,1817,6.25,343.104,232.056,0,0
2018/1/19,28467,30341,1874,6.58,342.217,231.456,0,0
2018/1/20,25883,27804,1921,7.42,316.158,213.831,1,1
2018/1/21,24695,26617,1922,7.78,296.066,200.242,1,1
2018/1/22,28264,30267,2003,7.09,329.891,223.12,0,0
2018/1/23,28381,30520,2139,7.54,337.478,228.252,0,0
2018/1/24,28228,29989,1761,6.24,337.327,228.15,0,0
2018/1/25,28352,30137,1785,6.3,339.045,229.312,0,0
2018/1/26,27537,29638,2101,7.63,334.841,226.468,0,0
2018/1/27,25383,27239,1856,7.31,310.65,210.107,1,1
2018/1/28,24535,26727,2192,8.93,293.956,198.815,1,1
2018/1/29,28397,30220,1823,6.42,329.379,222.773,0,0
2018/1/30,28606,30377,1771,6.19,341.17,230.749,0,0
2018/1/31,28364,30805,2441,8.61,339.434,229.575,0,0
2018/2/1,28521,30717,2196,7.7,333.391,243.377,0,0
2018/2/2,28202,30181,1979,7.02,334.54,244.216,0,0
2018/2/3,26353,27968,1615,6.13,315.291,230.164,1,1
2018/2/4,26273,27855,1582,6.02,301.554,220.136,1,1
2018/2/5,29059,30535,1476,5.08,336.218,245.441,0,0
2018/2/6,28510,30425,1915,6.72,340.349,248.457,0,0
2018/2/7,28889,30352,1463,5.06,343.688,250.894,0,0
2018/2/8,28436,30108,1672,5.88,340.674,248.694,0,1
2018/2/9,28302,30303,2001,7.07,336.194,245.423,0,1
2018/2/10,26015,28719,2704,10.39,315.4,230.243,1,1
2018/2/11,25349,27426,2077,8.19,297.184,216.946,1,1
2018/2/12,27324,29795,2471,9.04,319.19,233.011,0,1
2018/2/13,26300,28283,1983,7.54,315.526,230.335,0,1
2018/2/14,23482,25864,2382,10.14,287.615,209.96,0,0
2018/2/15,20979,23401,2422,11.54,251.816,183.827,1,0
2018/2/16,20759,23221,2462,11.86,240.98,175.917,1,0
2018/2/17,20282,22981,2699,13.31,239.086,174.534,1,1
2018/2/18,20987,23094,2107,10.04,242.944,177.35,1,1
2018/2/19,22071,23665,1594,7.22,254.426,185.733,1,0
2018/2/20,23261,25134,1873,8.05,266.617,194.631,1,0
2018/2/21,26510,28111,1601,6.04,302.924,221.136,0,1
2018/2/22,27283,28560,1277,4.68,318.767,232.701,0,0
2018/2/23,27093,29169,2076,7.66,319.701,233.383,0,0
2018/2/24,25317,27642,2325,9.18,302.296,220.677,1,1
2018/2/25,24690,26963,2273,9.21,288.796,210.822,1,1
2018/2/26,27435,29606,2171,7.91,316.122,230.771,0,0
2018/2/27,27818,29498,1680,6.04,327.071,238.764,0,0
2018/2/28,26394,28077,1683,6.38,312.455,228.094,1,0
2018/3/1,28372,30211,1839,6.48,338.639,230.015,0,0
2018/3/2,28143,30169,2026,7.2,343.1,233.045,0,0
2018/3/3,26052,27936,1884,7.23,320.965,218.01,1,1
2018/3/4,25431,27163,1732,6.81,306.056,207.884,1,1
2018/3/5,29460,30489,1029,3.49,348.508,236.719,0,0
2018/3/6,27989,29729,1740,6.22,343.751,233.487,0,0
2018/3/7,28469,29746,1277,4.49,345.499,234.675,0,0
2018/3/8,27944,29829,1885,6.75,342.521,232.652,0,0
2018/3/9,27617,29527,1910,6.92,337.21,229.045,0,0
2018/3/10,24946,26680,1734,6.95,310.026,210.581,1,1
2018/3/11,24245,25934,1689,6.97,291.992,198.332,1,1
2018/3/12,27935,29698,1763,6.31,329.212,223.612,0,0
2018/3/13,28418,30329,1911,6.72,340.495,231.277,0,0
2018/3/14,28536,30517,1981,6.94,344.488,233.989,0,0
2018/3/15,28941,30915,1974,6.82,348.197,236.507,0,0
2018/3/16,28620,30617,1997,6.98,347.496,236.031,0,0
2018/3/17,25794,27594,1800,6.98,319.111,216.752,1,1
2018/3/18,24808,26377,1569,6.33,300.646,204.21,1,1
2018/3/19,29102,30763,1661,5.7,342.507,232.642,0,0
2018/3/20,28823,30811,1988,6.9,350.863,238.318,0,0
2018/3/21,27699,29622,1923,6.94,338.012,229.589,0,0
2018/3/22,27982,29913,1931,6.9,336.485,228.552,0,0
2018/3/23,27642,29539,1897,6.86,335.959,228.196,0,0
2018/3/24,25149,26882,1733,6.89,310.783,211.094,1,0
2018/3/25,24573,26288,1715,6.98,295.048,200.407,1,1
2018/3/26,28383,30181,1798,6.34,334.585,227.262,0,0
2018/3/27,28602,30599,1997,6.98,346.188,235.143,0,0
2018/3/28,28752,30747,1995,6.94,348.552,236.749,0,1
2018/3/29,28983,30773,1790,6.18,351.558,238.79,0,1
2018/3/30,28897,30797,1900,6.57,349.536,237.417,0,1
2018/3/31,27845,29785,1940,6.97,340.3,231.143,0,1
2018/4/1,25072,26805,1733,6.91,301.272,210.597,1,1
2018/4/2,29047,30941,1894,6.52,340.082,237.727,0,0
2018/4/3,29267,31154,1887,6.45,348.138,243.358,0,0
2018/4/4,26121,27716,1595,6.11,317.561,221.985,1,0
2018/4/5,24981,26725,1744,6.98,300.701,210.198,1,0
2018/4/6,24450,26158,1708,6.99,299.055,209.048,1,0
2018/4/7,23940,25609,1669,6.97,288.839,201.906,1,1
2018/4/8,23895,25549,1654,6.92,281.561,196.819,1,1
2018/4/9,28232,30202,1970,6.98,325.424,227.48,0,0
2018/4/10,28728,30727,1999,6.96,340.376,237.932,0,0
2018/4/11,30193,31919,1726,5.72,353.67,247.226,0,0
2018/4/12,30645,32244,1599,5.22,363.582,254.154,0,0
2018/4/13,31068,32838,1770,5.7,367.581,256.949,0,0
2018/4/14,27721,29530,1809,6.53,344.904,241.098,1,1
2018/4/15,24630,26249,1619,6.57,305.745,213.724,1,1
2018/4/16,28365,30283,1918,6.76,332.007,232.082,0,0
2018/4/17,28399,30377,1978,6.97,339.878,237.584,0,0
2018/4/18,28521,30394,1873,6.57,341.485,238.708,0,0
2018/4/19,29442,31398,1956,6.65,350.038,244.686,0,0
2018/4/20,29380,31370,1990,6.77,350.586,245.07,0,0
2018/4/21,26962,28822,1860,6.9,328.608,229.706,1,1
2018/4/22,26356,27981,1625,6.17,314.343,219.735,1,1
2018/4/23,31487,33016,1529,4.86,364.944,255.107,0,0
2018/4/24,31110,32818,1708,5.49,368.681,257.718,0,1
2018/4/25,29570,31619,2049,6.93,353.394,247.033,0,0
2018/4/26,29944,32008,2064,6.89,356.264,249.038,0,0
2018/4/27,30356,32443,2087,6.87,358.771,250.791,0,0
2018/4/28,26835,28710,1875,6.99,331.936,232.032,1,1
2018/4/29,26074,27862,1788,6.85,314.553,219.882,1,1
2018/4/30,30086,32159,2073,6.89,353.337,246.992,0,0
2018/5/1,28665,30453,1788,6.24,317.89,223.629,1,0
2018/5/2,32351,33931,1580,4.88,347.624,244.547,0,0
2018/5/3,30659,32791,2132,6.95,337.957,237.746,0,0
2018/5/4,30638,32728,2090,6.82,333.49,234.603,0,0
2018/5/5,27477,29339,1862,6.78,312.52,219.852,1,1
2018/5/6,27517,29436,1919,6.97,302.099,212.52,1,1
2018/5/7,32762,34568,1806,5.51,351.128,247.012,0,0
2018/5/8,31729,33882,2153,6.78,347.632,244.552,0,0
2018/5/9,30104,32204,2100,6.98,332.656,234.016,0,0
2018/5/10,30174,32262,2088,6.92,329.666,231.914,0,0
2018/5/11,30735,32825,2090,6.8,335.188,235.798,0,0
2018/5/12,27439,29347,1908,6.95,313.183,220.318,1,1
2018/5/13,27088,28978,1890,6.98,299.166,210.457,1,1
2018/5/14,32914,34906,1992,6.05,347.687,244.59,0,0
2018/5/15,33518,35241,1723,5.14,362.92,255.306,0,0
2018/5/16,34235,35790,1555,4.54,371.263,261.176,0,0
2018/5/17,34692,36456,1764,5.09,377.995,265.911,0,0
2018/5/18,35061,36837,1776,5.07,377.045,265.243,0,0
2018/5/19,30567,32699,2132,6.97,347.535,244.484,1,1
2018/5/20,29607,31435,1828,6.17,329.814,232.018,1,1
2018/5/21,34269,36100,1831,5.34,367.522,258.544,0,0
2018/5/22,34776,36648,1872,5.38,376.947,265.175,0,0
2018/5/23,34892,36398,1506,4.32,373.15,262.504,0,0
2018/5/24,34099,36459,2360,6.92,368.514,259.242,0,0
2018/5/25,35023,36982,1959,5.6,374.971,263.784,0,0
2018/5/26,30416,32536,2120,6.97,347.016,244.118,1,1
2018/5/27,30287,32107,1820,6.01,333.156,234.368,1,1
2018/5/28,36007,37298,1291,3.59,381.747,268.552,0,0
2018/5/29,36329,37378,1049,2.89,391.738,275.58,0,0
2018/5/30,36771,38003,1232,3.35,393.897,277.098,0,0
2018/5/31,36713,38144,1431,3.9,394.704,277.667,0,0
2018/6/1,33549,35895,2346,6.99,362.036,283.3,0,0
2018/6/2,29031,30991,1960,6.75,323.435,253.094,1,1
2018/6/3,28480,30428,1948,6.84,311.431,243.7,1,1
2018/6/4,34478,36878,2400,6.96,359.97,281.682,0,0
2018/6/5,35302,37569,2267,6.42,373.32,292.13,0,0
2018/6/6,35802,37988,2186,6.11,377.702,295.558,0,0
2018/6/7,35702,38050,2348,6.58,380.397,297.668,0,0
2018/6/8,36102,38280,2178,6.03,380.466,297.721,0,0
2018/6/9,31775,33692,1917,6.03,351.602,275.135,1,1
2018/6/10,29798,31637,1839,6.17,329.054,257.491,1,1
2018/6/11,32557,35126,2569,7.89,353.874,276.913,0,1
2018/6/12,33517,35695,2178,6.5,357.799,279.984,0,0
2018/6/13,34034,36145,2111,6.2,361.361,282.771,0,0
2018/6/14,33737,35928,2191,6.49,361.363,282.772,0,0
2018/6/15,31614,33730,2116,6.69,344.5,269.578,0,0
2018/6/16,28619,30530,1911,6.67,316.803,247.903,1,1
2018/6/17,27261,29158,1897,6.96,301.447,235.887,1,1
2018/6/18,27948,29891,1943,6.95,304.701,238.433,1,0
2018/6/19,32063,34613,2550,7.95,341.183,266.981,0,0
2018/6/20,32244,34490,2246,6.97,348.936,273.048,0,0
2018/6/21,33176,35351,2175,6.56,356.063,278.625,0,0
2018/6/22,33748,36070,2322,6.88,358.879,280.829,0,0
2018/6/23,30175,32242,2067,6.85,333.169,260.71,1,1
2018/6/24,29174,31104,1930,6.62,317.328,248.314,1,1
2018/6/25,35108,37390,2282,6.5,365.614,286.1,0,0
2018/6/26,35259,37704,2445,6.93,374.644,293.165,0,0
2018/6/27,35122,37537,2415,6.88,373.386,292.181,0,0
2018/6/28,35448,37792,2344,6.61,375.443,293.791,0,0
2018/6/29,34966,37395,2429,6.95,372.612,291.575,0,0
2018/6/30,30484,32528,2044,6.71,340.317,266.303,1,1
2018/7/1,29016,31002,1986,6.85,313.525,270.26,1,1
2018/7/2,33151,35536,2385,7.19,346.424,298.618,0,0
2018/7/3,34138,36355,2217,6.49,356.862,307.617,0,0
2018/7/4,33744,36038,2294,6.8,357.222,307.926,0,0
2018/7/5,33157,35454,2297,6.93,354.923,305.945,0,0
2018/7/6,34306,36567,2261,6.59,357.425,308.102,0,0
2018/7/7,30399,32483,2084,6.86,329.519,284.046,1,1
2018/7/8,28916,30851,1935,6.69,308.761,266.152,1,1
2018/7/9,34951,37243,2292,6.56,355.959,306.838,0,0
2018/7/10,34753,37012,2259,6.5,354.522,305.599,0,0
2018/7/11,31203,33349,2146,6.88,335.903,289.549,0,0
2018/7/12,34408,36617,2209,6.42,360.405,310.671,0,0
2018/7/13,34990,37207,2217,6.34,364.861,314.511,0,0
2018/7/14,31279,33571,2292,7.33,337.599,291.011,1,1
2018/7/15,29296,32283,2987,10.19,316.764,273.052,1,1
2018/7/16,35178,37947,2769,7.87,361.094,311.264,0,0
2018/7/17,36200,38713,2513,6.94,376.937,324.921,0,0
2018/7/18,36460,38820,2360,6.47,378.892,326.606,0,0
2018/7/19,36705,39052,2347,6.39,380.275,327.798,0,0
2018/7/20,35740,38082,2342,6.55,372.819,321.372,0,0
2018/7/21,31327,34258,2931,9.36,339.94,293.029,1,1
2018/7/22,29333,32005,2672,9.11,318.585,274.621,1,1
2018/7/23,34239,37187,2948,8.61,357.398,308.078,0,0
2018/7/24,35976,38268,2292,6.37,370.231,319.14,0,0
2018/7/25,35901,38300,2399,6.68,370.374,319.264,0,0
2018/7/26,35806,38102,2296,6.41,374.861,323.132,0,0
2018/7/27,35675,38118,2443,6.85,372.019,320.682,0,0
2018/7/28,31376,33880,2504,7.98,342.027,294.828,1,1
2018/7/29,30623,32696,2073,6.77,325.854,280.888,1,1
2018/7/30,36318,38704,2386,6.57,372.879,321.423,0,0
2018/7/31,36906,39262,2356,6.38,384.918,331.8,0,0
2018/8/1,37351,39656,2305,6.17,392.87,342.769,0,0
2018/8/2,36122,38579,2457,6.8,387.28,337.892,0,0
2018/8/3,36116,38545,2429,6.73,378.829,330.519,0,0
2018/8/4,31905,34993,3088,9.68,345.256,301.227,1,1
2018/8/5,29660,33216,3556,11.99,325.95,284.384,1,1
2018/8/6,36089,38502,2413,6.69,370.238,323.024,0,0
2018/8/7,36132,38606,2474,6.85,380.412,331.901,0,0
2018/8/8,36191,38683,2492,6.89,381.473,332.826,0,0
2018/8/9,35872,38344,2472,6.89,380.033,331.569,0,0
2018/8/10,36020,38376,2356,6.54,379.108,330.762,0,0
2018/8/11,31721,35048,3327,10.49,348.954,304.454,1,1
2018/8/12,30095,32669,2574,8.55,328.497,286.605,1,1
2018/8/13,34739,37137,2398,6.9,366.276,319.568,0,0
2018/8/14,34827,37179,2352,6.75,367.15,320.33,0,0
2018/8/15,33954,36428,2474,7.29,362.538,316.306,0,0
2018/8/16,34368,36643,2275,6.62,365.157,318.59,0,0
2018/8/17,35182,37448,2266,6.44,368.792,321.762,0,0
2018/8/18,30087,33763,3676,12.22,337.459,294.425,1,1
2018/8/19,28654,31689,3035,10.59,314.262,274.186,1,1
2018/8/20,34375,36747,2372,6.9,355.196,309.901,0,0
2018/8/21,34675,36897,2222,6.41,366.844,320.063,0,0
2018/8/22,34783,37148,2365,6.8,368.883,321.842,0,0
2018/8/23,34745,36905,2160,6.22,363.41,317.067,0,0
2018/8/24,30158,34004,3846,12.75,331.715,289.414,0,0
2018/8/25,29174,32454,3280,11.24,318.785,278.132,1,1
2018/8/26,28097,31095,2998,10.67,303.468,264.768,1,1
2018/8/27,32329,36171,3842,11.88,339.164,295.912,0,1
2018/8/28,31922,35990,4068,12.74,340.574,297.143,0,0
2018/8/29,32109,35636,3527,10.98,341.267,297.747,0,0
2018/8/30,31886,36284,4398,13.79,339.521,296.224,0,0
2018/8/31,32264,36340,4076,12.63,340.098,296.727,0,0
2018/9/1,28928,33138,4210,14.55,323.766,306.718,1,1
2018/9/2,28176,31238,3062,10.87,311.172,294.787,1,1
2018/9/3,33843,36670,2827,8.36,356.349,337.585,1,0
2018/9/4,35163,37448,2285,6.5,375.154,355.4,0,0
2018/9/5,35238,37512,2274,6.45,380.514,360.478,0,0
2018/9/6,34890,37273,2383,6.83,377.006,357.154,0,0
2018/9/7,34524,36905,2381,6.9,372.136,352.541,0,0
2018/9/8,29661,32633,2972,10.02,334.112,316.519,1,1
2018/9/9,26810,30523,3713,13.85,302.999,287.045,1,1
2018/9/10,31645,35212,3567,11.27,335.9,318.212,0,0
2018/9/11,33276,36386,3110,9.35,356.845,338.054,0,0
2018/9/12,34117,36431,2314,6.78,366.046,346.771,0,0
2018/9/13,34521,36902,2381,6.9,370.062,350.576,0,0
2018/9/14,34631,36939,2308,6.66,371.851,352.271,0,0
2018/9/15,29281,32429,3148,10.75,335.877,318.191,1,1
2018/9/16,28947,31957,3010,10.4,318.079,301.331,1,1
2018/9/17,35098,37448,2350,6.7,368.839,349.418,0,1
2018/9/18,35327,37731,2404,6.8,381.095,361.028,0,0
2018/9/19,34991,37394,2403,6.87,379.265,359.295,0,0
2018/9/20,35019,37276,2257,6.44,378.609,358.672,0,0
2018/9/21,34892,37296,2404,6.89,376.558,356.73,0,0
2018/9/22,30272,32841,2569,8.49,342.703,324.657,1,1
2018/9/23,27876,30594,2718,9.75,320.887,303.991,1,1
2018/9/24,27223,30592,3369,12.38,309.14,292.862,1,0
2018/9/25,32749,36686,3937,12.02,347.48,329.183,0,0
2018/9/26,31949,35834,3885,12.16,348.654,330.295,0,0
2018/9/27,31946,36176,4230,13.24,347.09,328.814,0,0
2018/9/28,31510,35567,4057,12.88,341.958,323.951,0,0
2018/9/29,26812,30986,4174,15.57,303.753,287.759,1,1
2018/9/30,25505,29571,4066,15.94,283.926,268.976,1,1
2018/10/1,30707,33805,3098,10.09,351.846,290.97,0,0
2018/10/2,30992,34108,3116,10.05,359.01,296.896,0,0
2018/10/3,30579,33579,3000,9.81,356.281,294.639,0,1
2018/10/4,29852,33134,3282,10.99,351.454,290.646,0,0
2018/10/5,30375,32771,2396,7.89,353.136,292.038,0,0
2018/10/6,27097,29802,2705,9.98,329.47,272.466,1,1
2018/10/7,25871,28580,2709,10.47,310.399,256.694,1,1
2018/10/8,30873,33848,2975,9.64,354.458,293.13,0,0
2018/10/9,31288,34236,2948,9.42,365.03,301.873,0,0
2018/10/10,27562,30005,2443,8.86,333.921,276.148,1,0
2018/10/11,29875,33013,3138,10.5,350.095,289.523,0,0
2018/10/12,29172,32928,3756,12.88,344.462,284.865,0,0
2018/10/13,26162,29462,3300,12.62,315.851,261.204,1,1
2018/10/14,25687,28187,2500,9.73,304.174,251.547,1,1
2018/10/15,30538,33621,3083,10.09,351.048,290.31,0,0
2018/10/16,31462,33855,2393,7.6,363.656,300.737,0,0
2018/10/17,30079,32748,2669,8.87,354.408,293.09,0,0
2018/10/18,30097,32871,2774,9.22,352.926,291.864,0,0
2018/10/19,29952,32840,2888,9.64,350.484,289.844,0,0
2018/10/20,26206,29354,3148,12.01,319.19,263.965,1,1
2018/10/21,25377,28143,2766,10.9,301.962,249.718,1,1
2018/10/22,30240,32588,2348,7.77,346.347,286.423,0,0
2018/10/23,30450,32530,2080,6.83,357.445,295.601,0,0
2018/10/24,30549,32800,2251,7.37,357.468,295.62,0,0
2018/10/25,31029,33145,2116,6.82,360.218,297.895,0,0
2018/10/26,31014,33166,2152,6.94,358.892,296.798,0,0
2018/10/27,25586,28843,3257,12.73,314.868,260.391,1,1
2018/10/28,24289,27404,3115,12.83,288.489,238.576,1,1
2018/10/29,28439,31551,3112,10.94,325.975,269.576,0,0
2018/10/30,29073,31630,2557,8.8,339.912,281.101,0,0
2018/10/31,29060,31822,2762,9.51,341.147,282.123,0,0
2018/11/1,28605,31141,2536,8.87,338.427,264.171,0,0
2018/11/2,28905,31246,2341,8.1,341.673,266.706,0,0
2018/11/3,26486,28411,1925,7.27,318.748,248.811,1,1
2018/11/4,25391,27519,2128,8.38,302.451,236.09,1,1
2018/11/5,29866,31977,2111,7.07,345.595,269.766,0,0
2018/11/6,30772,32894,2122,6.9,360.612,281.488,0,0
2018/11/7,30941,32912,1971,6.37,363.293,283.582,0,0
2018/11/8,31419,33332,1913,6.09,366.131,285.797,0,0
2018/11/9,30295,32402,2107,6.96,358.827,280.095,0,0
2018/11/10,26927,28820,1893,7.03,325.954,254.435,1,1
2018/11/11,25556,28100,2544,9.95,306.277,239.076,1,1
2018/11/12,29963,32053,2090,6.98,346.089,270.152,0,0
2018/11/13,29512,31552,2040,6.91,351.067,274.039,0,0
2018/11/14,29437,31446,2009,6.83,348.102,271.723,0,0
2018/11/15,29920,31899,1979,6.61,352.424,275.097,0,0
2018/11/16,29969,32064,2095,6.99,354.826,276.972,0,0
2018/11/17,26630,28499,1869,7.02,323.609,252.605,1,1
2018/11/18,25682,27488,1806,7.03,306.913,239.572,1,1
2018/11/19,29184,31121,1937,6.64,340.579,265.852,0,0
2018/11/20,29730,31650,1920,6.46,348.496,272.032,0,0
2018/11/21,30019,31958,1939,6.46,353.98,276.312,0,0
2018/11/22,28817,31335,2518,8.74,343.644,268.244,0,0
2018/11/23,28416,31109,2693,9.48,337.844,263.716,0,0
2018/11/24,24811,28177,3366,13.57,301.231,235.136,1,1
2018/11/25,24821,27898,3077,12.4,292.251,228.127,1,1
2018/11/26,28884,30800,1916,6.63,330.964,258.346,0,0
2018/11/27,29017,30846,1829,6.3,339.072,264.675,0,0
2018/11/28,28956,30859,1903,6.57,339.211,264.784,0,0
2018/11/29,28691,30731,2040,7.11,336.713,262.833,0,0
2018/11/30,28562,30745,2183,7.64,337.962,263.809,0,0
2018/12/1,25636,28312,2676,10.44,312.456,209.292,1,1
2018/12/2,24981,27433,2452,9.82,295.658,198.04,1,1
2018/12/3,28963,30857,1894,6.54,336.661,225.505,0,0
2018/12/4,29868,31720,1852,6.2,350.305,234.644,0,0
2018/12/5,29406,31347,1941,6.6,350.37,234.687,0,0
2018/12/6,30019,31885,1866,6.22,355.156,237.893,0,0
2018/12/7,28355,30223,1868,6.59,342.55,229.449,0,0
2018/12/8,25188,27838,2650,10.52,308.049,206.34,1,1
2018/12/9,24038,26694,2656,11.05,289.51,193.922,1,1
2018/12/10,28631,30540,1909,6.67,331.126,221.798,0,0
2018/12/11,28683,30516,1833,6.39,342.354,229.318,0,0
2018/12/12,28236,30171,1935,6.85,335.394,224.657,0,0
2018/12/13,28180,30075,1895,6.72,336.03,225.082,0,0
2018/12/14,28184,30137.4,1953.4,6.93,337.91,226.341,0,0
2018/12/15,25401,27951,2550,10.04,309.932,207.601,1,0
2018/12/16,24544,26687,2143,8.73,293.571,196.642,1,1
2018/12/17,27835,29608,1773,6.37,323.984,217.013,0,0
2018/12/18,28111,29895,1784,6.35,333.25,223.22,0,0
2018/12/19,28371,30177,1806,6.36,336.053,225.097,0,0
2018/12/20,28520,30316,1796,6.3,336.419,225.343,0,0
2018/12/21,28647,30641,1994,6.96,339.254,227.242,0,0
2018/12/22,27178,29051,1873,6.89,330.963,221.688,0,1
2018/12/23,24509,26965,2456,10.02,297.123,199.022,1,1
2018/12/24,27928,30268,2340,8.38,325.754,218.199,0,1
2018/12/25,28585,30545,1960,6.85,340.321,227.956,0,1
2018/12/26,28463,30243,1780,6.25,339.702,227.542,0,0
2018/12/27,27726,29662,1936,6.98,332.31,222.591,0,0
2018/12/28,26844,28906,2062,7.68,322.74,216.181,0,0
2018/12/29,24309,27586,3277,13.48,294.146,197.028,1,1
2018/12/30,23326,25088,1762,7.55,280.023,187.568,1,1
2018/12/31,23399,26505,3106,13.27,277.72,186.024,1,0
2019/1/1,23872,26429,2557,10.71,279.87,192.192,1,0
2019/1/2,28148,30047,1899,6.75,323.08,221.864,0,0
2019/1/3,28452,30343,1891,6.65,336.597,231.146,0,0
2019/1/4,28490,30301,1811,6.36,339.02,232.81,0,0
2019/1/5,26054,27957,1903,7.3,315.825,216.882,1,1
2019/1/6,24617,26950,2333,9.48,295.08,202.637,1,1
2019/1/7,28536,30336,1800,6.31,330.919,227.247,0,0
2019/1/8,28719,30562,1843,6.42,340.713,233.974,0,0
2019/1/9,28641,30595,1954,6.82,339.42,233.086,0,0
2019/1/10,29006,30853,1847,6.37,345.741,237.426,0,0
2019/1/11,28798,30682,1884,6.54,345.312,237.131,0,0
2019/1/12,25905,28402,2497,9.64,316.377,217.261,1,0
2019/1/13,24629,27027,2398,9.74,295.069,202.629,1,1
2019/1/14,28348,30093,1745,6.16,330.529,226.979,0,0
2019/1/15,28887,30731,1844,6.38,341.979,234.843,0,0
2019/1/16,28649,30498,1849,6.45,338.771,232.64,0,0
2019/1/17,28395,30328,1933,6.81,337.237,231.587,0,0
2019/1/18,27756,29691,1935,6.97,333.578,229.073,0,0
2019/1/19,26477,28431,1954,7.38,323.444,222.114,0,1
2019/1/20,24539,27138,2599,10.59,293.809,201.764,1,1
2019/1/21,27739,29654,1915,6.9,324.539,222.866,0,0
2019/1/22,28140,30061,1921,6.83,334.246,229.532,0,0
2019/1/23,27838,29776,1938,6.96,333.761,229.199,0,0
2019/1/24,27863,29735,1872,6.72,334.577,229.76,0,0
2019/1/25,27296,29202,1906,6.98,332.047,228.022,0,0
2019/1/26,25282,27817,2535,10.03,307.745,211.333,1,1
2019/1/27,24414,26506,2092,8.57,291.033,199.857,1,1
2019/1/28,27557,29363,1806,6.55,322.911,221.749,0,1
2019/1/29,27858,29690,1832,6.58,331.844,227.883,0,1
2019/1/30,27760,29570,1810,6.52,331.523,227.663,0,1
2019/1/31,27181,29071,1890,6.95,326.577,224.266,0,1
2019/2/1,24709,26857,2148,8.69,301.346,228.434,0,1
2019/2/2,23382,25623,2241,9.58,278.967,211.47,1,1
2019/2/3,22915,24953,2038,8.89,267.929,203.103,1,1
2019/2/4,20214,22777,2563,12.68,246.263,186.679,1,0
2019/2/5,19992,22325,2333,11.67,235.887,178.814,1,0
2019/2/6,19936,22258,2322,11.65,237.257,179.852,1,0
2019/2/7,20938,23045,2107,10.06,243.67,184.713,1,0
2019/2/8,21581,24696,3115,14.43,253.768,192.369,1,0
2019/2/9,22436,25572,3136,13.98,262.905,199.294,1,1
2019/2/10,23236,26259,3023,13.01,268.156,203.276,1,1
2019/2/11,26667,28942,2275,8.53,308.329,233.729,0,0
2019/2/12,27768,29628,1860,6.7,327.839,248.517,0,0
2019/2/13,27699,29614,1915,6.91,333.045,252.465,0,0
2019/2/14,28250,30193,1943,6.88,335.846,254.587,0,0
2019/2/15,28262,30221,1959,6.93,337.226,255.633,0,0
2019/2/16,25432,27858,2426,9.54,311.235,235.932,1,0
2019/2/17,24343,27016,2673,10.98,289.13,219.174,1,1
2019/2/18,28645,30407,1762,6.15,330.202,250.309,0,0
2019/2/19,28876,30767,1891,6.55,342.868,259.911,0,0
2019/2/20,29078,30916,1838,6.32,346.477,262.647,0,0
2019/2/21,28912,30725,1813,6.27,346.271,262.49,0,1
2019/2/22,28420,30290,1870,6.58,340.97,258.472,0,1
2019/2/23,26723,28452,1729,6.47,324.355,245.877,0,1
2019/2/24,24694,26464,1770,7.17,294.814,223.484,1,1
2019/2/25,28084,29838,1754,6.24,326.311,247.36,0,0
2019/2/26,28390,30208,1818,6.4,336.45,255.045,0,0
2019/2/27,28013,29916,1903,6.79,336.677,255.217,0,0
2019/2/28,25472,27902,2430,9.54,310.838,235.63,1,0
2019/3/1,24689,27060,2371,9.6,299.202,201.362,1,0
2019/3/2,24734,26567,1833,7.41,296.127,199.292,1,1
2019/3/3,24102,26326,2224,9.23,288.39,194.085,1,1
2019/3/4,27688,29583,1895,6.84,322.631,217.129,0,0
2019/3/5,28241,30195,1954,6.92,336.545,226.494,0,0
2019/3/6,28032,29954,1922,6.86,337.025,226.816,0,0
2019/3/7,28147,30015,1868,6.64,336.383,226.384,0,0
2019/3/8,27951,29767,1816,6.5,335.859,226.032,0,0
2019/3/9,25870,28061,2191,8.47,314.352,211.558,1,1
2019/3/10,24801,26624,1823,7.35,295.376,198.787,1,1
2019/3/11,27730,29524,1794,6.47,326.54,219.761,0,0
2019/3/12,27936,29815,1879,6.73,334.596,225.182,0,0
2019/3/13,28145,30068,1923,6.83,337.439,227.096,0,0
2019/3/14,28417,30197,1780,6.26,338.919,228.092,0,0
2019/3/15,27757,29685,1928,6.95,335.598,225.857,0,0
2019/3/16,25318,27836,2518,9.95,309.487,208.283,1,1
2019/3/17,24681,26971,2290,9.28,291.782,196.368,1,1
2019/3/18,28338,30093,1755,6.19,331.873,223.349,0,0
2019/3/19,28882,30687,1805,6.25,345.332,232.408,0,0
2019/3/20,29645,31489,1844,6.22,351.897,236.826,0,0
2019/3/21,30343,32310,1967,6.48,358.451,241.236,0,0
2019/3/22,29618,31959,2341,7.9,352.322,237.112,0,0
2019/3/23,25265,27349,2084,8.25,312.816,210.524,1,1
2019/3/24,24812,26671,1859,7.49,294.599,198.264,1,1
2019/3/25,28535,30388,1853,6.49,333.343,224.339,0,0
2019/3/26,28756,30643,1887,6.56,342.917,230.782,0,0
2019/3/27,29140,31073,1933,6.63,348.038,234.228,0,0
2019/3/28,30093,31985,1892,6.29,356.775,240.109,0,1
2019/3/29,29673,31728,2055,6.92,354.27,238.422,0,1
2019/3/30,25810,27965,2155,8.35,317.793,213.873,1,1
2019/3/31,24466,26763,2297,9.39,296.502,199.545,1,1
2019/4/1,27842,29772,193,6.93,322.237,218.052,0,0
2019/4/2,28359,30275,191.5,6.75,332.233,224.816,0,0
2019/4/3,28483,30387,190.5,6.69,334.523,226.366,0,0
2019/4/4,25663,28003,234,9.12,308.423,208.704,1,0
2019/4/5,24542,26414,187.2,7.63,289.731,196.055,1,0
2019/4/6,24966,26649,168.3,6.74,291.974,197.573,1,1
2019/4/7,25240,27018,177.8,7.04,292.531,197.951,1,1
2019/4/8,30399,32368,196.9,6.48,343.332,232.326,0,0
2019/4/9,31532,33496,196.4,6.23,361.969,244.938,0,0
2019/4/10,31709,33863,215.4,6.79,363.597,246.039,0,0
2019/4/11,30541,32620,207.9,6.81,353.842,239.438,0,0
2019/4/12,29035,31053,201.8,6.95,341.524,231.103,0,0
2019/4/13,26446,28206,176,6.66,318.247,215.352,1,1
2019/4/14,25537,28065,252.8,9.9,302.953,205.003,1,1
2019/4/15,28749,30735,198.6,6.91,331.727,224.473,0,0
2019/4/16,29017,30894,187.7,6.47,339.368,229.644,0,0
2019/4/17,29565,31615,205,6.93,343.38,232.359,0,0
2019/4/18,30335,32338,200.3,6.6,350.574,237.226,0,0
2019/4/19,30748,32668,192,6.24,351.817,238.068,0,0
2019/4/20,26910,28787,187.7,6.98,322.525,218.247,1,1
2019/4/21,26306,28604,229.8,8.74,308.722,208.906,1,1
2019/4/22,31955,33948,199.3,6.24,358.61,242.664,0,0
2019/4/23,33181,35207,202.6,6.11,375.742,254.258,0,0
2019/4/24,33263,35266,200.3,6.02,380.015,257.149,0,1
2019/4/25,33134,35424,229,6.91,380.781,257.667,0,0
2019/4/26,32664,34916,225.2,6.89,376.868,255.02,0,0
2019/4/27,27376,29369,199.3,7.28,336.58,227.757,1,1
2019/4/28,26948,28688,174,6.46,317.806,215.053,1,1
2019/4/29,32847,35058,221.1,6.73,367.385,248.603,0,0
2019/4/30,33099,35309,221,6.68,378.092,255.847,0,0
2019/5/1,26826,29919,3093,11.53,324.099,232.905,1,0
2019/5/2,28690,31373,2683,9.35,332.184,238.715,0,0
2019/5/3,28315,31631,3316,11.71,329.559,236.829,0,0
2019/5/4,25819,28938,3119,12.08,305.945,219.859,1,1
2019/5/5,25336,27591,2255,8.9,293.362,210.817,1,1
2019/5/6,28615,31019,2404,8.4,327.298,235.205,0,0
2019/5/7,28472,31081,2609,9.16,330.933,237.817,0,0
2019/5/8,28968,31108,2140,7.39,335.394,241.022,0,0
2019/5/9,29229,31441,2212,7.57,339.614,244.055,0,0
2019/5/10,29571,32179,2608,8.82,341.478,245.394,0,0
2019/5/11,26576,29413,2837,10.68,317.072,227.855,1,1
2019/5/12,26484,29193,2709,10.23,306.971,220.597,1,1
2019/5/13,32135,34446,2311,7.19,358.075,257.322,0,0
2019/5/14,33144,35275,2131,6.43,374.205,268.912,0,0
2019/5/15,32896,35149,2253,6.85,377.077,270.977,0,0
2019/5/16,33307,35739,2432,7.3,383.442,275.551,0,0
2019/5/17,32316,34862,2546,7.88,377.138,271.02,0,0
2019/5/18,29523,32114,2591,8.78,353.717,254.189,1,1
2019/5/19,28977,31104,2127,7.34,337.522,242.551,1,1
2019/5/20,32213,35560,3347,10.39,361.999,260.141,0,0
2019/5/21,29978,33865,3887,12.97,348.55,250.477,0,0
2019/5/22,30150,34704,4554,15.11,349.088,250.863,0,0
2019/5/23,30430,35142,4712,15.48,350.178,251.647,0,0
2019/5/24,31548,35123,3575,11.33,358.174,257.393,0,0
2019/5/25,27810,31794,3984,14.33,333.172,239.425,1,1
2019/5/26,27905,31694,3789,13.58,320.712,230.472,1,1
2019/5/27,32521,35227,2706,8.32,367.428,264.042,0,0
2019/5/28,32242,35411,3169,9.83,369.604,265.607,0,0
2019/5/29,30319,36224,5905,19.48,352.744,253.491,0,0
2019/5/30,32116,36483,4367,13.6,364.057,261.62,0,0
2019/5/31,32971,37486,4515,13.69,374.886,269.402,0,1
2019/6/1,28860,32902,4042,14.01,321.919,262.332,1,1
2019/6/2,28856,32488,3632,12.59,309.668,252.348,1,1
2019/6/3,32958,37498,4540,13.78,348.832,284.262,0,0
2019/6/4,32409,36955,4546,14.03,350.46,285.59,0,0
2019/6/5,33916,37945,4029,11.88,358.025,291.753,0,0
2019/6/6,34889,38674,3785,10.85,367.088,299.14,0,0
2019/6/7,30068,34770,4702,15.64,334.604,272.669,1,0
2019/6/8,29548,32858,3310,11.2,323.667,263.755,1,1
2019/6/9,29408,33490,4082,13.88,317.096,258.401,1,1
2019/6/10,33355,37502,4147,12.43,350.141,285.329,0,0
2019/6/11,32126,36341,4215,13.12,346.883,282.674,0,0
2019/6/12,31095,36513,5418,17.42,338.179,275.581,0,0
2019/6/13,31680,35273,3593,11.34,340.793,277.712,0,0
2019/6/14,30877,35772,4895,15.85,335.714,273.572,0,0
2019/6/15,27686,33122,5436,19.63,307.399,250.498,1,1
2019/6/16,27673,32635,4962,17.93,299.822,244.324,1,1
2019/6/17,33703,37468,3765,11.17,348.695,284.15,0,0
2019/6/18,34739,37996,3257,9.38,368.608,300.378,0,0
2019/6/19,35601,39258,3657,10.27,377.364,307.513,0,0
2019/6/20,35959,39662,3703,10.3,384.09,312.994,0,0
2019/6/21,35928,40008,4080,11.36,382.262,311.505,0,0
2019/6/22,30923,35113,4190,13.55,349.223,284.582,1,1
2019/6/23,28305,33049,4744,16.76,317.445,258.685,1,1
2019/6/24,31688,37104,5416,17.09,339.907,276.99,0,0
2019/6/25,33290,36804,3514,10.56,351.381,286.34,0,0
2019/6/26,32816,36928,4112,12.53,350.162,285.346,0,0
2019/6/27,33465,37640,4175,12.48,356.885,290.825,0,0
2019/6/28,34963,38530,3567,10.2,366.75,298.864,0,0
2019/6/29,30553,34155,3602,11.79,342.722,279.283,1,1
2019/6/30,30083,33522,3439,11.43,327.882,267.19,1,1
2019/7/1,35215,38849,3634,10.32,355.35,291.76,0,0
2019/7/2,35052,39935,4883,13.93,359.015,294.768,0,0
2019/7/3,33953,38706,4753,14,348.871,286.44,0,0
2019/7/4,34157,39052,4895,14.33,352.368,289.31,0,0
2019/7/5,33853,39567,5714,16.88,350.28,287.596,0,0
2019/7/6,30014,34449,4435,14.78,322.884,265.104,1,1
2019/7/7,29965,34278,4313,14.39,312.81,256.831,1,1
2019/7/8,35166,39621,4455,12.67,354.286,290.886,0,0
2019/7/9,34886,39052,4166,11.94,360.449,295.946,0,0
2019/7/10,35267,39164,3897,11.05,363.084,298.11,0,0
2019/7/11,34564,38719,4155,12.02,359.087,294.828,0,0
2019/7/12,35638,39970,4332,12.16,360.127,295.682,0,0
2019/7/13,31353,36491,5138,16.39,334.682,274.79,1,1
2019/7/14,30941,34198,3257,10.53,321.452,263.927,1,1
2019/7/15,36261,39898,3637,10.03,364.893,299.594,0,0
2019/7/16,36926,40150,3224,8.73,376.816,309.383,0,0
2019/7/17,37383,41153,3770,10.08,381.033,312.846,0,0
2019/7/18,35922,40002,4080,11.36,373.161,306.383,0,0
2019/7/19,35484,39994,4510,12.71,364.325,299.129,0,0
2019/7/20,30618,36836,6218,20.31,329.563,270.586,1,1
2019/7/21,29604,34994,5390,18.2,311.096,255.424,1,1
2019/7/22,34488,40246,5758,16.7,345.826,283.94,0,0
2019/7/23,35004,39770,4766,13.62,354.659,291.192,0,0
2019/7/24,35571,40609,5038,14.16,360.731,296.178,0,0
2019/7/25,35955,40591,4636,12.89,367.923,302.082,0,0
2019/7/26,36523,40420,3897,10.67,369.37,303.27,0,0
2019/7/27,31207,36553,5346,17.13,333.98,274.214,1,1
2019/7/28,29654,35368,5714,19.27,312.766,256.795,1,1
2019/7/29,35554,40478,4924,13.85,357.657,293.654,0,0
2019/7/30,36647,40714,4067,11.1,372.518,305.855,0,0
2019/7/31,36807,40536,3729,10.13,374.623,307.584,0,0
2019/8/1,36482,40524,4042,11.08,375.41,330.64,0,0
2019/8/2,35775,40810,5035,14.08,365.826,322.2,0,0
2019/8/3,31045,36920,5875,18.92,335.586,295.565,1,1
2019/8/4,31333,35151,3818,12.18,328.514,289.337,1,1
2019/8/5,36721,40649,3928,10.7,371.635,327.315,0,0
2019/8/6,36386,41157,4771,13.11,374.848,330.146,0,0
2019/8/7,36067,40786,4719,13.08,374.025,329.421,0,0
2019/8/8,36331,40648,4317,11.88,371.513,327.208,0,0
2019/8/9,30740,37717,6977,22.7,336.511,296.381,0,0
2019/8/10,31478,36049,4571,14.52,338.342,297.993,1,1
2019/8/11,31064,35251,4187,13.48,328.236,289.093,1,1
2019/8/12,34479,40272,5793,16.8,357.815,315.144,0,0
2019/8/13,33906,38658,4752,14.02,357.298,314.688,0,0
2019/8/14,36100,40164,4064,11.26,369.086,325.071,0,0
2019/8/15,34275,40630,6355,18.54,364.341,320.892,0,0
2019/8/16,34379,40427,6048,17.59,357.62,314.972,0,0
2019/8/17,30424,37079,6655,21.87,330.097,290.732,1,1
2019/8/18,28616,34759,6143,21.47,307.806,271.099,1,1
2019/8/19,32954,39330,6376,19.35,337.203,296.99,0,0
2019/8/20,33328,39597,6269,18.81,343.997,302.973,0,0
2019/8/21,33542,39972,6430,19.17,347.032,305.647,0,0
2019/8/22,34983,39807,4824,13.79,357.805,315.135,0,0
2019/8/23,35157,40025,4868,13.85,362.903,319.625,0,0
2019/8/24,28996,35969,6973,24.05,321.683,283.321,1,1
2019/8/25,28990,34452,5462,18.84,305.622,269.175,1,1
2019/8/26,35049,40403,5354,15.27,352.365,310.343,0,0
2019/8/27,35593,40285,4692,13.18,363.805,320.42,0,1
2019/8/28,36507,40601,4094,11.21,371.723,327.393,0,0
2019/8/29,36368,40424,4056,11.15,374.813,330.114,0,0
2019/8/30,34613,40228,5615,16.22,359.782,316.877,0,0
2019/8/31,30636,35403,4767,15.56,329.676,290.36,1,1
2019/9/1,29629,34611,4982,16.81,332.912,329.305,1,1
2019/9/2,35383,39989,4606,13.02,374.997,370.933,0,0
2019/9/3,35469,40050,4581,12.92,382.283,378.14,1,0
2019/9/4,33717,39136,5419,16.07,369.469,365.466,0,0
2019/9/5,33277,39153,5876,17.66,363.107,359.172,0,0
2019/9/6,34200,39285,5085,14.87,365.96,361.994,0,1
2019/9/7,30088,34982,4894,16.27,339.934,336.251,1,1
2019/9/8,29047,33239,4192,14.43,323.579,320.073,1,1
2019/9/9,34357,39318,4961,14.44,364.627,360.676,0,0
2019/9/10,34664,38812,4148,11.97,375.452,371.384,0,0
2019/9/11,35341,39916,4575,12.95,379.44,375.328,0,0
2019/9/12,35264,39889,4625,13.12,379.549,375.436,0,0
2019/9/13,29375,34199,4824,16.42,336.406,332.76,1,0
2019/9/14,28676,33070,4394,15.33,324.443,320.927,1,1
2019/9/15,28191,33578,5387,19.11,315.099,311.685,1,1
2019/9/16,33228,39253,6025,18.13,353.608,349.777,0,0
2019/9/17,32961,38936,5975,18.13,358.369,354.485,0,0
2019/9/18,32428,38470,6042,18.63,353.586,349.754,0,0
2019/9/19,31508,38401,6893,21.88,345.22,341.479,0,0
2019/9/20,30594,36939,6345,20.74,335.219,331.586,0,0
2019/9/21,26460,32072,5612,21.21,299.075,295.834,1,1
2019/9/22,25836,31257,5421,20.98,285.911,282.814,1,1
2019/9/23,29947,36566,6619,22.1,322.52,319.026,0,0
2019/9/24,30106,36722,6616,21.98,331.081,327.493,0,0
2019/9/25,30709,36388,5679,18.49,333.252,329.642,0,0
2019/9/26,31162,36821,5659,18.16,339.548,335.869,0,0
2019/9/27,31255,37499,6244,19.98,342.488,338.777,0,0
2019/9/28,28161,33013,4852,17.23,317.598,314.157,1,1
2019/9/29,27926,32241,4315,15.45,306.994,303.668,1,1
2019/9/30,28505,36162,7657,26.86,317.882,314.438,0,0
