Date,kW,PeakLoad(MW)_shift7,isHoliday_shift7,dayOfYear,weekUpdate_shift7,Temp_Taipei_shift7
2016/1/1,263.799,26400,0,1,5,12
2016/1/2,261.975,24308,1,2,6,12.1
2016/1/3,266.167,23490,1,3,7,16.2
2016/1/4,302.227,27207,0,4,1,13.5
2016/1/5,313.328,26747,0,5,2,11.4
2016/1/6,311.174,26951,0,6,3,9.5
2016/1/7,307.244,26898,0,7,4,9.8
2016/1/8,304.049,26797,0,8,5,11.7
2016/1/9,282.141,23911,1,9,6,14.2
2016/1/10,267.17,23956,1,10,7,13.6
2016/1/11,302.529,26443,0,11,1,9.5
2016/1/12,304.97,26937,0,12,2,8.9
2016/1/13,307.894,27038,0,13,3,10.8
2016/1/14,307.045,27091,0,14,4,12.8
2016/1/15,307.694,26563,0,15,5,11.3
2016/1/16,275.077,24997,1,16,6,5.7
2016/1/17,271.721,25062,1,17,7,-0.4
2016/1/18,295.183,27089,0,18,1,1.9
2016/1/19,305.449,26595,0,19,2,10.2
2016/1/20,307.466,26946,0,20,3,14.8
2016/1/21,309.751,27249,0,21,4,15.6
2016/1/22,307.307,26931,0,22,5,14.4
2016/1/23,290.329,25706,0,23,5,11.9
2016/1/24,280.777,23620,1,24,7,13
2016/1/25,305.607,26578,0,25,1,9.5
2016/1/26,308.178,26843,0,26,2,7.8
2016/1/27,310.592,26603,0,27,3,10.1
2016/1/28,311.606,25990,0,28,4,13.3
2016/1/29,311.922,23766,0,29,5,10.3
2016/1/30,301.401,21847,1,30,6,5.9
2016/1/31,271.86,19544,1,31,7,6.1
2016/2/1,294.448,19297,1,32,7,9.3
2016/2/2,302.971,19097,1,33,7,13.5
2016/2/3,300.85,19431,1,34,7,16.1
2016/2/4,295.411,20515,1,35,7,17.4
2016/2/5,276.526,22169,1,36,7,18.9
2016/2/6,247.058,22303,1,37,6,20.3
2016/2/7,222.883,22334,1,38,7,12.9
2016/2/8,213.54,25509,0,39,1,5.5
2016/2/9,212.242,26477,0,40,2,7.4
2016/2/10,215.612,26608,0,41,3,9
2016/2/11,225.185,26740,0,42,4,12.7
2016/2/12,240.902,26526,0,43,5,13.3
2016/2/13,245.255,24647,1,44,6,9
2016/2/14,248.261,23892,1,45,7,10.2
2016/2/15,280.218,26406,0,46,1,14.4
2016/2/16,297.046,26790,0,47,2,10.3
2016/2/17,299.98,26917,0,48,3,8.8
2016/2/18,301.153,26971,0,49,4,9.2
2016/2/19,301.254,26706,0,50,5,10.5
2016/2/20,283.875,24411,1,51,6,12.1
2016/2/21,267.842,22926,1,52,7,14.5
2016/2/22,294.557,23504,1,53,7,10.5
2016/2/23,302.147,26354,0,54,1,9.7
2016/2/24,305.394,26497,0,55,3,13.2
2016/2/25,305.884,26646,0,56,4,14.7
2016/2/26,304.191,26427,0,57,5,17
2016/2/27,281.829,24470,1,58,6,18.8
2016/2/28,260.066,23542,1,59,7,18.3
2016/2/29,264.255,27304,0,60,1,18.5
2016/3/1,298.613,27654,0,61,2,19
2016/3/2,304.836,26907,0,62,3,13.2
2016/3/3,306.628,26784,0,63,4,8.1
2016/3/4,307.474,26528,0,64,5,7.7
2016/3/5,288.564,24511,1,65,6,11.6
2016/3/6,271.407,24224,1,66,7,14.5
2016/3/7,307.043,26676,0,67,1,9
2016/3/8,319.805,27319,0,68,2,10.3
2016/3/9,317.294,27042,0,69,3,13.2
2016/3/10,314.376,27370,0,70,4,16.7
2016/3/11,311.391,27816,0,71,5,18.4
2016/3/12,292.173,25529,1,72,6,17.3
2016/3/13,277.227,24119,1,73,7,14.8
2016/3/14,304.216,27353,0,74,1,14
2016/3/15,315.782,27449,0,75,2,16.6
2016/3/16,315.692,27273,0,76,3,14
2016/3/17,316.612,27102,0,77,4,7.7
2016/3/18,322.942,26600,0,78,5,7.1
2016/3/19,304.993,24112,1,79,6,8.6
2016/3/20,281.437,23701,1,80,7,8.9
2016/3/21,309.544,26145,0,81,1,11.1
2016/3/22,317.491,26347,0,82,2,14.8
2016/3/23,319.971,26698,0,83,3,16.6
2016/3/24,315.022,26999,0,84,4,16.9
2016/3/25,313.947,26995,0,85,5,17.9
2016/3/26,286.315,24959,1,86,6,20.4
2016/3/27,270.214,24092,1,87,7,20.8
2016/3/28,296.779,23523,1,88,7,20.2
2016/3/29,306.254,24713,1,89,1,20.7
2016/3/30,310.441,28790,0,90,1,22
2016/3/31,314.404,29597,0,91,4,22.8
2016/4/1,312.646,28836,0,92,5,20.8
2016/4/2,294.438,25877,1,93,6,19.9
2016/4/3,278.92,24787,1,94,7,19.7
2016/4/4,272.195,27692,0,95,1,17
2016/4/5,281.428,28276,0,96,2,18.6
2016/4/6,323.066,28251,0,97,3,18.7
2016/4/7,341.29,28635,0,98,4,18.8
2016/4/8,338.093,28282,0,99,5,19
2016/4/9,310.529,26506,1,100,6,21.3
2016/4/10,291.419,25264,1,101,7,20.6
2016/4/11,317.229,27325,0,102,1,16.1
2016/4/12,325.801,27957,0,103,2,17.5
2016/4/13,330.042,28691,0,104,3,21.5
2016/4/14,330.043,30333,0,105,4,23.5
2016/4/15,327.056,29963,0,106,5,22.5
2016/4/16,310.897,27062,1,107,6,22.5
2016/4/17,293.836,25738,1,108,7,21.1
2016/4/18,317.782,29632,0,109,1,21.6
2016/4/19,321.359,30373,0,110,2,22.5
2016/4/20,333.098,30202,0,111,3,21.7
2016/4/21,347.572,28946,0,112,4,17.4
2016/4/22,350.015,27688,0,113,5,16.5
2016/4/23,324.412,25115,1,114,6,18.7
2016/4/24,301.984,24359,1,115,7,19.1
2016/4/25,338.771,26796,0,116,1,23.3
2016/4/26,351.746,30026,0,117,2,23.2
2016/4/27,350.954,30518,0,118,3,23.2
2016/4/28,340.334,31405,0,119,4,23
2016/4/29,325.163,31971,0,120,5,24.3
2016/4/30,301.027,28747,1,121,6,24.4
2016/5/1,266.064,27417,1,122,7,23.6
2016/5/2,286.766,32065,0,123,1,23.9
2016/5/3,323.355,31797,0,124,2,23
2016/5/4,331.122,29278,0,125,3,17.4
2016/5/5,338.723,30566,0,126,4,22.3
2016/5/6,344.832,31640,0,127,5,22.5
2016/5/7,326.42,28292,1,128,6,23.4
2016/5/8,304.913,27346,1,129,7,24
2016/5/9,344.06,29103,0,130,1,17
2016/5/10,347.755,28435,0,131,2,16
2016/5/11,325.03,29708,0,132,3,20.3
2016/5/12,332.188,30228,0,133,4,20
2016/5/13,339.851,30557,0,134,5,21
2016/5/14,320.346,27163,1,135,6,21.8
2016/5/15,303.024,26378,1,136,7,22.4
2016/5/16,318.917,30776,0,137,1,22.8
2016/5/17,311.704,31057,0,138,2,22.4
2016/5/18,319.977,31459,0,139,3,22.2
2016/5/19,326.806,32223,0,140,4,23.8
2016/5/20,330.552,33124,0,141,5,24.6
2016/5/21,306.874,29766,1,142,6,25.3
2016/5/22,288.727,29555,1,143,7,26
2016/5/23,328.608,34081,0,144,1,25.3
2016/5/24,338.421,34425,0,145,2,26
2016/5/25,340.922,34124,0,146,3,26.4
2016/5/26,348.879,32431,0,147,4,23.6
2016/5/27,357.192,33946,0,148,5,24.7
2016/5/28,338.069,34123,0,149,5,25.9
2016/5/29,324.304,28874,1,150,7,23.7
2016/5/30,365.125,31993,0,151,1,22.4
2016/5/31,375.438,32998,0,152,2,23.6
2016/6/1,355.215,33077,0,153,5,23.7
2016/6/2,347.41,27797,1,154,7,24.1
2016/6/3,351.215,27072,1,155,7,23.2
2016/6/4,349.332,26232,1,156,6,22.9
2016/6/5,308.796,26353,1,157,7,24.2
2016/6/6,328.018,30642,0,158,1,23.9
2016/6/7,336.767,31018,0,159,2,22.8
2016/6/8,335.642,33095,0,160,3,25.3
2016/6/9,301.871,33896,0,161,4,26.1
2016/6/10,288.771,34077,0,162,5,24.7
2016/6/11,279.589,30766,1,163,6,23.9
2016/6/12,275.22,29277,1,164,7,24.6
2016/6/13,310.887,34247,0,165,1,25.1
2016/6/14,320.107,34399,0,166,2,25.5
2016/6/15,332.867,35168,0,167,3,26.3
2016/6/16,345.413,35209,0,168,4,26.1
2016/6/17,346.337,35075,0,169,5,25.9
2016/6/18,322.227,31647,1,170,6,26
2016/6/19,305.467,29970,1,171,7,25.4
2016/6/20,341.255,35049,0,172,1,26.3
2016/6/21,348.471,35041,0,173,2,24.9
2016/6/22,356.334,34994,0,174,3,24.7
2016/6/23,359.437,34391,0,175,4,24.6
2016/6/24,354.694,34802,0,176,5,25.4
2016/6/25,331.967,31298,1,177,6,24.7
2016/6/26,315.82,28463,1,178,7,24.6
2016/6/27,351.729,34544,0,179,1,25
2016/6/28,356.032,35044,0,180,2,25.9
2016/6/29,354.8,35560,0,181,3,26.4
2016/6/30,349.669,34436,0,182,4,24.2
2016/7/1,347.142,27522,0,183,5,23.9
2016/7/2,320.651,28462,1,184,6,24.9
2016/7/3,301.726,27433,1,185,7,23.7
2016/7/4,339.579,32223,0,186,1,23.6
2016/7/5,352.362,33305,0,187,2,24.2
2016/7/6,356.913,33967,0,188,3,25.3
2016/7/7,346.939,34855,0,189,4,25.7
2016/7/8,279.182,35037,0,190,5,26.4
2016/7/9,296.858,31815,1,191,6,26.6
2016/7/10,287.639,29796,1,192,7,25.9
2016/7/11,321.534,34270,0,193,1,24.6
2016/7/12,332.387,34329,0,194,2,24.6
2016/7/13,339.985,34718,0,195,3,24.8
2016/7/14,348.613,35041,0,196,4,25.6
2016/7/15,350.818,35006,0,197,5,26.3
2016/7/16,331.79,31673,1,198,6,26.1
2016/7/17,314.573,29923,1,199,7,25.2
2016/7/18,338.699,34954,0,200,1,25.6
2016/7/19,341.696,35326,0,201,2,25.9
2016/7/20,345.118,35821,0,202,3,26.5
2016/7/21,351.554,36199,0,203,4,27
2016/7/22,352.575,35987,0,204,5,26.7
2016/7/23,328.181,32110,1,205,6,25.6
2016/7/24,312.392,30442,1,206,7,25.6
2016/7/25,348.04,34489,0,207,1,25.9
2016/7/26,356.899,34924,0,208,2,25.1
2016/7/27,360.096,35044,0,209,3,24.9
2016/7/28,364.545,35557,0,210,4,26.3
2016/7/29,359.428,35362,0,211,5,25.5
2016/7/30,330.595,31576,1,212,6,24.9
2016/7/31,314.899,29565,1,213,7,25
2016/8/1,350.046,35231,0,214,1,24.7
2016/8/2,354.416,35442,0,215,2,25.6
2016/8/3,354.633,35633,0,216,3,25.7
2016/8/4,359.671,33314,0,217,4,24.3
2016/8/5,359.712,33105,0,218,5,25.3
2016/8/6,333.141,28623,1,219,6,24.4
2016/8/7,312.828,28566,1,220,7,26.3
2016/8/8,350.599,33890,0,221,1,26.5
2016/8/9,359.236,33991,0,222,2,25.3
2016/8/10,359.371,33320,0,223,3,24.6
2016/8/11,348.172,33817,0,224,4,25.5
2016/8/12,341.854,34356,0,225,5,25.3
2016/8/13,308.898,30375,1,226,6,25.3
2016/8/14,299.113,29016,1,227,7,25.7
2016/8/15,340.12,34922,0,228,1,25.9
2016/8/16,345.143,34983,0,229,2,26
2016/8/17,339.067,35243,0,230,3,25.9
2016/8/18,343.251,35218,0,231,4,25.2
2016/8/19,341.773,34942,0,232,5,25.4
2016/8/20,318.509,30595,1,233,6,24.1
2016/8/21,305.468,27632,1,234,7,21.9
2016/8/22,345.978,32134,0,235,1,22.5
2016/8/23,356.374,31495,0,236,2,22.9
2016/8/24,358.713,32613,0,237,3,23.3
2016/8/25,358.874,33040,0,238,4,24.4
2016/8/26,357.666,32279,0,239,5,23.5
2016/8/27,327.236,28417,1,240,6,23.7
2016/8/28,297.263,28135,1,241,7,24.9
2016/8/29,320.662,33367,0,242,1,24.2
2016/8/30,322.777,32058,0,243,2,23.4
2016/8/31,327.471,32215,0,244,3,24.5
2016/9/1,353.218,31860,0,245,4,24.4
2016/9/2,350.912,32081,0,246,5,23.4
2016/9/3,321.863,31423,0,247,5,23.1
2016/9/4,310.298,28329,1,248,7,24.4
2016/9/5,350.887,32551,0,249,1,22.8
2016/9/6,349.551,32949,0,250,2,23.6
2016/9/7,346.16,29701,0,251,5,23.2
2016/9/8,345.952,25557,1,252,7,23.7
2016/9/9,346.512,26401,1,253,7,25.1
2016/9/10,336.534,25736,1,254,6,22.8
2016/9/11,312.231,26088,1,255,7,21.4
2016/9/12,346.466,30275,0,256,1,21.2
2016/9/13,351.967,30275,0,257,2,20.3
2016/9/14,322.36,31222,0,258,3,21.6
2016/9/15,284.49,31596,0,259,4,21.8
2016/9/16,290.889,31556,0,260,5,21.7
2016/9/17,288.973,27767,1,261,6,22.1
2016/9/18,284.913,26759,1,262,7,22.3
2016/9/19,321.832,31841,0,263,1,22.7
2016/9/20,326.884,25840,0,264,2,23.3
2016/9/21,333.626,25846,0,265,3,24.4
2016/9/22,339.083,31207,0,266,4,24.2
2016/9/23,337.914,31549,0,267,5,23.7
2016/9/24,311.436,28505,1,268,6,24.2
2016/9/25,295.952,27189,1,269,7,24.4
2016/9/26,335.862,32021,0,270,1,23.2
2016/9/27,271.176,32470,0,271,2,22.7
2016/9/28,267.225,32816,0,272,3,22.5
2016/9/29,328.149,32459,0,273,4,23.8
2016/9/30,335.885,31565,0,274,5,22.3
2016/10/1,318.718,27782,1,275,6,22.6
2016/10/2,302.353,25056,1,276,7,19.3
2016/10/3,342.232,26116,1,277,6,20.4
2016/10/4,349.614,30384,0,278,1,21.9
2016/10/5,353.5,30332,0,279,3,20.4
2016/10/6,352.719,30195,0,280,4,20.1
2016/10/7,345.02,30254,0,281,5,20.7
2016/10/8,315.64,28037,1,282,6,22.7
2016/10/9,282.742,27130,1,283,7,23.7
2016/10/10,284.751,32227,0,284,1,23
2016/10/11,324.698,32656,0,285,2,23.4
2016/10/12,330.186,32417,0,286,3,23.8
2016/10/13,330.147,32495,0,287,4,24.4
2016/10/14,330.808,33000,0,288,5,25.1
2016/10/15,315.332,29606,1,289,6,24.1
2016/10/16,301.477,27320,1,290,7,23.1
2016/10/17,343.226,31994,0,291,1,22.2
2016/10/18,352.38,31354,0,292,2,23.9
2016/10/19,354.447,33046,0,293,3,24.3
2016/10/20,357.542,32800,0,294,4,23.8
2016/10/21,359.584,32560,0,295,5,23.4
2016/10/22,336.177,27153,1,296,6,19.6
2016/10/23,313.016,24904,1,297,7,17.5
2016/10/24,341.315,27360,0,298,1,18.2
2016/10/25,343.992,28872,0,299,2,16.6
2016/10/26,356.401,28241,0,300,3,14.6
2016/10/27,356.499,28462,0,301,4,15.4
2016/10/28,353.505,28565,0,302,5,17.5
2016/10/29,311.741,25765,1,303,6,19.3
2016/10/30,280.121,25045,1,304,7,20.3
2016/10/31,300.736,29442,0,305,1,20.6
2016/11/1,337.787,29642,0,306,2,17.6
2016/11/2,334,28179,0,307,3,14.3
2016/11/3,333.183,28418,0,308,4,15.5
2016/11/4,337.187,27906,0,309,5,16.1
2016/11/5,312.786,25909,1,310,6,19.5
2016/11/6,296.781,25064,1,311,7,21.4
2016/11/7,339.194,29281,0,312,1,21.2
2016/11/8,345.26,29724,0,313,2,18.9
2016/11/9,333.599,29468,0,314,3,19.3
2016/11/10,334.744,29703,0,315,4,20.3
2016/11/11,327.518,29353,0,316,5,20.2
2016/11/12,311.796,26898,1,317,6,21.5
2016/11/13,297.964,25331,1,318,7,20.2
2016/11/14,336.753,29260,0,319,1,18.9
2016/11/15,346.981,29328,0,320,2,18.9
2016/11/16,346.143,28322,0,321,3,15.9
2016/11/17,347.904,27938,0,322,4,14.2
2016/11/18,346.143,28375,0,323,5,16.8
2016/11/19,324.175,25582,1,324,6,18.3
2016/11/20,301.924,23901,1,325,7,14.3
2016/11/21,335.424,27360,0,326,1,13.9
2016/11/22,343.134,27943,0,327,2,15.9
2016/11/23,335.044,28213,0,328,3,18
2016/11/24,328.545,27824,0,329,4,15.4
2016/11/25,331.241,27605,0,330,5,14.7
2016/11/26,308.751,25515,1,331,6,17.9
2016/11/27,283.558,24499,1,332,7,18.8
2016/11/28,312.342,28380,0,333,1,17.4
2016/11/29,325.226,27794,0,334,2,14
2016/11/30,328.921,28171,0,335,3,14.5
2016/12/1,332.951,28084,0,336,4,15.8
2016/12/2,329.467,27724,0,337,5,16.1
2016/12/3,310.973,25247,1,338,6,16.1
2016/12/4,295.566,23981,1,339,7,15.5
2016/12/5,331.6,27900,0,340,1,17.1
2016/12/6,332.271,28007,0,341,2,15.7
2016/12/7,334.161,27559,0,342,3,12.7
2016/12/8,334.344,27360,0,343,4,9
2016/12/9,332.062,27210,0,344,5,8.9
2016/12/10,308.854,24962,1,345,6,13.5
2016/12/11,289.309,23833,1,346,7,16.7
2016/12/12,325.517,27951,0,347,1,18.8
2016/12/13,335.044,28840,0,348,2,20.2
2016/12/14,330.427,29092,0,349,3,21
2016/12/15,326.54,28358,0,350,4,16.1
2016/12/16,323.305,27363,0,351,5,12.6
2016/12/17,304.634,24821,1,352,6,13.8
2016/12/18,286.801,23973,1,353,7,17.9
2016/12/19,324.35,27045,0,354,1,18.6
2016/12/20,341.12,27504,0,355,2,11
2016/12/21,345.422,27376,0,356,3,9.7
2016/12/22,340.657,26945,0,357,4,10.1
2016/12/23,330.02,26374,0,358,5,12.7
2016/12/24,303.733,23897,1,359,6,15.7
2016/12/25,288.593,22886,1,360,7,17.5
2016/12/26,316.791,24483,1,361,7,17.1
2016/12/27,324.877,28131,0,362,1,16.6
2016/12/28,324.686,28485,0,363,3,18.5
2016/12/29,320.135,28336,0,364,4,18
2016/12/30,315.613,28002,0,365,5,17.6
2016/12/31,290.524,25600,1,366,6,18.2
2017/1/1,268.503,24133,1,1,7,15.8
2017/1/2,280.534,27670,0,2,1,11.9
2017/1/3,320.449,27787,0,3,2,13.1
2017/1/4,329.623,27992,0,4,3,14.2
2017/1/5,330.137,28186,0,5,4,15.5
2017/1/6,330.589,27161,0,6,5,11.4
2017/1/7,306.516,24726,1,7,6,9.1
2017/1/8,283.998,24156,1,8,7,9.4
2017/1/9,315.17,27370,0,9,1,10.4
2017/1/10,322.524,27768,0,10,2,14.4
2017/1/11,325.791,27768,0,11,3,15.5
2017/1/12,329.116,27768,0,12,4,14.8
2017/1/13,325.652,26889,0,13,5,8.4
2017/1/14,297.082,24905,1,14,6,8.8
2017/1/15,281.042,24230,1,15,7,8.9
2017/1/16,314.013,26943,0,16,1,9.2
2017/1/17,325.097,26779,0,17,2,9.3
2017/1/18,327.192,25905,0,18,3,10
2017/1/19,327.982,23012,0,19,5,11
2017/1/20,322.404,20214,1,20,7,14.1
2017/1/21,299.903,19672,1,21,7,16.7
2017/1/22,282.438,19906,1,22,7,18.2
2017/1/23,313.076,20118,1,23,7,13
2017/1/24,320.292,21188,1,24,7,11.6
2017/1/25,310.395,22191,1,25,7,12
2017/1/26,283.805,24722,0,26,1,10.2
2017/1/27,243.423,25592,0,27,5,14.7
2017/1/28,230.95,24355,1,28,6,15.9
2017/1/29,233.093,23414,1,29,7,14.2
2017/1/30,237.237,26414,0,30,1,12
2017/1/31,244.939,26899,0,31,2,12.4
2017/2/1,258.806,27120,0,32,3,13.9
2017/2/2,289.089,27088,0,33,4,5.8
2017/2/3,304.543,27086,0,34,5,5.7
2017/2/4,293.56,24557,1,35,6,6.8
2017/2/5,278.986,23991,1,36,7,9.3
2017/2/6,310.075,26862,0,37,1,11.2
2017/2/7,320.057,27193,0,38,2,11.5
2017/2/8,324.007,27232,0,39,3,14.1
2017/2/9,323.31,27174,0,40,4,15.2
2017/2/10,324.35,27241,0,41,5,17.1
2017/2/11,301.272,26165,0,42,5,14.9
2017/2/12,285.43,23850,1,43,7,16.7
2017/2/13,316.656,27718,0,44,1,16.7
2017/2/14,325.037,27762,0,45,2,15
2017/2/15,324.778,28295,0,46,3,17.1
2017/2/16,324.481,27527,0,47,4,10.9
2017/2/17,327.078,27141,0,48,5,9.1
2017/2/18,319.23,24638,1,49,6,10.5
2017/2/19,286.855,23343,1,50,7,9.1
2017/2/20,322.494,24078,1,51,7,10
2017/2/21,331.285,25022,1,52,6,10.7
2017/2/22,336.296,27261,0,53,1,12
2017/2/23,333.496,27074,0,54,4,9.2
2017/2/24,328.736,26914,0,55,5,11.6
2017/2/25,303.27,24746,1,56,6,14.3
2017/2/26,282.442,23990,1,57,7,17.1
2017/2/27,286.652,27068,0,58,1,11.3
2017/2/28,297.169,27568,0,59,2,8.8
2017/3/1,319.972,27767,0,60,3,9.8
2017/3/2,322.782,27844,0,61,4,11.6
2017/3/3,323.603,27892,0,62,5,14.1
2017/3/4,301.165,25149,1,63,6,15.9
2017/3/5,284.462,24368,1,64,7,18.5
2017/3/6,317.131,27892,0,65,1,15.4
2017/3/7,326.219,27769,0,66,2,8.8
2017/3/8,328.478,27774,0,67,3,10.7
2017/3/9,329.645,28098,0,68,4,12.8
2017/3/10,332.956,27896,0,69,5,15.1
2017/3/11,307.066,25239,1,70,6,18
2017/3/12,289.286,24394,1,71,7,17.1
2017/3/13,326.713,28453,0,72,1,18.4
2017/3/14,329.612,28197,0,73,2,14.2
2017/3/15,329.804,28095,0,74,3,16.7
2017/3/16,332.764,28035,0,75,4,14.4
2017/3/17,332.276,27872,0,76,5,16.6
2017/3/18,308.612,24624,1,77,6,12.4
2017/3/19,289.912,23892,1,78,7,10.5
2017/3/20,328.554,27222,0,79,1,14.1
2017/3/21,336.78,27766,0,80,2,16.6
2017/3/22,334.616,28022,0,81,3,17.1
2017/3/23,334.601,27974,0,82,4,18.7
2017/3/24,334.257,28040,0,83,5,14.5
2017/3/25,304.199,24245,1,84,6,10.1
2017/3/26,282.75,22905,1,85,7,11.9
2017/3/27,316.217,22797,1,86,7,14.3
2017/3/28,328.486,23637,1,87,6,16.4
2017/3/29,332.055,27722,0,88,1,18.3
2017/3/30,333.617,28161,0,89,4,18.5
2017/3/31,332.343,28739,0,90,5,19.3
2017/4/1,293.726,26288,1,91,6,21.6
2017/4/2,272.587,25592,1,92,7,22.5
2017/4/3,271.462,30236,0,93,1,23.8
2017/4/4,274.183,29416,0,94,2,17.5
2017/4/5,318.184,28004,0,95,3,13.1
2017/4/6,332.957,28171,0,96,4,14.8
2017/4/7,339.621,28259,0,97,5,18
2017/4/8,318.992,26171,1,98,6,21
2017/4/9,302.878,25504,1,99,7,21.6
2017/4/10,347.81,30290,0,100,1,22.6
2017/4/11,349.896,30723,0,101,2,21.7
2017/4/12,334.727,31072,0,102,3,21.9
2017/4/13,331.139,30725,0,103,4,21.3
2017/4/14,334.176,30988,0,104,5,20.1
2017/4/15,315.019,24699,1,105,6,13
2017/4/16,302.969,24088,1,106,7,14.9
2017/4/17,349.128,28349,0,107,1,17.5
2017/4/18,361.796,29158,0,108,2,20.1
2017/4/19,365.389,30418,0,109,3,20
2017/4/20,363.071,28348,0,110,4,13
2017/4/21,361.735,27165,0,111,5,13.9
2017/4/22,308.309,24747,1,112,6,16.1
2017/4/23,285.44,24004,1,113,7,18.5
2017/4/24,327.021,25611,1,114,6,20
2017/4/25,344.756,29684,0,115,1,20.4
2017/4/26,355.286,30931,0,116,3,21.5
2017/4/27,338.571,31407,0,117,4,22.4
2017/4/28,326.675,31854,0,118,5,22.8
2017/4/29,300.818,27573,1,119,6,20.6
2017/4/30,285.355,25867,1,120,7,20
2017/5/1,282.424,31507,0,121,1,22.4
2017/5/2,324.007,31569,0,122,2,21.3
2017/5/3,340.699,32633,0,123,3,23.4
2017/5/4,347.71,33011,0,124,4,23.6
2017/5/5,352.091,32806,0,125,5,23
2017/5/6,321.32,27824,1,126,6,21.7
2017/5/7,296.445,26614,1,127,7,22
2017/5/8,342.186,32336,0,128,1,21.4
2017/5/9,352.04,30124,0,129,2,17.6
2017/5/10,357.768,30141,0,130,3,18.6
2017/5/11,362.88,31320,0,131,4,20.4
2017/5/12,362.449,31080,0,132,5,20.2
2017/5/13,327.963,26826,1,133,6,20.7
2017/5/14,305.024,26159,1,134,7,20.7
2017/5/15,348.13,32130,0,135,1,22
2017/5/16,336.77,32720,0,136,2,22.8
2017/5/17,333.3,33035,0,137,3,21.9
2017/5/18,344.17,31042,0,138,4,18.3
2017/5/19,341.697,30290,0,139,5,18.8
2017/5/20,310.523,26347,1,140,6,18.5
2017/5/21,296.581,25268,1,141,7,19.1
2017/5/22,344.213,26189,1,142,7,21.4
2017/5/23,359.92,26643,1,143,6,23
2017/5/24,361.979,32677,0,144,1,23.7
2017/5/25,346.019,31934,0,145,4,24.4
2017/5/26,336.698,31745,0,146,5,22
2017/5/27,308.837,30408,0,147,5,21.6
2017/5/28,289.916,26587,1,148,7,22.3
2017/5/29,298.295,31834,0,149,1,23.4
2017/5/30,301.063,33099,0,150,2,24.8
2017/5/31,347.68,34135,0,151,3,25.3
2017/6/1,342.911,34011,0,152,4,24.5
2017/6/2,340.613,33972,0,153,5,25
2017/6/3,324.862,30970,1,154,6,25
2017/6/4,289.044,29156,1,155,7,25.3
2017/6/5,331.911,34589,0,156,1,24.3
2017/6/6,351.586,34501,0,157,2,24.5
2017/6/7,362.462,31925,0,158,3,21.6
2017/6/8,363.023,30196,0,159,4,19.8
2017/6/9,362.558,30978,0,160,5,21.5
2017/6/10,339.351,27264,1,161,6,20.6
2017/6/11,321.73,26316,1,162,7,21.4
2017/6/12,357.655,30908,0,163,1,22.6
2017/6/13,362.393,31901,0,164,2,24.5
2017/6/14,346.782,33511,0,165,3,24.8
2017/6/15,328.619,34515,0,166,4,24.7
2017/6/16,329.851,34567,0,167,5,25.3
2017/6/17,303.739,30919,1,168,6,24.9
2017/6/18,284.626,29653,1,169,7,25
2017/6/19,324.46,35139,0,170,1,25.3
2017/6/20,340.014,35123,0,171,2,24.5
2017/6/21,352.91,35300,0,172,3,25.1
2017/6/22,363.05,35234,0,173,4,24.6
2017/6/23,365.688,34894,0,174,5,24
2017/6/24,338.481,30856,1,175,6,23.7
2017/6/25,321.827,28576,1,176,7,24.7
2017/6/26,364.832,35002,0,177,1,24.5
2017/6/27,373.349,34889,0,178,2,24.3
2017/6/28,372.966,34916,0,179,3,25.1
2017/6/29,369.354,35280,0,180,4,25.3
2017/6/30,361.789,34736,0,181,5,24.1
2017/7/1,321.836,30418,1,182,6,24.1
2017/7/2,304.344,29124,1,183,7,24.6
2017/7/3,344.231,35022,0,184,1,24.9
2017/7/4,350.531,35482,0,185,2,24.2
2017/7/5,351.088,35444,0,186,3,24.9
2017/7/6,356.921,35749,0,187,4,25
2017/7/7,346.993,35548,0,188,5,24.9
2017/7/8,318.201,31152,1,189,6,25.2
2017/7/9,304.52,29259,1,190,7,25.8
2017/7/10,350.604,34337,0,191,1,25.1
2017/7/11,359.055,36107,0,192,2,26.2
2017/7/12,360.801,36046,0,193,3,25.7
2017/7/13,362.923,35973,0,194,4,25.7
2017/7/14,361.52,36146,0,195,5,26.1
2017/7/15,332.587,31441,1,196,6,25.9
2017/7/16,313.048,30894,1,197,7,26.2
2017/7/17,349.659,36148,0,198,1,26.3
2017/7/18,365.553,36213,0,199,2,25.9
2017/7/19,364.931,36199,0,200,3,25.3
2017/7/20,366.825,35626,0,201,4,25.1
2017/7/21,367.363,35658,0,202,5,25.4
2017/7/22,338.096,30003,1,203,6,24
2017/7/23,323.781,27986,1,204,7,25.6
2017/7/24,364.487,30600,0,205,1,23.8
2017/7/25,367.989,33080,0,206,2,24.9
2017/7/26,365.698,33476,0,207,3,24.6
2017/7/27,363.576,34556,0,208,4,25.5
2017/7/28,366.728,34717,0,209,5,26
2017/7/29,321.456,31575,1,210,6,26.2
2017/7/30,288.817,30675,1,211,7,27.1
2017/7/31,318.507,36165,0,212,1,27.2
2017/8/1,335.206,36266,0,213,2,26.4
2017/8/2,340.23,36123,0,214,3,26.6
2017/8/3,349.136,35788,0,215,4,26.6
2017/8/4,351.431,36417,0,216,5,26.4
2017/8/5,330.022,32480,1,217,6,26.2
2017/8/6,317.947,30951,1,218,7,26.1
2017/8/7,362.283,36052,0,219,1,26.1
2017/8/8,369.536,36453,0,220,2,26
2017/8/9,369.142,36390,0,221,3,25.3
2017/8/10,368.745,36391,0,222,4,25.3
2017/8/11,368.828,36295,0,223,5,25.6
2017/8/12,342.896,32211,1,224,6,25
2017/8/13,324.604,30715,1,225,7,25.7
2017/8/14,360.697,36119,0,226,1,24.8
2017/8/15,360.867,35285,0,227,2,25
2017/8/16,366.793,34588,0,228,3,24.9
2017/8/17,367.63,35493,0,229,4,24.8
2017/8/18,368.178,35129,0,230,5,26.1
2017/8/19,338.513,31487,1,231,6,26.4
2017/8/20,321.716,29227,1,232,7,25.3
2017/8/21,361.014,35541,0,233,1,25.3
2017/8/22,359.463,36070,0,234,2,25.4
2017/8/23,355.082,35447,0,235,3,24.6
2017/8/24,355.287,34739,0,236,4,24
2017/8/25,353.967,33050,0,237,5,23.1
2017/8/26,330.987,29350,1,238,6,22.4
2017/8/27,311.68,28063,1,239,7,22.6
2017/8/28,347.855,33987,0,240,1,23.7
2017/8/29,361.471,34360,0,241,2,25.3
2017/8/30,360.162,35786,0,242,3,26.6
2017/8/31,356.037,35014,0,243,4,25.6
2017/9/1,351.932,35020,0,244,5,24.7
2017/9/2,319.431,30543,1,245,6,24.5
2017/9/3,299.6,29552,1,246,7,24.4
2017/9/4,345.405,34904,0,247,1,24.7
2017/9/5,359.311,35533,0,248,2,24.8
2017/9/6,369.562,33922,0,249,3,22.3
2017/9/7,368.528,32944,0,250,4,21.7
2017/9/8,364.928,33981,0,251,5,24.1
2017/9/9,334.578,30645,1,252,6,24
2017/9/10,317.158,28336,1,253,7,22.8
2017/9/11,355.593,33398,0,254,1,22.6
2017/9/12,369.164,34280,0,255,2,24.3
2017/9/13,358.802,34866,0,256,3,25.2
2017/9/14,348.026,35001,0,257,4,25.4
2017/9/15,352.989,35374,0,258,5,25.3
2017/9/16,329.911,32106,1,259,6,26.6
2017/9/17,306.887,30716,1,260,7,26
2017/9/18,339.963,35817,0,261,1,25.4
2017/9/19,354.89,36263,0,262,2,26.3
2017/9/20,359.847,36419,0,263,3,26.3
2017/9/21,365.693,36049,0,264,4,25.1
2017/9/22,369.006,35355,0,265,5,23.4
2017/9/23,346.591,34625,0,266,5,24.8
2017/9/24,329.802,30280,1,267,7,25.4
2017/9/25,368.19,35737,0,268,1,25.6
2017/9/26,377.893,35900,0,269,5,24
2017/9/27,379.148,29072,1,270,7,21.6
2017/9/28,377.612,34702,0,271,1,22.7
2017/9/29,368.09,34982,0,272,5,23.3
2017/9/30,354.078,29560,1,273,6,22.1
2017/10/1,350.098,28115,1,274,7,23
2017/10/2,393.891,28876,1,275,7,24.8
2017/10/3,397.797,30226,1,276,6,24.4
2017/10/4,342.778,35287,0,277,1,23.4
2017/10/5,375.332,34009,0,278,4,21.8
2017/10/6,385.428,32265,0,279,5,21.1
2017/10/7,348.461,28783,1,280,6,23
2017/10/8,328.554,27360,1,281,7,23
2017/10/9,335.906,33062,0,282,1,24.3
2017/10/10,347.136,32730,0,283,2,21.6
2017/10/11,386.68,32246,0,284,3,21
2017/10/12,381.023,31277,0,285,4,19.9
2017/10/13,364.231,30889,0,286,5,18.8
2017/10/14,334.531,25858,1,287,6,16.7
2017/10/15,312.378,24237,1,288,7,15.2
2017/10/16,360.552,28665,0,289,1,16.5
2017/10/17,364.246,29159,0,290,2,16.8
2017/10/18,359.051,29244,0,291,3,17.3
2017/10/19,353.246,29286,0,292,4,17.3
2017/10/20,344.404,28805,0,293,5,17.6
2017/10/21,303.734,25555,1,294,6,16.6
2017/10/22,277.572,24209,1,295,7,16.3
2017/10/23,314.139,28206,0,296,1,14.1
2017/10/24,325.935,28541,0,297,2,16
2017/10/25,327.614,29266,0,298,3,19.2
2017/10/26,327.413,30135,0,299,4,20.8
2017/10/27,323.869,29257,0,300,5,18.5
2017/10/28,296.494,25602,1,301,6,14.7
2017/10/29,275.541,24623,1,302,7,16
2017/10/30,308.63,29620,0,303,1,21
2017/10/31,317.362,30666,0,304,2,23
2017/11/1,346.257,29840,0,305,3,19.2
2017/11/2,355.227,30266,0,306,4,19.1
2017/11/3,350.751,30592,0,307,5,22.1
2017/11/4,315.945,26422,1,308,6,17.5
2017/11/5,295.95,25166,1,309,7,17.5
2017/11/6,341.356,29653,0,310,1,19.3
2017/11/7,360.974,29969,0,311,2,19
2017/11/8,357.485,29784,0,312,3,18.6
2017/11/9,358.912,30463,0,313,4,20.9
2017/11/10,362.763,30555,0,314,5,21.4
2017/11/11,326.375,26189,1,315,6,16.7
2017/11/12,301.848,24644,1,316,7,13.4
2017/11/13,344.265,28771,0,317,1,15.3
2017/11/14,357.181,29432,0,318,2,17.6
2017/11/15,356.865,28955,0,319,3,16
2017/11/16,361.807,28469,0,320,4,11.8
2017/11/17,362.079,28326,0,321,5,12.6
2017/11/18,325.714,25668,1,322,6,15.1
2017/11/19,296.278,24769,1,323,7,16.5
2017/11/20,335.672,28917,0,324,1,17.3
2017/11/21,347.629,29698,0,325,2,21.3
2017/11/22,347.125,29530,0,326,3,22.2
2017/11/23,338.884,29186,0,327,4,17.7
2017/11/24,335.972,28525,0,328,5,14.7
2017/11/25,312.964,25628,1,329,6,15.4
2017/11/26,296.755,24512,1,330,7,16
2017/11/27,334.102,28274,0,331,1,13.9
2017/11/28,349.99,28243,0,332,2,10.7
2017/11/29,352.362,28455,0,333,3,11.4
2017/11/30,348.657,28625,0,334,4,13.4
2017/12/1,343.364,27863,0,335,5,9.8
2017/12/2,315.931,25500,1,336,6,11.2
2017/12/3,297.004,24230,1,337,7,13.8
2017/12/4,331.657,27706,0,338,1,12.3
2017/12/5,337.694,28558,0,339,2,12.9
2017/12/6,339.32,28433,0,340,3,13.3
2017/12/7,342.167,28558,0,341,4,14.3
2017/12/8,338.619,28405,0,342,5,16.1
2017/12/9,312.374,25515,1,343,6,12.2
2017/12/10,292.604,24444,1,344,7,8.4
2017/12/11,327.19,28210,0,345,1,10.2
2017/12/12,340.697,28665,0,346,2,10
2017/12/13,342.499,28082,0,347,3,10.5
2017/12/14,341.965,28219,0,348,4,10.6
2017/12/15,342.696,27748,0,349,5,14.5
2017/12/16,316.616,25193,1,350,6,16.7
2017/12/17,295.842,24260,1,351,7,14.5
2017/12/18,332.083,27939,0,352,1,11.2
2017/12/19,343.472,28461,0,353,2,13.1
2017/12/20,341.1,28022,0,354,3,13.5
2017/12/21,340.143,28229,0,355,4,15.5
2017/12/22,338.526,27369,0,356,5,14.6
2017/12/23,313.562,24718,1,357,6,14
2017/12/24,294.312,23319,1,358,7,10.7
2017/12/25,328.296,23638,1,359,7,12.2
2017/12/26,339.37,27816,0,360,1,15.2
2017/12/27,337.816,28253,0,361,3,16.1
2017/12/28,337.879,28757,0,362,4,16.1
2017/12/29,332.959,28260,0,363,5,13
2017/12/30,304.18,26062,1,364,6,13.4
2017/12/31,282.69,25011,1,365,7,14.4
2018/1/1,279.707,28801,0,1,1,13.8
2018/1/2,321.468,28910,0,2,2,6.5
2018/1/3,334.264,28410,0,3,3,6.3
2018/1/4,337.945,28583,0,4,4,6.7
2018/1/5,337.418,28093,0,5,5,5.6
2018/1/6,314.58,25694,1,6,6,7.5
2018/1/7,297.867,24705,1,7,7,12
2018/1/8,334.839,28269,0,8,1,15.1
2018/1/9,342.04,28285,0,9,2,15.6
2018/1/10,338.775,28340,0,10,3,16.2
2018/1/11,340.962,29076,0,11,4,16.6
2018/1/12,338.708,28467,0,12,5,14.7
2018/1/13,313.729,25883,1,13,6,15
2018/1/14,292.266,24695,1,14,7,16
2018/1/15,328.531,28264,0,15,1,13.6
2018/1/16,337.009,28381,0,16,2,13.2
2018/1/17,338.646,28228,0,17,3,12
2018/1/18,343.104,28352,0,18,4,12.6
2018/1/19,342.217,27537,0,19,5,11
2018/1/20,316.158,25383,1,20,6,12.6
2018/1/21,296.066,24535,1,21,7,11.9
2018/1/22,329.891,28397,0,22,1,7.4
2018/1/23,337.478,28606,0,23,2,8.7
2018/1/24,337.327,28364,0,24,3,11
2018/1/25,339.045,28521,0,25,4,7.2
2018/1/26,334.841,28202,0,26,5,8.1
2018/1/27,310.65,26353,1,27,6,5.1
2018/1/28,293.956,26273,1,28,7,4.3
2018/1/29,329.379,29059,0,29,1,3.3
2018/1/30,341.17,28510,0,30,2,5
2018/1/31,339.434,28889,0,31,3,7
2018/2/1,333.391,28436,0,32,4,8.3
2018/2/2,334.54,28302,0,33,5,13.2
2018/2/3,315.291,26015,1,34,6,12.5
2018/2/4,301.554,25349,1,35,7,7.5
2018/2/5,336.218,27324,0,36,1,8.3
2018/2/6,340.349,26300,0,37,2,10.2
2018/2/7,343.688,23482,0,38,5,13.8
2018/2/8,340.674,20979,1,39,7,17.9
2018/2/9,336.194,20759,1,40,7,16.9
2018/2/10,315.4,20282,1,41,7,12.3
2018/2/11,297.184,20987,1,42,7,16.8
2018/2/12,319.19,22071,1,43,7,17.9
2018/2/13,315.526,23261,1,44,7,15.9
2018/2/14,287.615,26510,0,45,1,12.6
2018/2/15,251.816,27283,0,46,4,10.4
2018/2/16,240.98,27093,0,47,5,11.5
2018/2/17,239.086,25317,1,48,6,15.4
2018/2/18,242.944,24690,1,49,7,12.8
2018/2/19,254.426,27435,0,50,1,11.9
2018/2/20,266.617,27818,0,51,5,16.2
2018/2/21,302.924,26394,1,52,7,15.3
2018/2/22,318.767,28372,0,53,1,17.1
2018/2/23,319.701,28143,0,54,5,18.6
2018/2/24,302.296,26052,1,55,6,19.3
2018/2/25,288.796,25431,1,56,7,20.9
2018/2/26,316.122,29460,0,57,1,18
2018/2/27,327.071,27989,0,58,2,12.2
2018/2/28,312.455,28469,0,59,3,15.3
2018/3/1,338.639,27944,0,60,4,8.8
2018/3/2,343.1,27617,0,61,5,7.4
2018/3/3,320.965,24946,1,62,6,10.7
2018/3/4,306.056,24245,1,63,7,14
2018/3/5,348.508,27935,0,64,1,15.3
2018/3/6,343.751,28418,0,65,2,16.3
2018/3/7,345.499,28536,0,66,3,18.1
2018/3/8,342.521,28941,0,67,4,17.6
2018/3/9,337.21,28620,0,68,5,15.7
2018/3/10,310.026,25794,1,69,6,15
2018/3/11,291.992,24808,1,70,7,18.6
2018/3/12,329.212,29102,0,71,1,19.5
2018/3/13,340.495,28823,0,72,2,15.1
2018/3/14,344.488,27699,0,73,3,9.4
2018/3/15,348.197,27982,0,74,4,9.7
2018/3/16,347.496,27642,0,75,5,13.3
2018/3/17,319.111,25149,1,76,6,15.7
2018/3/18,300.646,24573,1,77,7,17
2018/3/19,342.507,28383,0,78,1,16.9
2018/3/20,350.863,28602,0,79,2,16.5
2018/3/21,338.012,28752,0,80,3,18
2018/3/22,336.485,28983,0,81,4,19.3
2018/3/23,335.959,28897,0,82,5,17.9
2018/3/24,310.783,27845,0,83,5,17.8
2018/3/25,295.048,25072,1,84,7,18.8
2018/3/26,334.585,29047,0,85,1,18.7
2018/3/27,346.188,29267,0,86,2,18.8
2018/3/28,348.552,26121,1,87,6,19.5
2018/3/29,351.558,24981,1,88,7,20
2018/3/30,349.536,24450,1,89,7,14.6
2018/3/31,340.3,23940,1,90,7,9.3
2018/4/1,301.272,23895,1,91,7,13.8
2018/4/2,340.082,28232,0,92,1,16.5
2018/4/3,348.138,28728,0,93,2,18.3
2018/4/4,317.561,30193,0,94,3,20.8
2018/4/5,300.701,30645,0,95,4,21
2018/4/6,299.055,31068,0,96,5,22.6
2018/4/7,288.839,27721,1,97,6,21.9
2018/4/8,281.561,24630,1,98,7,13.9
2018/4/9,325.424,28365,0,99,1,13.4
2018/4/10,340.376,28399,0,100,2,12.9
2018/4/11,353.67,28521,0,101,3,16.1
2018/4/12,363.582,29442,0,102,4,18.5
2018/4/13,367.581,29380,0,103,5,19.6
2018/4/14,344.904,26962,1,104,6,20.6
2018/4/15,305.745,26356,1,105,7,22.3
2018/4/16,332.007,31487,0,106,1,23
2018/4/17,339.878,31110,0,107,2,19.1
2018/4/18,341.485,29570,0,108,3,15.9
2018/4/19,350.038,29944,0,109,4,18.8
2018/4/20,350.586,30356,0,110,5,18.8
2018/4/21,328.608,26835,1,111,6,19.7
2018/4/22,314.343,26074,1,112,7,21.7
2018/4/23,364.944,30086,0,113,5,22.1
2018/4/24,368.681,28665,1,114,6,22.7
2018/4/25,353.394,32351,0,115,1,23.7
2018/4/26,356.264,30659,0,116,4,16.5
2018/4/27,358.771,30638,0,117,5,18.7
2018/4/28,331.936,27477,1,118,6,21.5
2018/4/29,314.553,27517,1,119,7,23.1
2018/4/30,353.337,32762,0,120,1,24.4
2018/5/1,317.89,31729,0,121,2,20.2
2018/5/2,347.624,30104,0,122,3,17.3
2018/5/3,337.957,30174,0,123,4,17.5
2018/5/4,333.49,30735,0,124,5,20.6
2018/5/5,312.52,27439,1,125,6,22.3
2018/5/6,302.099,27088,1,126,7,23.5
2018/5/7,351.128,32914,0,127,1,23.3
2018/5/8,347.632,33518,0,128,2,23.5
2018/5/9,332.656,34235,0,129,3,24.5
2018/5/10,329.666,34692,0,130,4,25.2
2018/5/11,335.188,35061,0,131,5,25.4
2018/5/12,313.183,30567,1,132,6,24.2
2018/5/13,299.166,29607,1,133,7,24.7
2018/5/14,347.687,34269,0,134,1,23.6
2018/5/15,362.92,34776,0,135,2,24
2018/5/16,371.263,34892,0,136,3,22.2
2018/5/17,377.995,34099,0,137,4,22.9
2018/5/18,377.045,35023,0,138,5,24
2018/5/19,347.535,30416,1,139,6,24.7
2018/5/20,329.814,30287,1,140,7,25.5
2018/5/21,367.522,36007,0,141,1,25.1
2018/5/22,376.947,36329,0,142,2,25.1
2018/5/23,373.15,36771,0,143,3,25.4
2018/5/24,368.514,36713,0,144,4,25.4
2018/5/25,374.971,33549,0,145,5,19.9
2018/5/26,347.016,29031,1,146,6,21.2
2018/5/27,333.156,28480,1,147,7,22.8
2018/5/28,381.747,34478,0,148,1,23.9
2018/5/29,391.738,35302,0,149,2,24.4
2018/5/30,393.897,35802,0,150,3,24.2
2018/5/31,394.704,35702,0,151,4,25
2018/6/1,362.036,36102,0,152,5,24.8
2018/6/2,323.435,31775,1,153,6,24.1
2018/6/3,311.431,29798,1,154,7,23.8
2018/6/4,359.97,32557,0,155,1,21.4
2018/6/5,373.32,33517,0,156,2,23
2018/6/6,377.702,34034,0,157,3,22.6
2018/6/7,380.397,33737,0,158,4,22.4
2018/6/8,380.466,31614,0,159,5,21
2018/6/9,351.602,28619,1,160,6,21
2018/6/10,329.054,27261,1,161,7,23.2
2018/6/11,353.874,27948,1,162,7,23.8
2018/6/12,357.799,32063,0,163,1,23.6
2018/6/13,361.361,32244,0,164,3,24.8
2018/6/14,361.363,33176,0,165,4,24.5
2018/6/15,344.5,33748,0,166,5,24.4
2018/6/16,316.803,30175,1,167,6,24.3
2018/6/17,301.447,29174,1,168,7,24.6
2018/6/18,304.701,35108,0,169,1,25.4
2018/6/19,341.183,35259,0,170,2,24.9
2018/6/20,348.936,35122,0,171,3,24.8
2018/6/21,356.063,35448,0,172,4,25.5
2018/6/22,358.879,34966,0,173,5,24.6
2018/6/23,333.169,30484,1,174,6,24.5
2018/6/24,317.328,29016,1,175,7,24.8
2018/6/25,365.614,33151,0,176,1,26
2018/6/26,374.644,34138,0,177,2,25.8
2018/6/27,373.386,33744,0,178,3,26
2018/6/28,375.443,33157,0,179,4,25.1
2018/6/29,372.612,34306,0,180,5,25.8
2018/6/30,340.317,30399,1,181,6,23.9
2018/7/1,313.525,28916,1,182,7,24
2018/7/2,346.424,34951,0,183,1,25
2018/7/3,356.862,34753,0,184,2,23.4
2018/7/4,357.222,31203,0,185,3,23.5
2018/7/5,354.923,34408,0,186,4,24.5
2018/7/6,357.425,34990,0,187,5,25.1
2018/7/7,329.519,31279,1,188,6,24.8
2018/7/8,308.761,29296,1,189,7,24.3
2018/7/9,355.959,35178,0,190,1,24.1
2018/7/10,354.522,36200,0,191,2,25.3
2018/7/11,335.903,36460,0,192,3,25.1
2018/7/12,360.405,36705,0,193,4,24.9
2018/7/13,364.861,35740,0,194,5,24.3
2018/7/14,337.599,31327,1,195,6,23.2
2018/7/15,316.764,29333,1,196,7,24
2018/7/16,361.094,34239,0,197,1,24.2
2018/7/17,376.937,35976,0,198,2,24.6
2018/7/18,378.892,35901,0,199,3,24.8
2018/7/19,380.275,35806,0,200,4,25.5
2018/7/20,372.819,35675,0,201,5,24.7
2018/7/21,339.94,31376,1,202,6,25
2018/7/22,318.585,30623,1,203,7,25.9
2018/7/23,357.398,36318,0,204,1,26.2
2018/7/24,370.231,36906,0,205,2,26.3
2018/7/25,370.374,37351,0,206,3,26.1
2018/7/26,374.861,36122,0,207,4,25.4
2018/7/27,372.019,36116,0,208,5,24.3
2018/7/28,342.027,31905,1,209,6,24.5
2018/7/29,325.854,29660,1,210,7,25.3
2018/7/30,372.879,36089,0,211,1,25.3
2018/7/31,384.918,36132,0,212,2,25.1
2018/8/1,392.87,36191,0,213,3,24.9
2018/8/2,387.28,35872,0,214,4,24.8
2018/8/3,378.829,36020,0,215,5,25.1
2018/8/4,345.256,31721,1,216,6,24.9
2018/8/5,325.95,30095,1,217,7,23.4
2018/8/6,370.238,34739,0,218,1,25.2
2018/8/7,380.412,34827,0,219,2,23.4
2018/8/8,381.473,33954,0,220,3,24.3
2018/8/9,380.033,34368,0,221,4,24.7
2018/8/10,379.108,35182,0,222,5,24.9
2018/8/11,348.954,30087,1,223,6,24.5
2018/8/12,328.497,28654,1,224,7,24
2018/8/13,366.276,34375,0,225,1,23.6
2018/8/14,367.15,34675,0,226,2,23.9
2018/8/15,362.538,34783,0,227,3,25.1
2018/8/16,365.157,34745,0,228,4,24.8
2018/8/17,368.792,30158,0,229,5,23.2
2018/8/18,337.459,29174,1,230,6,24.1
2018/8/19,314.262,28097,1,231,7,24
2018/8/20,355.196,32329,0,232,1,23.3
2018/8/21,366.844,31922,0,233,2,22.8
2018/8/22,368.883,32109,0,234,3,23
2018/8/23,363.41,31886,0,235,4,21.9
2018/8/24,331.715,32264,0,236,5,22.7
2018/8/25,318.785,28928,1,237,6,23.8
2018/8/26,303.468,28176,1,238,7,24.6
2018/8/27,339.164,33843,1,239,1,24.8
2018/8/28,340.574,35163,0,240,2,25.7
2018/8/29,341.267,35238,0,241,3,24.6
2018/8/30,339.521,34890,0,242,4,24.7
2018/8/31,340.098,34524,0,243,5,23.7
2018/9/1,323.766,29661,1,244,6,22.7
2018/9/2,311.172,26810,1,245,7,20.6
2018/9/3,356.349,31645,0,246,1,21
2018/9/4,375.154,33276,0,247,2,24.1
2018/9/5,380.514,34117,0,248,3,24.3
2018/9/6,377.006,34521,0,249,4,24.8
2018/9/7,372.136,34631,0,250,5,23.9
2018/9/8,334.112,29281,1,251,6,23.9
2018/9/9,302.999,28947,1,252,7,24.3
2018/9/10,335.9,35098,0,253,1,25.6
2018/9/11,356.845,35327,0,254,2,25.2
2018/9/12,366.046,34991,0,255,3,25.1
2018/9/13,370.062,35019,0,256,4,24.2
2018/9/14,371.851,34892,0,257,5,24.2
2018/9/15,335.877,30272,1,258,6,23.7
2018/9/16,318.079,27876,1,259,7,24.1
2018/9/17,368.839,27223,1,260,7,21.4
2018/9/18,381.095,32749,0,261,1,21.4
2018/9/19,379.265,31949,0,262,3,20.2
2018/9/20,378.609,31946,0,263,4,20.8
2018/9/21,376.558,31510,0,264,5,20.5
2018/9/22,342.703,26812,1,265,6,19.3
2018/9/23,320.887,25505,1,266,7,19.1
2018/9/24,309.14,30707,0,267,1,20.3
2018/9/25,347.48,30992,0,268,2,18.7
2018/9/26,348.654,30579,0,269,3,18.7
2018/9/27,347.09,29852,0,270,4,18
2018/9/28,341.958,30375,0,271,5,19.4
2018/9/29,303.753,27097,1,272,6,20.3
2018/9/30,283.926,25871,1,273,7,19.1
2018/10/1,351.846,30873,0,274,1,19.8
2018/10/2,359.01,31288,0,275,5,20.2
2018/10/3,356.281,27562,1,276,6,19
2018/10/4,351.454,29875,0,277,1,16.9
2018/10/5,353.136,29172,0,278,5,15.7
2018/10/6,329.47,26162,1,279,6,17.2
2018/10/7,310.399,25687,1,280,7,19.5
2018/10/8,354.458,30538,0,281,1,20.1
2018/10/9,365.03,31462,0,282,2,20.1
2018/10/10,333.921,30079,0,283,3,17.6
2018/10/11,350.095,30097,0,284,4,18.1
2018/10/12,344.462,29952,0,285,5,16.4
2018/10/13,315.851,26206,1,286,6,17.2
2018/10/14,304.174,25377,1,287,7,19.1
2018/10/15,351.048,30240,0,288,1,20.1
2018/10/16,363.656,30450,0,289,2,19
2018/10/17,354.408,30549,0,290,3,18.7
2018/10/18,352.926,31029,0,291,4,20.5
2018/10/19,350.484,31014,0,292,5,20.6
2018/10/20,319.19,25586,1,293,6,16.3
2018/10/21,301.962,24289,1,294,7,15.1
2018/10/22,346.347,28439,0,295,1,16.2
2018/10/23,357.445,29073,0,296,2,17.6
2018/10/24,357.468,29060,0,297,3,15.6
2018/10/25,360.218,28605,0,298,4,15.2
2018/10/26,358.892,28905,0,299,5,18.1
2018/10/27,314.868,26486,1,300,6,20.2
2018/10/28,288.489,25391,1,301,7,19.7
2018/10/29,325.975,29866,0,302,1,20
2018/10/30,339.912,30772,0,303,2,20.9
2018/10/31,341.147,30941,0,304,3,21.7
2018/11/1,338.427,31419,0,305,4,20.5
2018/11/2,341.673,30295,0,306,5,18.3
2018/11/3,318.748,26927,1,307,6,19.4
2018/11/4,302.451,25556,1,308,7,20.1
2018/11/5,345.595,29963,0,309,1,19.1
2018/11/6,360.612,29512,0,310,2,16.4
2018/11/7,363.293,29437,0,311,3,16.2
2018/11/8,366.131,29920,0,312,4,18.9
2018/11/9,358.827,29969,0,313,5,19.7
2018/11/10,325.954,26630,1,314,6,17.7
2018/11/11,306.277,25682,1,315,7,20.4
2018/11/12,346.089,29184,0,316,1,16.4
2018/11/13,351.067,29730,0,317,2,17.2
2018/11/14,348.102,30019,0,318,3,19.7
2018/11/15,352.424,28817,0,319,4,14.2
2018/11/16,354.826,28416,0,320,5,13.9
2018/11/17,323.609,24811,1,321,6,17.4
2018/11/18,306.913,24821,1,322,7,18.2
2018/11/19,340.579,28884,0,323,1,16
2018/11/20,348.496,29017,0,324,2,15.8
2018/11/21,353.98,28956,0,325,3,15
2018/11/22,343.644,28691,0,326,4,15.5
2018/11/23,337.844,28562,0,327,5,17.5
2018/11/24,301.231,25636,1,328,6,18.5
2018/11/25,292.251,24981,1,329,7,19.4
2018/11/26,330.964,28963,0,330,1,19.5
2018/11/27,339.072,29868,0,331,2,20.1
2018/11/28,339.211,29406,0,332,3,17.4
2018/11/29,336.713,30019,0,333,4,19.4
2018/11/30,337.962,28355,0,334,5,14
2018/12/1,312.456,25188,1,335,6,13.5
2018/12/2,295.658,24038,1,336,7,13.9
2018/12/3,336.661,28631,0,337,1,17.2
2018/12/4,350.305,28683,0,338,2,15.9
2018/12/5,350.37,28236,0,339,3,10.7
2018/12/6,355.156,28180,0,340,4,12.4
2018/12/7,342.55,28184,0,341,5,13.2
2018/12/8,308.049,25401,1,342,6,14.8
2018/12/9,289.51,24544,1,343,7,15.7
2018/12/10,331.126,27835,0,344,1,10.3
2018/12/11,342.354,28111,0,345,2,12.4
2018/12/12,335.394,28371,0,346,3,14.9
2018/12/13,336.03,28520,0,347,4,16.7
2018/12/14,337.91,28647,0,348,5,17.7
2018/12/15,309.932,27178,0,349,5,19.1
2018/12/16,293.571,24509,1,350,7,16.3
2018/12/17,323.984,27928,0,351,1,13.1
2018/12/18,333.25,28585,0,352,2,17.7
2018/12/19,336.053,28463,0,353,3,16.8
2018/12/20,336.419,27726,0,354,4,12.7
2018/12/21,339.254,26844,0,355,5,9.7
2018/12/22,330.963,24309,1,356,6,8.1
2018/12/23,297.123,23326,1,357,7,10.7
2018/12/24,325.754,23399,1,358,7,12.2
2018/12/25,340.321,23872,1,359,7,12.2
2018/12/26,339.702,28148,0,360,1,13.1
2018/12/27,332.31,28332.33789,0,361,4,14.8
2018/12/28,322.74,28367.41016,0,362,5,18.5
2018/12/29,294.146,25879.625,1,363,6,16.3
2018/12/30,280.023,25037.85547,1,364,7,13.9
2018/12/31,277.72,28335.68359,0,365,1,16.5
2019/1/1,279.87,29258.20313,0,1,2,15.5
2019/1/2,323.08,29241.17188,0,2,3,14.2
2019/1/3,336.597,29345.46484,0,3,4,18.7
2019/1/4,339.02,29265.92773,0,4,5,18.3
2019/1/5,315.825,25937.23047,1,5,6,15.5
2019/1/6,295.08,24664.49414,1,6,7,13.8
2019/1/7,330.919,28429.55859,0,7,1,14.5
2019/1/8,340.713,28350.40625,0,8,2,16
2019/1/9,339.42,28242.65625,0,9,3,12.2
2019/1/10,345.741,28093.67578,0,10,4,10.7
2019/1/11,345.312,27678.01953,0,11,5,12.5
2019/1/12,316.377,27327.96289,0,12,5,14.4
2019/1/13,295.069,25269.53125,1,13,7,13.3
2019/1/14,330.529,27781,0,14,1,10.3
2019/1/15,341.979,27652.875,0,15,2,8.8
2019/1/16,338.771,27245.06836,0,16,3,11
2019/1/17,337.237,28033.96875,0,17,4,12.3
2019/1/18,333.578,27755.71289,0,18,5,14.2
2019/1/19,323.444,24833.42188,1,19,6,9
2019/1/20,293.809,24145.23242,1,20,7,10.1
2019/1/21,324.539,27562.34961,0,21,1,13.5
2019/1/22,334.246,27694.01953,0,22,2,14.7
2019/1/23,333.761,27591.36328,0,23,3,16.2
2019/1/24,334.577,26557.53125,0,24,4,15.2
2019/1/25,332.047,23746.375,0,25,5,9.7
2019/1/26,307.745,21302.75391,1,26,6,16.5
2019/1/27,291.033,21010.10547,1,27,7,18.3
2019/1/28,322.911,20699.50391,1,28,7,13.7
2019/1/29,331.844,21011.26953,1,29,7,14.4
2019/1/30,331.523,22367.08594,1,30,7,17.3
2019/1/31,326.577,21144.20703,1,31,7,18.3
2019/2/1,301.346,21285.73438,1,32,7,12.8
2019/2/2,278.967,22071.71484,1,33,6,12
2019/2/3,267.929,22667.84375,1,34,7,14
2019/2/4,246.263,26200.95313,0,35,1,12.6
2019/2/5,235.887,27432.67188,0,36,2,17.1
2019/2/6,237.257,28254.79102,0,37,3,15.1
2019/2/7,243.67,27867.93359,0,38,4,15.5
2019/2/8,253.768,28171.33203,0,39,5,17.4
2019/2/9,262.905,24818.08203,1,40,6,13.8
2019/2/10,268.156,23663.42578,1,41,7,12.3
2019/2/11,308.329,27382.64063,0,42,1,16.4
2019/2/12,327.839,27985.11328,0,43,2,18.4
2019/2/13,333.045,28999.625,0,44,3,19.5
2019/2/14,335.846,28717.33789,0,45,4,17.8
2019/2/15,337.226,27945.05664,0,46,5,13.7
2019/2/16,311.235,26763.82227,0,47,5,9.4
2019/2/17,289.13,24386.51367,1,48,7,11.8
2019/2/18,330.202,27396.60352,0,49,1,12.9
2019/2/19,342.868,27494.14063,0,50,2,14.2
2019/2/20,346.477,27202.79297,0,51,5,16.3
2019/2/21,346.271,24748.07422,1,52,7,14.8
2019/2/22,340.97,24120.85352,1,53,7,16.2
2019/2/23,324.355,24744.45703,1,54,6,18.5
2019/2/24,294.814,24682.31641,1,55,7,15.3
2019/2/25,326.311,27974.79297,0,56,1,13.3
2019/2/26,336.45,28319.95898,0,57,2,15.1
2019/2/27,336.677,28924.97461,0,58,3,13.7
2019/2/28,310.838,27467.74609,0,59,4,8.9
2019/3/1,299.202,27166.28125,0,60,5,11.5
2019/3/2,296.127,24781.74219,1,61,6,15.1
2019/3/3,288.39,23799.62891,1,62,7,13.2
2019/3/4,322.631,27122.125,0,63,1,12.1
2019/3/5,336.545,27699.58398,0,64,2,15.7
2019/3/6,337.025,27824.3125,0,65,3,16
2019/3/7,336.383,28373.92773,0,66,4,15.5
2019/3/8,335.859,27737.44336,0,67,5,12.1
2019/3/9,314.352,24582.32422,1,68,6,13.6
2019/3/10,295.376,23981.92578,1,69,7,15.7
2019/3/11,326.54,28187.41211,0,70,1,17.1
2019/3/12,334.596,28644.00977,0,71,2,17.2
2019/3/13,337.439,29242.9375,0,72,3,20.3
2019/3/14,338.919,29935.07813,0,73,4,22.3
2019/3/15,335.598,29233.11523,0,74,5,16.2
2019/3/16,309.487,24701.25391,1,75,6,10.6
2019/3/17,291.782,23870.83984,1,76,7,12.8
2019/3/18,331.873,27840.39453,0,77,1,15.4
2019/3/19,345.332,28292.03125,0,78,2,15.7
2019/3/20,351.897,29041.03125,0,79,3,18.3
2019/3/21,358.451,30057.77539,0,80,4,21.1
2019/3/22,352.322,29772.72852,0,81,5,19.5
2019/3/23,312.816,26089.31641,1,82,6,16.2
2019/3/24,294.599,24471.08008,1,83,7,13.6
2019/3/25,333.343,27941.74023,0,84,1,11.8
2019/3/26,342.917,28143.43164,0,85,2,15.3
2019/3/27,348.038,27630.60352,0,86,5,16.2
2019/3/28,356.775,25720.78906,1,87,7,19.8
2019/3/29,354.27,25031.29102,1,88,7,17.8
2019/3/30,317.793,25815.18555,1,89,6,18.6
2019/3/31,296.502,25784.51563,1,90,7,20.5
2019/4/1,322.237,30661.78516,0,91,1,21.9
2019/4/2,332.233,31044.88477,0,92,2,22.3
2019/4/3,334.523,31612.63477,0,93,3,21.1
2019/4/4,308.423,30013.53125,0,94,4,17.4
2019/4/5,289.731,29231.1875,0,95,5,14.5
2019/4/6,291.974,25478.92188,1,96,6,17.5
2019/4/7,292.531,24397.5332,1,97,7,18
2019/4/8,343.332,28381.5,0,98,1,15.3
2019/4/9,361.969,28750.4375,0,99,2,16.3
2019/4/10,363.597,29474.3125,0,100,3,17.5
2019/4/11,353.842,30277.50977,0,101,4,20.3
2019/4/12,341.524,30574.92578,0,102,5,20.2
2019/4/13,318.247,27116.82227,1,103,6,20.7
2019/4/14,302.953,26420.22852,1,104,7,21.6
2019/4/15,331.727,32067.50586,0,105,1,23.2
2019/4/16,339.368,32521.67578,0,106,2,23.5
2019/4/17,343.38,33020.89453,0,107,3,23.8
2019/4/18,350.574,32764.35547,0,108,4,23.6
2019/4/19,351.817,32399.72461,0,109,5,21.7
2019/4/20,322.525,28335.79102,1,110,6,19.1
2019/4/21,308.722,27082.14453,1,111,7,21.2
2019/4/22,358.61,32357.75391,0,112,1,22.4
2019/4/23,375.742,31483.54297,0,113,5,22.8
2019/4/24,380.015,27832.71289,1,114,6,17
2019/4/25,380.781,30194.40625,0,115,1,15.7
2019/4/26,376.868,29486.09375,0,116,5,17.1
2019/4/27,336.58,26178.38477,1,117,6,18.2
2019/4/28,317.806,25517.5332,1,118,7,19.6
2019/4/29,367.385,29579.46289,0,119,1,16.7
2019/4/30,378.092,29389.10547,0,120,2,14.5
2019/5/1,324.099,29769.77734,0,121,3,17.7
2019/5/2,332.184,29325.38086,0,122,4,18
2019/5/3,329.559,29617.76953,0,123,5,19
2019/5/4,305.945,26818.53125,1,124,6,21.7
2019/5/5,293.362,26340.58984,1,125,7,22.7
2019/5/6,327.298,31893.96289,0,126,1,23.5
2019/5/7,330.933,32134.80664,0,127,2,22.5
2019/5/8,335.394,32310.57227,0,128,3,22.9
2019/5/9,339.614,33847.46875,0,129,4,23.7
2019/5/10,341.478,33398.54688,0,130,5,22.6
2019/5/11,317.072,29500.70898,1,131,6,23.7
2019/5/12,306.971,28142.66602,1,132,7,24.6
2019/5/13,358.075,32397.9375,0,133,1,20.2
2019/5/14,374.205,31503.10352,0,134,2,17.7
2019/5/15,377.077,31134.06836,0,135,3,18.6
2019/5/16,383.442,30912.4375,0,136,4,19.5
2019/5/17,377.138,31357.59766,0,137,5,21.9
2019/5/18,353.717,27898.36328,1,138,6,22.3
2019/5/19,337.522,27050.36328,1,139,7,22.5
2019/5/20,361.999,32480.32813,0,140,1,23
2019/5/21,348.55,32052.21875,0,141,2,20.4
2019/5/22,349.088,31082.71484,0,142,3,17.4
2019/5/23,350.178,32334.00586,0,143,4,22.1
2019/5/24,358.174,32961.66797,0,144,5,23.9
2019/5/25,333.172,29266.1875,1,145,6,23.4
2019/5/26,320.712,28220.85352,1,146,7,24.4
2019/5/27,367.428,33664.66797,0,147,1,23.5
2019/5/28,369.604,33996.26563,0,148,2,23.3
2019/5/29,352.744,34099.44531,0,149,3,23.9
2019/5/30,364.057,34082.92969,0,150,5,25
2019/5/31,374.886,30402.07422,1,151,7,25.3
2019/6/1,321.919,29182.86328,1,152,6,25
2019/6/2,309.668,29364.29102,1,153,7,25.4
2019/6/3,348.832,33693.39844,0,154,1,23.7
2019/6/4,350.46,33142.86719,0,155,2,21.5
2019/6/5,358.025,32800.16797,0,156,3,20.4
2019/6/6,367.088,31578.50391,0,157,4,21.7
2019/6/7,334.604,31611.04297,0,158,5,20.2
2019/6/8,323.667,27773.78711,1,159,6,20.6
2019/6/9,317.096,27167.85938,1,160,7,23.5
2019/6/10,350.141,33184.25391,0,161,1,24
2019/6/11,346.883,34128.01953,0,162,2,25.3
2019/6/12,338.179,35150.66406,0,163,3,26.2
2019/6/13,340.793,35977.32031,0,164,4,26.3
2019/6/14,335.714,36098.65234,0,165,5,26.1
2019/6/15,307.399,31428.49609,1,166,6,24.8
2019/6/16,299.822,28911.63672,1,167,7,22.3
2019/6/17,348.695,33349.17188,0,168,1,21.7
2019/6/18,368.608,33845.46094,0,169,2,22.7
2019/6/19,377.364,33978.89844,0,170,3,23.3
2019/6/20,384.09,33826.13672,0,171,4,23.8
2019/6/21,382.262,34524.01563,0,172,5,25.4
2019/6/22,349.223,31089.34961,1,173,6,25.9
2019/6/23,317.445,30163.49414,1,174,7,25.7
2019/6/24,339.907,35762.86328,0,175,1,25.9
2019/6/25,351.381,35837.39844,0,176,2,24.9
2019/6/26,350.162,35167.54297,0,177,3,24.4
2019/6/27,356.885,35215.35156,0,178,4,25.3
2019/6/28,366.75,35477.33984,0,179,5,25.7
2019/6/29,342.722,31412.08984,1,180,6,25.4
2019/6/30,327.882,30053.86914,1,181,7,25.7
2019/7/1,355.35,35331.17969,0,182,1,25.5
2019/7/2,359.015,36055.21094,0,183,2,25.6
2019/7/3,348.871,35896.92969,0,184,3,26.1
2019/7/4,352.368,35327.33594,0,185,4,24.7
2019/7/5,350.28,35432.27734,0,186,5,24.8
2019/7/6,322.884,31493.71875,1,187,6,25.6
2019/7/7,312.81,30005.00977,1,188,7,25.3
2019/7/8,354.286,35224.36719,0,189,1,25.2
2019/7/9,360.449,35880.47266,0,190,2,25.4
2019/7/10,363.084,35644.1875,0,191,3,25.1
2019/7/11,359.087,36363.71094,0,192,4,24.1
2019/7/12,360.127,36174.02734,0,193,5,25.5
2019/7/13,334.682,32029.99414,1,194,6,25.7
2019/7/14,321.452,29950.71484,1,195,7,24.5
2019/7/15,364.893,34536.88672,0,196,1,23.3
2019/7/16,376.816,35062.35156,0,197,2,23.3
2019/7/17,381.033,35048.02344,0,198,3,25
2019/7/18,373.161,35683.37891,0,199,4,25.6
2019/7/19,364.325,35782.61328,0,200,5,25.7
2019/7/20,329.563,31650.08789,1,201,6,25.2
2019/7/21,311.096,30012.05664,1,202,7,24.8
2019/7/22,345.826,35273.17969,0,203,1,25.2
2019/7/23,354.659,35979.35156,0,204,2,25.6
2019/7/24,360.731,35839.76172,0,205,3,26
2019/7/25,367.923,36538.36719,0,206,4,25.8
2019/7/26,369.37,35956.51172,0,207,5,24.7
2019/7/27,333.98,31821.97852,1,208,6,25
2019/7/28,312.766,30572.21289,1,209,7,26.4
2019/7/29,357.657,35613.67578,0,210,1,25.4
2019/7/30,372.518,35794.80859,0,211,2,24.7
2019/7/31,374.623,35357.90625,0,212,3,24.4
2019/8/1,375.41,35608.14063,0,213,4,24.4
2019/8/2,365.826,35424.83594,0,214,5,23.9
2019/8/3,335.586,32005.23047,1,215,6,27.2
2019/8/4,328.514,30531.21484,1,216,7,26.3
2019/8/5,371.635,35543.61719,0,217,1,24.8
2019/8/6,374.848,36233.28906,0,218,2,26
2019/8/7,374.025,36353.19531,0,219,3,26.2
2019/8/8,371.513,35585.22656,0,220,4,25.6
2019/8/9,336.511,35765.41797,0,221,5,25.1
2019/8/10,338.342,31832.32422,1,222,6,26.1
2019/8/11,328.236,29445.45313,1,223,7,24.2
2019/8/12,357.815,34352.49219,0,224,1,22.8
2019/8/13,357.298,34881.82813,0,225,2,23.8
2019/8/14,369.086,34734.71094,0,226,3,23.7
2019/8/15,364.341,34477.15625,0,227,4,24.9
2019/8/16,357.62,34534.47656,0,228,5,25
2019/8/17,330.097,30464.88086,1,229,6,23.8
2019/8/18,307.806,29250.47461,1,230,7,25
2019/8/19,337.203,34933.75781,0,231,1,24.8
2019/8/20,343.997,35514.85156,0,232,2,25.4
2019/8/21,347.032,35582.88281,0,233,3,26.3
2019/8/22,357.805,35961.5625,0,234,4,26
2019/8/23,362.903,35471.44531,0,235,5,24.1
2019/8/24,321.683,31350.61523,1,236,6,25.3
2019/8/25,305.622,30703.64063,1,237,7,25.9
2019/8/26,352.365,35710.4375,0,238,1,25.6
2019/8/27,363.805,33809.37891,1,239,2,24.8
2019/8/28,371.723,35230.17969,0,240,3,22.8
2019/8/29,374.813,33676.30469,0,241,4,22.3
2019/8/30,359.782,33962.60938,0,242,5,23.9
2019/8/31,329.676,30266.75977,1,243,6,24.3
2019/9/1,332.912,28493.58203,1,244,7,23.5
2019/9/2,374.997,33958.375,0,245,1,23.6
2019/9/3,382.283,34655.79688,0,246,2,24.6
2019/9/4,369.469,35121.46094,0,247,3,25.5
2019/9/5,363.107,34834.54688,0,248,5,24.5
2019/9/6,365.96,30453.36523,1,249,7,24.3
2019/9/7,339.934,28316.26953,1,250,6,23.4
2019/9/8,323.579,28040.31836,1,251,7,22.1
2019/9/9,364.627,32689.5625,0,252,1,21.8
2019/9/10,375.452,32802.5625,0,253,2,21.7
2019/9/11,379.44,32647.02734,0,254,3,20.9
2019/9/12,379.549,31601.27734,0,255,4,20.2
2019/9/13,336.406,31183.23438,0,256,5,19.2
2019/9/14,324.443,26649.83203,1,257,6,18.4
2019/9/15,315.099,25363.81836,1,258,7,19.5
2019/9/16,353.608,30487.85547,0,259,1,19.9
2019/9/17,358.369,30841.58203,0,260,2,19.5
2019/9/18,353.586,31112.72461,0,261,3,20
2019/9/19,345.22,31320.03516,0,262,4,20.7
2019/9/20,335.219,31271.49414,0,263,5,21.3
2019/9/21,299.075,27829.83789,1,264,6,22.1
2019/9/22,285.911,26762.20898,1,265,7,22.9
2019/9/23,322.52,32243.26172,0,266,1,21.5
2019/9/24,331.081,32787.16406,0,267,2,22.7
2019/9/25,333.252,33074.81641,0,268,3,24.5
2019/9/26,339.548,33699,0,269,4,23.4
2019/9/27,342.488,33670,0,270,5,23.1
2019/9/28,317.598,32451,1,271,6,23.2
2019/9/29,306.994,28030,1,272,7,22.5
2019/9/30,317.882,32889,0,273,1,22.9
