date,power_consumption,peak_load,peak_load_shift7,temp_taipei,temp_taipei_shift7,is_holiday,is_holiday_shift7,week,week_update,week_update_shift7,day_of_year,transform_day_of_year
2016/1/1,263.799,23038,26400,14.6,12,1,0,5,7,5,1,11
2016/1/2,261.975,23209,24308,15.7,12.1,1,1,6,6,6,2,12
2016/1/3,266.167,23686,23490,16,16.2,1,1,7,7,7,3,13
2016/1/4,302.227,27518,27207,17.7,13.5,0,0,1,1,1,4,14
2016/1/5,313.328,27635,26747,17.8,11.4,0,0,2,2,2,5,15
2016/1/6,311.174,27278,26951,14.4,9.5,0,0,3,3,3,6,16
2016/1/7,307.244,27210,26898,12.6,9.8,0,0,4,4,4,7,17
2016/1/8,304.049,26400,26797,12,11.7,0,0,5,5,5,8,18
2016/1/9,282.141,24308,23911,12.1,14.2,1,1,6,6,6,9,19
2016/1/10,267.17,23490,23956,16.2,13.6,1,1,7,7,7,10,20
2016/1/11,302.529,27207,26443,13.5,9.5,0,0,1,1,1,11,21
2016/1/12,304.97,26747,26937,11.4,8.9,0,0,2,2,2,12,22
2016/1/13,307.894,26951,27038,9.5,10.8,0,0,3,3,3,13,23
2016/1/14,307.045,26898,27091,9.8,12.8,0,0,4,4,4,14,24
2016/1/15,307.694,26797,26563,11.7,11.3,0,0,5,5,5,15,25
2016/1/16,275.077,23911,24997,14.2,5.7,1,1,6,6,6,16,26
2016/1/17,271.721,23956,25062,13.6,-0.4,1,1,7,7,7,17,27
2016/1/18,295.183,26443,27089,9.5,1.9,0,0,1,1,1,18,28
2016/1/19,305.449,26937,26595,8.9,10.2,0,0,2,2,2,19,29
2016/1/20,307.466,27038,26946,10.8,14.8,0,0,3,3,3,20,30
2016/1/21,309.751,27091,27249,12.8,15.6,0,0,4,4,4,21,31
2016/1/22,307.307,26563,26931,11.3,14.4,0,0,5,5,5,22,32
2016/1/23,290.329,24997,25706,5.7,11.9,1,0,6,6,5,23,33
2016/1/24,280.777,25062,23620,-0.4,13,1,1,7,7,7,24,34
2016/1/25,305.607,27089,26578,1.9,9.5,0,0,1,1,1,25,35
2016/1/26,308.178,26595,26843,10.2,7.8,0,0,2,2,2,26,36
2016/1/27,310.592,26946,26603,14.8,10.1,0,0,3,3,3,27,37
2016/1/28,311.606,27249,25990,15.6,13.3,0,0,4,4,4,28,38
2016/1/29,311.922,26931,23766,14.4,10.3,0,0,5,5,5,29,39
2016/1/30,301.401,25706,21847,11.9,5.9,0,1,6,5,6,30,40
2016/1/31,271.86,23620,19544,13,6.1,1,1,7,7,7,31,41
2016/2/1,294.448,26578,19297,9.5,9.3,0,1,1,1,7,32,42
2016/2/2,302.971,26843,19097,7.8,13.5,0,1,2,2,7,33,43
2016/2/3,300.85,26603,19431,10.1,16.1,0,1,3,3,7,34,44
2016/2/4,295.411,25990,20515,13.3,17.4,0,1,4,4,7,35,45
2016/2/5,276.526,23766,22169,10.3,18.9,0,1,5,5,7,36,46
2016/2/6,247.058,21847,22303,5.9,20.3,1,1,6,6,6,37,47
2016/2/7,222.883,19544,22334,6.1,12.9,1,1,7,7,7,38,48
2016/2/8,213.54,19297,25509,9.3,5.5,1,0,1,7,1,39,49
2016/2/9,212.242,19097,26477,13.5,7.4,1,0,2,7,2,40,50
2016/2/10,215.612,19431,26608,16.1,9,1,0,3,7,3,41,51
2016/2/11,225.185,20515,26740,17.4,12.7,1,0,4,7,4,42,52
2016/2/12,240.902,22169,26526,18.9,13.3,1,0,5,7,5,43,53
2016/2/13,245.255,22303,24647,20.3,9,1,1,6,6,6,44,54
2016/2/14,248.261,22334,23892,12.9,10.2,1,1,7,7,7,45,55
2016/2/15,280.218,25509,26406,5.5,14.4,0,0,1,1,1,46,56
2016/2/16,297.046,26477,26790,7.4,10.3,0,0,2,2,2,47,57
2016/2/17,299.98,26608,26917,9,8.8,0,0,3,3,3,48,58
2016/2/18,301.153,26740,26971,12.7,9.2,0,0,4,4,4,49,59
2016/2/19,301.254,26526,26706,13.3,10.5,0,0,5,5,5,50,60
2016/2/20,283.875,24647,24411,9,12.1,1,1,6,6,6,51,61
2016/2/21,267.842,23892,22926,10.2,14.5,1,1,7,7,7,52,62
2016/2/22,294.557,26406,23504,14.4,10.5,0,1,1,1,7,53,63
2016/2/23,302.147,26790,26354,10.3,9.7,0,0,2,2,1,54,64
2016/2/24,305.394,26917,26497,8.8,13.2,0,0,3,3,3,55,65
2016/2/25,305.884,26971,26646,9.2,14.7,0,0,4,4,4,56,66
2016/2/26,304.191,26706,26427,10.5,17,0,0,5,5,5,57,67
2016/2/27,281.829,24411,24470,12.1,18.8,1,1,6,6,6,58,68
2016/2/28,260.066,22926,23542,14.5,18.3,1,1,7,7,7,59,69
2016/2/29,264.255,23504,27304,10.5,18.5,1,0,1,7,1,60,70
2016/3/1,298.613,26354,27654,9.7,19,0,0,2,1,2,61,71
2016/3/2,304.836,26497,26907,13.2,13.2,0,0,3,3,3,62,72
2016/3/3,306.628,26646,26784,14.7,8.1,0,0,4,4,4,63,73
2016/3/4,307.474,26427,26528,17,7.7,0,0,5,5,5,64,74
2016/3/5,288.564,24470,24511,18.8,11.6,1,1,6,6,6,65,75
2016/3/6,271.407,23542,24224,18.3,14.5,1,1,7,7,7,66,76
2016/3/7,307.043,27304,26676,18.5,9,0,0,1,1,1,67,77
2016/3/8,319.805,27654,27319,19,10.3,0,0,2,2,2,68,78
2016/3/9,317.294,26907,27042,13.2,13.2,0,0,3,3,3,69,79
2016/3/10,314.376,26784,27370,8.1,16.7,0,0,4,4,4,70,80
2016/3/11,311.391,26528,27816,7.7,18.4,0,0,5,5,5,71,81
2016/3/12,292.173,24511,25529,11.6,17.3,1,1,6,6,6,72,82
2016/3/13,277.227,24224,24119,14.5,14.8,1,1,7,7,7,73,83
2016/3/14,304.216,26676,27353,9,14,0,0,1,1,1,74,84
2016/3/15,315.782,27319,27449,10.3,16.6,0,0,2,2,2,75,85
2016/3/16,315.692,27042,27273,13.2,14,0,0,3,3,3,76,86
2016/3/17,316.612,27370,27102,16.7,7.7,0,0,4,4,4,77,87
2016/3/18,322.942,27816,26600,18.4,7.1,0,0,5,5,5,78,88
2016/3/19,304.993,25529,24112,17.3,8.6,1,1,6,6,6,79,89
2016/3/20,281.437,24119,23701,14.8,8.9,1,1,7,7,7,80,90
2016/3/21,309.544,27353,26145,14,11.1,0,0,1,1,1,81,91
2016/3/22,317.491,27449,26347,16.6,14.8,0,0,2,2,2,82,92
2016/3/23,319.971,27273,26698,14,16.6,0,0,3,3,3,83,93
2016/3/24,315.022,27102,26999,7.7,16.9,0,0,4,4,4,84,94
2016/3/25,313.947,26600,26995,7.1,17.9,0,0,5,5,5,85,95
2016/3/26,286.315,24112,24959,8.6,20.4,1,1,6,6,6,86,96
2016/3/27,270.214,23701,24092,8.9,20.8,1,1,7,7,7,87,97
2016/3/28,296.779,26145,23523,11.1,20.2,0,1,1,1,7,88,98
2016/3/29,306.254,26347,24713,14.8,20.7,0,1,2,2,1,89,99
2016/3/30,310.441,26698,28790,16.6,22,0,0,3,3,1,90,100
2016/3/31,314.404,26999,29597,16.9,22.8,0,0,4,4,4,91,101
2016/4/1,312.646,26995,28836,17.9,20.8,0,0,5,5,5,92,102
2016/4/2,294.438,24959,25877,20.4,19.9,1,1,6,6,6,93,103
2016/4/3,278.92,24092,24787,20.8,19.7,1,1,7,7,7,94,104
2016/4/4,272.195,23523,27692,20.2,17,1,0,1,7,1,95,105
2016/4/5,281.428,24713,28276,20.7,18.6,1,0,2,1,2,96,106
2016/4/6,323.066,28790,28251,22,18.7,0,0,3,1,3,97,107
2016/4/7,341.29,29597,28635,22.8,18.8,0,0,4,4,4,98,108
2016/4/8,338.093,28836,28282,20.8,19,0,0,5,5,5,99,109
2016/4/9,310.529,25877,26506,19.9,21.3,1,1,6,6,6,100,110
2016/4/10,291.419,24787,25264,19.7,20.6,1,1,7,7,7,101,111
2016/4/11,317.229,27692,27325,17,16.1,0,0,1,1,1,102,112
2016/4/12,325.801,28276,27957,18.6,17.5,0,0,2,2,2,103,113
2016/4/13,330.042,28251,28691,18.7,21.5,0,0,3,3,3,104,114
2016/4/14,330.043,28635,30333,18.8,23.5,0,0,4,4,4,105,115
2016/4/15,327.056,28282,29963,19,22.5,0,0,5,5,5,106,116
2016/4/16,310.897,26506,27062,21.3,22.5,1,1,6,6,6,107,117
2016/4/17,293.836,25264,25738,20.6,21.1,1,1,7,7,7,108,118
2016/4/18,317.782,27325,29632,16.1,21.6,0,0,1,1,1,109,119
2016/4/19,321.359,27957,30373,17.5,22.5,0,0,2,2,2,110,120
2016/4/20,333.098,28691,30202,21.5,21.7,0,0,3,3,3,111,121
2016/4/21,347.572,30333,28946,23.5,17.4,0,0,4,4,4,112,122
2016/4/22,350.015,29963,27688,22.5,16.5,0,0,5,5,5,113,123
2016/4/23,324.412,27062,25115,22.5,18.7,1,1,6,6,6,114,124
2016/4/24,301.984,25738,24359,21.1,19.1,1,1,7,7,7,115,125
2016/4/25,338.771,29632,26796,21.6,23.3,0,0,1,1,1,116,126
2016/4/26,351.746,30373,30026,22.5,23.2,0,0,2,2,2,117,127
2016/4/27,350.954,30202,30518,21.7,23.2,0,0,3,3,3,118,128
2016/4/28,340.334,28946,31405,17.4,23,0,0,4,4,4,119,129
2016/4/29,325.163,27688,31971,16.5,24.3,0,0,5,5,5,120,130
2016/4/30,301.027,25115,28747,18.7,24.4,1,1,6,6,6,121,131
2016/5/1,266.064,24359,27417,19.1,23.6,1,1,7,7,7,122,132
2016/5/2,286.766,26796,32065,23.3,23.9,0,0,1,1,1,123,133
2016/5/3,323.355,30026,31797,23.2,23,0,0,2,2,2,124,134
2016/5/4,331.122,30518,29278,23.2,17.4,0,0,3,3,3,125,135
2016/5/5,338.723,31405,30566,23,22.3,0,0,4,4,4,126,136
2016/5/6,344.832,31971,31640,24.3,22.5,0,0,5,5,5,127,137
2016/5/7,326.42,28747,28292,24.4,23.4,1,1,6,6,6,128,138
2016/5/8,304.913,27417,27346,23.6,24,1,1,7,7,7,129,139
2016/5/9,344.06,32065,29103,23.9,17,0,0,1,1,1,130,140
2016/5/10,347.755,31797,28435,23,16,0,0,2,2,2,131,141
2016/5/11,325.03,29278,29708,17.4,20.3,0,0,3,3,3,132,142
2016/5/12,332.188,30566,30228,22.3,20,0,0,4,4,4,133,143
2016/5/13,339.851,31640,30557,22.5,21,0,0,5,5,5,134,144
2016/5/14,320.346,28292,27163,23.4,21.8,1,1,6,6,6,135,145
2016/5/15,303.024,27346,26378,24,22.4,1,1,7,7,7,136,146
2016/5/16,318.917,29103,30776,17,22.8,0,0,1,1,1,137,147
2016/5/17,311.704,28435,31057,16,22.4,0,0,2,2,2,138,148
2016/5/18,319.977,29708,31459,20.3,22.2,0,0,3,3,3,139,149
2016/5/19,326.806,30228,32223,20,23.8,0,0,4,4,4,140,150
2016/5/20,330.552,30557,33124,21,24.6,0,0,5,5,5,141,151
2016/5/21,306.874,27163,29766,21.8,25.3,1,1,6,6,6,142,152
2016/5/22,288.727,26378,29555,22.4,26,1,1,7,7,7,143,153
2016/5/23,328.608,30776,34081,22.8,25.3,0,0,1,1,1,144,154
2016/5/24,338.421,31057,34425,22.4,26,0,0,2,2,2,145,155
2016/5/25,340.922,31459,34124,22.2,26.4,0,0,3,3,3,146,156
2016/5/26,348.879,32223,32431,23.8,23.6,0,0,4,4,4,147,157
2016/5/27,357.192,33124,33946,24.6,24.7,0,0,5,5,5,148,158
2016/5/28,338.069,29766,34123,25.3,25.9,1,0,6,6,5,149,159
2016/5/29,324.304,29555,28874,26,23.7,1,1,7,7,7,150,160
2016/5/30,365.125,34081,31993,25.3,22.4,0,0,1,1,1,151,161
2016/5/31,375.438,34425,32998,26,23.6,0,0,2,2,2,152,162
2016/6/1,355.215,34124,33077,26.4,23.7,0,0,3,3,5,153,163
2016/6/2,347.41,32431,27797,23.6,24.1,0,1,4,4,7,154,164
2016/6/3,351.215,33946,27072,24.7,23.2,0,1,5,5,7,155,165
2016/6/4,349.332,34123,26232,25.9,22.9,0,1,6,5,6,156,166
2016/6/5,308.796,28874,26353,23.7,24.2,1,1,7,7,7,157,167
2016/6/6,328.018,31993,30642,22.4,23.9,0,0,1,1,1,158,168
2016/6/7,336.767,32998,31018,23.6,22.8,0,0,2,2,2,159,169
2016/6/8,335.642,33077,33095,23.7,25.3,0,0,3,5,3,160,170
2016/6/9,301.871,27797,33896,24.1,26.1,1,0,4,7,4,161,171
2016/6/10,288.771,27072,34077,23.2,24.7,1,0,5,7,5,162,172
2016/6/11,279.589,26232,30766,22.9,23.9,1,1,6,6,6,163,173
2016/6/12,275.22,26353,29277,24.2,24.6,1,1,7,7,7,164,174
2016/6/13,310.887,30642,34247,23.9,25.1,0,0,1,1,1,165,175
2016/6/14,320.107,31018,34399,22.8,25.5,0,0,2,2,2,166,176
2016/6/15,332.867,33095,35168,25.3,26.3,0,0,3,3,3,167,177
2016/6/16,345.413,33896,35209,26.1,26.1,0,0,4,4,4,168,178
2016/6/17,346.337,34077,35075,24.7,25.9,0,0,5,5,5,169,179
2016/6/18,322.227,30766,31647,23.9,26,1,1,6,6,6,170,180
2016/6/19,305.467,29277,29970,24.6,25.4,1,1,7,7,7,171,181
2016/6/20,341.255,34247,35049,25.1,26.3,0,0,1,1,1,172,182
2016/6/21,348.471,34399,35041,25.5,24.9,0,0,2,2,2,173,183
2016/6/22,356.334,35168,34994,26.3,24.7,0,0,3,3,3,174,182
2016/6/23,359.437,35209,34391,26.1,24.6,0,0,4,4,4,175,181
2016/6/24,354.694,35075,34802,25.9,25.4,0,0,5,5,5,176,180
2016/6/25,331.967,31647,31298,26,24.7,1,1,6,6,6,177,179
2016/6/26,315.82,29970,28463,25.4,24.6,1,1,7,7,7,178,178
2016/6/27,351.729,35049,34544,26.3,25,0,0,1,1,1,179,177
2016/6/28,356.032,35041,35044,24.9,25.9,0,0,2,2,2,180,176
2016/6/29,354.8,34994,35560,24.7,26.4,0,0,3,3,3,181,175
2016/6/30,349.669,34391,34436,24.6,24.2,0,0,4,4,4,182,174
2016/7/1,347.142,34802,27522,25.4,23.9,0,0,5,5,5,183,173
2016/7/2,320.651,31298,28462,24.7,24.9,1,1,6,6,6,184,172
2016/7/3,301.726,28463,27433,24.6,23.7,1,1,7,7,7,185,171
2016/7/4,339.579,34544,32223,25,23.6,0,0,1,1,1,186,170
2016/7/5,352.362,35044,33305,25.9,24.2,0,0,2,2,2,187,169
2016/7/6,356.913,35560,33967,26.4,25.3,0,0,3,3,3,188,168
2016/7/7,346.939,34436,34855,24.2,25.7,0,0,4,4,4,189,167
2016/7/8,279.182,27522,35037,23.9,26.4,0,0,5,5,5,190,166
2016/7/9,296.858,28462,31815,24.9,26.6,1,1,6,6,6,191,165
2016/7/10,287.639,27433,29796,23.7,25.9,1,1,7,7,7,192,164
2016/7/11,321.534,32223,34270,23.6,24.6,0,0,1,1,1,193,163
2016/7/12,332.387,33305,34329,24.2,24.6,0,0,2,2,2,194,162
2016/7/13,339.985,33967,34718,25.3,24.8,0,0,3,3,3,195,161
2016/7/14,348.613,34855,35041,25.7,25.6,0,0,4,4,4,196,160
2016/7/15,350.818,35037,35006,26.4,26.3,0,0,5,5,5,197,159
2016/7/16,331.79,31815,31673,26.6,26.1,1,1,6,6,6,198,158
2016/7/17,314.573,29796,29923,25.9,25.2,1,1,7,7,7,199,157
2016/7/18,338.699,34270,34954,24.6,25.6,0,0,1,1,1,200,156
2016/7/19,341.696,34329,35326,24.6,25.9,0,0,2,2,2,201,155
2016/7/20,345.118,34718,35821,24.8,26.5,0,0,3,3,3,202,154
2016/7/21,351.554,35041,36199,25.6,27,0,0,4,4,4,203,153
2016/7/22,352.575,35006,35987,26.3,26.7,0,0,5,5,5,204,152
2016/7/23,328.181,31673,32110,26.1,25.6,1,1,6,6,6,205,151
2016/7/24,312.392,29923,30442,25.2,25.6,1,1,7,7,7,206,150
2016/7/25,348.04,34954,34489,25.6,25.9,0,0,1,1,1,207,149
2016/7/26,356.899,35326,34924,25.9,25.1,0,0,2,2,2,208,148
2016/7/27,360.096,35821,35044,26.5,24.9,0,0,3,3,3,209,147
2016/7/28,364.545,36199,35557,27,26.3,0,0,4,4,4,210,146
2016/7/29,359.428,35987,35362,26.7,25.5,0,0,5,5,5,211,145
2016/7/30,330.595,32110,31576,25.6,24.9,1,1,6,6,6,212,144
2016/7/31,314.899,30442,29565,25.6,25,1,1,7,7,7,213,143
2016/8/1,350.046,34489,35231,25.9,24.7,0,0,1,1,1,214,142
2016/8/2,354.416,34924,35442,25.1,25.6,0,0,2,2,2,215,141
2016/8/3,354.633,35044,35633,24.9,25.7,0,0,3,3,3,216,140
2016/8/4,359.671,35557,33314,26.3,24.3,0,0,4,4,4,217,139
2016/8/5,359.712,35362,33105,25.5,25.3,0,0,5,5,5,218,138
2016/8/6,333.141,31576,28623,24.9,24.4,1,1,6,6,6,219,137
2016/8/7,312.828,29565,28566,25,26.3,1,1,7,7,7,220,136
2016/8/8,350.599,35231,33890,24.7,26.5,0,0,1,1,1,221,135
2016/8/9,359.236,35442,33991,25.6,25.3,0,0,2,2,2,222,134
2016/8/10,359.371,35633,33320,25.7,24.6,0,0,3,3,3,223,133
2016/8/11,348.172,33314,33817,24.3,25.5,0,0,4,4,4,224,132
2016/8/12,341.854,33105,34356,25.3,25.3,0,0,5,5,5,225,131
2016/8/13,308.898,28623,30375,24.4,25.3,1,1,6,6,6,226,130
2016/8/14,299.113,28566,29016,26.3,25.7,1,1,7,7,7,227,129
2016/8/15,340.12,33890,34922,26.5,25.9,0,0,1,1,1,228,128
2016/8/16,345.143,33991,34983,25.3,26,0,0,2,2,2,229,127
2016/8/17,339.067,33320,35243,24.6,25.9,0,0,3,3,3,230,126
2016/8/18,343.251,33817,35218,25.5,25.2,0,0,4,4,4,231,125
2016/8/19,341.773,34356,34942,25.3,25.4,0,0,5,5,5,232,124
2016/8/20,318.509,30375,30595,25.3,24.1,1,1,6,6,6,233,123
2016/8/21,305.468,29016,27632,25.7,21.9,1,1,7,7,7,234,122
2016/8/22,345.978,34922,32134,25.9,22.5,0,0,1,1,1,235,121
2016/8/23,356.374,34983,31495,26,22.9,0,0,2,2,2,236,120
2016/8/24,358.713,35243,32613,25.9,23.3,0,0,3,3,3,237,119
2016/8/25,358.874,35218,33040,25.2,24.4,0,0,4,4,4,238,118
2016/8/26,357.666,34942,32279,25.4,23.5,0,0,5,5,5,239,117
2016/8/27,327.236,30595,28417,24.1,23.7,1,1,6,6,6,240,116
2016/8/28,297.263,27632,28135,21.9,24.9,1,1,7,7,7,241,115
2016/8/29,320.662,32134,33367,22.5,24.2,0,0,1,1,1,242,114
2016/8/30,322.777,31495,32058,22.9,23.4,0,0,2,2,2,243,113
2016/8/31,327.471,32613,32215,23.3,24.5,0,0,3,3,3,244,112
2016/9/1,353.218,33040,31860,24.4,24.4,0,0,4,4,4,245,111
2016/9/2,350.912,32279,32081,23.5,23.4,0,0,5,5,5,246,110
2016/9/3,321.863,28417,31423,23.7,23.1,1,0,6,6,5,247,109
2016/9/4,310.298,28135,28329,24.9,24.4,1,1,7,7,7,248,108
2016/9/5,350.887,33367,32551,24.2,22.8,0,0,1,1,1,249,107
2016/9/6,349.551,32058,32949,23.4,23.6,0,0,2,2,2,250,106
2016/9/7,346.16,32215,29701,24.5,23.2,0,0,3,3,5,251,105
2016/9/8,345.952,31860,25557,24.4,23.7,0,1,4,4,7,252,104
2016/9/9,346.512,32081,26401,23.4,25.1,0,1,5,5,7,253,103
2016/9/10,336.534,31423,25736,23.1,22.8,0,1,6,5,6,254,102
2016/9/11,312.231,28329,26088,24.4,21.4,1,1,7,7,7,255,101
2016/9/12,346.466,32551,30275,22.8,21.2,0,0,1,1,1,256,100
2016/9/13,351.967,32949,30275,23.6,20.3,0,0,2,2,2,257,99
2016/9/14,322.36,29701,31222,23.2,21.6,0,0,3,5,3,258,98
2016/9/15,284.49,25557,31596,23.7,21.8,1,0,4,7,4,259,97
2016/9/16,290.889,26401,31556,25.1,21.7,1,0,5,7,5,260,96
2016/9/17,288.973,25736,27767,22.8,22.1,1,1,6,6,6,261,95
2016/9/18,284.913,26088,26759,21.4,22.3,1,1,7,7,7,262,94
2016/9/19,321.832,30275,31841,21.2,22.7,0,0,1,1,1,263,93
2016/9/20,326.884,30275,25840,20.3,23.3,0,0,2,2,2,264,92
2016/9/21,333.626,31222,25846,21.6,24.4,0,0,3,3,3,265,91
2016/9/22,339.083,31596,31207,21.8,24.2,0,0,4,4,4,266,90
2016/9/23,337.914,31556,31549,21.7,23.7,0,0,5,5,5,267,89
2016/9/24,311.436,27767,28505,22.1,24.2,1,1,6,6,6,268,88
2016/9/25,295.952,26759,27189,22.3,24.4,1,1,7,7,7,269,87
2016/9/26,335.862,31841,32021,22.7,23.2,0,0,1,1,1,270,86
2016/9/27,271.176,25840,32470,23.3,22.7,0,0,2,2,2,271,85
2016/9/28,267.225,25846,32816,24.4,22.5,0,0,3,3,3,272,84
2016/9/29,328.149,31207,32459,24.2,23.8,0,0,4,4,4,273,83
2016/9/30,335.885,31549,31565,23.7,22.3,0,0,5,5,5,274,82
2016/10/1,318.718,28505,27782,24.2,22.6,1,1,6,6,6,275,81
2016/10/2,302.353,27189,25056,24.4,19.3,1,1,7,7,7,276,80
2016/10/3,342.232,32021,26116,23.2,20.4,0,1,1,1,6,277,79
2016/10/4,349.614,32470,30384,22.7,21.9,0,0,2,2,1,278,78
2016/10/5,353.5,32816,30332,22.5,20.4,0,0,3,3,3,279,77
2016/10/6,352.719,32459,30195,23.8,20.1,0,0,4,4,4,280,76
2016/10/7,345.02,31565,30254,22.3,20.7,0,0,5,5,5,281,75
2016/10/8,315.64,27782,28037,22.6,22.7,1,1,6,6,6,282,74
2016/10/9,282.742,25056,27130,19.3,23.7,1,1,7,7,7,283,73
2016/10/10,284.751,26116,32227,20.4,23,1,0,1,6,1,284,72
2016/10/11,324.698,30384,32656,21.9,23.4,0,0,2,1,2,285,71
2016/10/12,330.186,30332,32417,20.4,23.8,0,0,3,3,3,286,70
2016/10/13,330.147,30195,32495,20.1,24.4,0,0,4,4,4,287,69
2016/10/14,330.808,30254,33000,20.7,25.1,0,0,5,5,5,288,68
2016/10/15,315.332,28037,29606,22.7,24.1,1,1,6,6,6,289,67
2016/10/16,301.477,27130,27320,23.7,23.1,1,1,7,7,7,290,66
2016/10/17,343.226,32227,31994,23,22.2,0,0,1,1,1,291,65
2016/10/18,352.38,32656,31354,23.4,23.9,0,0,2,2,2,292,64
2016/10/19,354.447,32417,33046,23.8,24.3,0,0,3,3,3,293,63
2016/10/20,357.542,32495,32800,24.4,23.8,0,0,4,4,4,294,62
2016/10/21,359.584,33000,32560,25.1,23.4,0,0,5,5,5,295,61
2016/10/22,336.177,29606,27153,24.1,19.6,1,1,6,6,6,296,60
2016/10/23,313.016,27320,24904,23.1,17.5,1,1,7,7,7,297,59
2016/10/24,341.315,31994,27360,22.2,18.2,0,0,1,1,1,298,58
2016/10/25,343.992,31354,28872,23.9,16.6,0,0,2,2,2,299,57
2016/10/26,356.401,33046,28241,24.3,14.6,0,0,3,3,3,300,56
2016/10/27,356.499,32800,28462,23.8,15.4,0,0,4,4,4,301,55
2016/10/28,353.505,32560,28565,23.4,17.5,0,0,5,5,5,302,54
2016/10/29,311.741,27153,25765,19.6,19.3,1,1,6,6,6,303,53
2016/10/30,280.121,24904,25045,17.5,20.3,1,1,7,7,7,304,52
2016/10/31,300.736,27360,29442,18.2,20.6,0,0,1,1,1,305,51
2016/11/1,337.787,28872,29642,16.6,17.6,0,0,2,2,2,306,50
2016/11/2,334,28241,28179,14.6,14.3,0,0,3,3,3,307,49
2016/11/3,333.183,28462,28418,15.4,15.5,0,0,4,4,4,308,48
2016/11/4,337.187,28565,27906,17.5,16.1,0,0,5,5,5,309,47
2016/11/5,312.786,25765,25909,19.3,19.5,1,1,6,6,6,310,46
2016/11/6,296.781,25045,25064,20.3,21.4,1,1,7,7,7,311,45
2016/11/7,339.194,29442,29281,20.6,21.2,0,0,1,1,1,312,44
2016/11/8,345.26,29642,29724,17.6,18.9,0,0,2,2,2,313,43
2016/11/9,333.599,28179,29468,14.3,19.3,0,0,3,3,3,314,42
2016/11/10,334.744,28418,29703,15.5,20.3,0,0,4,4,4,315,41
2016/11/11,327.518,27906,29353,16.1,20.2,0,0,5,5,5,316,40
2016/11/12,311.796,25909,26898,19.5,21.5,1,1,6,6,6,317,39
2016/11/13,297.964,25064,25331,21.4,20.2,1,1,7,7,7,318,38
2016/11/14,336.753,29281,29260,21.2,18.9,0,0,1,1,1,319,37
2016/11/15,346.981,29724,29328,18.9,18.9,0,0,2,2,2,320,36
2016/11/16,346.143,29468,28322,19.3,15.9,0,0,3,3,3,321,35
2016/11/17,347.904,29703,27938,20.3,14.2,0,0,4,4,4,322,34
2016/11/18,346.143,29353,28375,20.2,16.8,0,0,5,5,5,323,33
2016/11/19,324.175,26898,25582,21.5,18.3,1,1,6,6,6,324,32
2016/11/20,301.924,25331,23901,20.2,14.3,1,1,7,7,7,325,31
2016/11/21,335.424,29260,27360,18.9,13.9,0,0,1,1,1,326,30
2016/11/22,343.134,29328,27943,18.9,15.9,0,0,2,2,2,327,29
2016/11/23,335.044,28322,28213,15.9,18,0,0,3,3,3,328,28
2016/11/24,328.545,27938,27824,14.2,15.4,0,0,4,4,4,329,27
2016/11/25,331.241,28375,27605,16.8,14.7,0,0,5,5,5,330,26
2016/11/26,308.751,25582,25515,18.3,17.9,1,1,6,6,6,331,25
2016/11/27,283.558,23901,24499,14.3,18.8,1,1,7,7,7,332,24
2016/11/28,312.342,27360,28380,13.9,17.4,0,0,1,1,1,333,23
2016/11/29,325.226,27943,27794,15.9,14,0,0,2,2,2,334,22
2016/11/30,328.921,28213,28171,18,14.5,0,0,3,3,3,335,21
2016/12/1,332.951,27824,28084,15.4,15.8,0,0,4,4,4,336,20
2016/12/2,329.467,27605,27724,14.7,16.1,0,0,5,5,5,337,19
2016/12/3,310.973,25515,25247,17.9,16.1,1,1,6,6,6,338,18
2016/12/4,295.566,24499,23981,18.8,15.5,1,1,7,7,7,339,17
2016/12/5,331.6,28380,27900,17.4,17.1,0,0,1,1,1,340,16
2016/12/6,332.271,27794,28007,14,15.7,0,0,2,2,2,341,15
2016/12/7,334.161,28171,27559,14.5,12.7,0,0,3,3,3,342,14
2016/12/8,334.344,28084,27360,15.8,9,0,0,4,4,4,343,13
2016/12/9,332.062,27724,27210,16.1,8.9,0,0,5,5,5,344,12
2016/12/10,308.854,25247,24962,16.1,13.5,1,1,6,6,6,345,11
2016/12/11,289.309,23981,23833,15.5,16.7,1,1,7,7,7,346,10
2016/12/12,325.517,27900,27951,17.1,18.8,0,0,1,1,1,347,9
2016/12/13,335.044,28007,28840,15.7,20.2,0,0,2,2,2,348,8
2016/12/14,330.427,27559,29092,12.7,21,0,0,3,3,3,349,7
2016/12/15,326.54,27360,28358,9,16.1,0,0,4,4,4,350,6
2016/12/16,323.305,27210,27363,8.9,12.6,0,0,5,5,5,351,5
2016/12/17,304.634,24962,24821,13.5,13.8,1,1,6,6,6,352,4
2016/12/18,286.801,23833,23973,16.7,17.9,1,1,7,7,7,353,3
2016/12/19,324.35,27951,27045,18.8,18.6,0,0,1,1,1,354,2
2016/12/20,341.12,28840,27504,20.2,11,0,0,2,2,2,355,1
2016/12/21,345.422,29092,27376,21,9.7,0,0,3,3,3,356,2
2016/12/22,340.657,28358,26945,16.1,10.1,0,0,4,4,4,357,3
2016/12/23,330.02,27363,26374,12.6,12.7,0,0,5,5,5,358,4
2016/12/24,303.733,24821,23897,13.8,15.7,1,1,6,6,6,359,5
2016/12/25,288.593,23973,22886,17.9,17.5,1,1,7,7,7,360,6
2016/12/26,316.791,27045,24483,18.6,17.1,0,1,1,1,7,361,7
2016/12/27,324.877,27504,28131,11,16.6,0,0,2,2,1,362,8
2016/12/28,324.686,27376,28485,9.7,18.5,0,0,3,3,3,363,9
2016/12/29,320.135,26945,28336,10.1,18,0,0,4,4,4,364,10
2016/12/30,315.613,26374,28002,12.7,17.6,0,0,5,5,5,365,11
2016/12/31,290.524,23897,25600,15.7,18.2,1,1,6,6,6,366,12
2017/1/1,268.503,22886,24133,17.5,15.8,1,1,7,7,7,1,13
2017/1/2,280.534,24483,27670,17.1,11.9,1,0,1,7,1,2,14
2017/1/3,320.449,28131,27787,16.6,13.1,0,0,2,1,2,3,15
2017/1/4,329.623,28485,27992,18.5,14.2,0,0,3,3,3,4,16
2017/1/5,330.137,28336,28186,18,15.5,0,0,4,4,4,5,17
2017/1/6,330.589,28002,27161,17.6,11.4,0,0,5,5,5,6,18
2017/1/7,306.516,25600,24726,18.2,9.1,1,1,6,6,6,7,19
2017/1/8,283.998,24133,24156,15.8,9.4,1,1,7,7,7,8,20
2017/1/9,315.17,27670,27370,11.9,10.4,0,0,1,1,1,9,21
2017/1/10,322.524,27787,27768,13.1,14.4,0,0,2,2,2,10,22
2017/1/11,325.791,27992,27768,14.2,15.5,0,0,3,3,3,11,23
2017/1/12,329.116,28186,27768,15.5,14.8,0,0,4,4,4,12,24
2017/1/13,325.652,27161,26889,11.4,8.4,0,0,5,5,5,13,25
2017/1/14,297.082,24726,24905,9.1,8.8,1,1,6,6,6,14,26
2017/1/15,281.042,24156,24230,9.4,8.9,1,1,7,7,7,15,27
2017/1/16,314.013,27370,26943,10.4,9.2,0,0,1,1,1,16,28
2017/1/17,325.097,27768,26779,14.4,9.3,0,0,2,2,2,17,29
2017/1/18,327.192,27768,25905,15.5,10,0,0,3,3,3,18,30
2017/1/19,327.982,27768,23012,14.8,11,0,0,4,4,5,19,31
2017/1/20,322.404,26889,20214,8.4,14.1,0,1,5,5,7,20,32
2017/1/21,299.903,24905,19672,8.8,16.7,1,1,6,6,7,21,33
2017/1/22,282.438,24230,19906,8.9,18.2,1,1,7,7,7,22,34
2017/1/23,313.076,26943,20118,9.2,13,0,1,1,1,7,23,35
2017/1/24,320.292,26779,21188,9.3,11.6,0,1,2,2,7,24,36
2017/1/25,310.395,25905,22191,10,12,0,1,3,3,7,25,37
2017/1/26,283.805,23012,24722,11,10.2,0,0,4,5,1,26,38
2017/1/27,243.423,20214,25592,14.1,14.7,1,0,5,7,5,27,39
2017/1/28,230.95,19672,24355,16.7,15.9,1,1,6,7,6,28,40
2017/1/29,233.093,19906,23414,18.2,14.2,1,1,7,7,7,29,41
2017/1/30,237.237,20118,26414,13,12,1,0,1,7,1,30,42
2017/1/31,244.939,21188,26899,11.6,12.4,1,0,2,7,2,31,43
2017/2/1,258.806,22191,27120,12,13.9,1,0,3,7,3,32,44
2017/2/2,289.089,24722,27088,10.2,5.8,0,0,4,1,4,33,45
2017/2/3,304.543,25592,27086,14.7,5.7,0,0,5,5,5,34,46
2017/2/4,293.56,24355,24557,15.9,6.8,1,1,6,6,6,35,47
2017/2/5,278.986,23414,23991,14.2,9.3,1,1,7,7,7,36,48
2017/2/6,310.075,26414,26862,12,11.2,0,0,1,1,1,37,49
2017/2/7,320.057,26899,27193,12.4,11.5,0,0,2,2,2,38,50
2017/2/8,324.007,27120,27232,13.9,14.1,0,0,3,3,3,39,51
2017/2/9,323.31,27088,27174,5.8,15.2,0,0,4,4,4,40,52
2017/2/10,324.35,27086,27241,5.7,17.1,0,0,5,5,5,41,53
2017/2/11,301.272,24557,26165,6.8,14.9,1,0,6,6,5,42,54
2017/2/12,285.43,23991,23850,9.3,16.7,1,1,7,7,7,43,55
2017/2/13,316.656,26862,27718,11.2,16.7,0,0,1,1,1,44,56
2017/2/14,325.037,27193,27762,11.5,15,0,0,2,2,2,45,57
2017/2/15,324.778,27232,28295,14.1,17.1,0,0,3,3,3,46,58
2017/2/16,324.481,27174,27527,15.2,10.9,0,0,4,4,4,47,59
2017/2/17,327.078,27241,27141,17.1,9.1,0,0,5,5,5,48,60
2017/2/18,319.23,26165,24638,14.9,10.5,0,1,6,5,6,49,61
2017/2/19,286.855,23850,23343,16.7,9.1,1,1,7,7,7,50,62
2017/2/20,322.494,27718,24078,16.7,10,0,1,1,1,7,51,63
2017/2/21,331.285,27762,25022,15,10.7,0,1,2,2,6,52,64
2017/2/22,336.296,28295,27261,17.1,12,0,0,3,3,1,53,65
2017/2/23,333.496,27527,27074,10.9,9.2,0,0,4,4,4,54,66
2017/2/24,328.736,27141,26914,9.1,11.6,0,0,5,5,5,55,67
2017/2/25,303.27,24638,24746,10.5,14.3,1,1,6,6,6,56,68
2017/2/26,282.442,23343,23990,9.1,17.1,1,1,7,7,7,57,69
2017/2/27,286.652,24078,27068,10,11.3,1,0,1,7,1,58,70
2017/2/28,297.169,25022,27568,10.7,8.8,1,0,2,6,2,59,71
2017/3/1,319.972,27261,27767,12,9.8,0,0,3,1,3,60,72
2017/3/2,322.782,27074,27844,9.2,11.6,0,0,4,4,4,61,73
2017/3/3,323.603,26914,27892,11.6,14.1,0,0,5,5,5,62,74
2017/3/4,301.165,24746,25149,14.3,15.9,1,1,6,6,6,63,75
2017/3/5,284.462,23990,24368,17.1,18.5,1,1,7,7,7,64,76
2017/3/6,317.131,27068,27892,11.3,15.4,0,0,1,1,1,65,77
2017/3/7,326.219,27568,27769,8.8,8.8,0,0,2,2,2,66,78
2017/3/8,328.478,27767,27774,9.8,10.7,0,0,3,3,3,67,79
2017/3/9,329.645,27844,28098,11.6,12.8,0,0,4,4,4,68,80
2017/3/10,332.956,27892,27896,14.1,15.1,0,0,5,5,5,69,81
2017/3/11,307.066,25149,25239,15.9,18,1,1,6,6,6,70,82
2017/3/12,289.286,24368,24394,18.5,17.1,1,1,7,7,7,71,83
2017/3/13,326.713,27892,28453,15.4,18.4,0,0,1,1,1,72,84
2017/3/14,329.612,27769,28197,8.8,14.2,0,0,2,2,2,73,85
2017/3/15,329.804,27774,28095,10.7,16.7,0,0,3,3,3,74,86
2017/3/16,332.764,28098,28035,12.8,14.4,0,0,4,4,4,75,87
2017/3/17,332.276,27896,27872,15.1,16.6,0,0,5,5,5,76,88
2017/3/18,308.612,25239,24624,18,12.4,1,1,6,6,6,77,89
2017/3/19,289.912,24394,23892,17.1,10.5,1,1,7,7,7,78,90
2017/3/20,328.554,28453,27222,18.4,14.1,0,0,1,1,1,79,91
2017/3/21,336.78,28197,27766,14.2,16.6,0,0,2,2,2,80,92
2017/3/22,334.616,28095,28022,16.7,17.1,0,0,3,3,3,81,93
2017/3/23,334.601,28035,27974,14.4,18.7,0,0,4,4,4,82,94
2017/3/24,334.257,27872,28040,16.6,14.5,0,0,5,5,5,83,95
2017/3/25,304.199,24624,24245,12.4,10.1,1,1,6,6,6,84,96
2017/3/26,282.75,23892,22905,10.5,11.9,1,1,7,7,7,85,97
2017/3/27,316.217,27222,22797,14.1,14.3,0,1,1,1,7,86,98
2017/3/28,328.486,27766,23637,16.6,16.4,0,1,2,2,6,87,99
2017/3/29,332.055,28022,27722,17.1,18.3,0,0,3,3,1,88,100
2017/3/30,333.617,27974,28161,18.7,18.5,0,0,4,4,4,89,101
2017/3/31,332.343,28040,28739,14.5,19.3,0,0,5,5,5,90,102
2017/4/1,293.726,24245,26288,10.1,21.6,1,1,6,6,6,91,103
2017/4/2,272.587,22905,25592,11.9,22.5,1,1,7,7,7,92,104
2017/4/3,271.462,22797,30236,14.3,23.8,1,0,1,7,1,93,105
2017/4/4,274.183,23637,29416,16.4,17.5,1,0,2,6,2,94,106
2017/4/5,318.184,27722,28004,18.3,13.1,0,0,3,1,3,95,107
2017/4/6,332.957,28161,28171,18.5,14.8,0,0,4,4,4,96,108
2017/4/7,339.621,28739,28259,19.3,18,0,0,5,5,5,97,109
2017/4/8,318.992,26288,26171,21.6,21,1,1,6,6,6,98,110
2017/4/9,302.878,25592,25504,22.5,21.6,1,1,7,7,7,99,111
2017/4/10,347.81,30236,30290,23.8,22.6,0,0,1,1,1,100,112
2017/4/11,349.896,29416,30723,17.5,21.7,0,0,2,2,2,101,113
2017/4/12,334.727,28004,31072,13.1,21.9,0,0,3,3,3,102,114
2017/4/13,331.139,28171,30725,14.8,21.3,0,0,4,4,4,103,115
2017/4/14,334.176,28259,30988,18,20.1,0,0,5,5,5,104,116
2017/4/15,315.019,26171,24699,21,13,1,1,6,6,6,105,117
2017/4/16,302.969,25504,24088,21.6,14.9,1,1,7,7,7,106,118
2017/4/17,349.128,30290,28349,22.6,17.5,0,0,1,1,1,107,119
2017/4/18,361.796,30723,29158,21.7,20.1,0,0,2,2,2,108,120
2017/4/19,365.389,31072,30418,21.9,20,0,0,3,3,3,109,121
2017/4/20,363.071,30725,28348,21.3,13,0,0,4,4,4,110,122
2017/4/21,361.735,30988,27165,20.1,13.9,0,0,5,5,5,111,123
2017/4/22,308.309,24699,24747,13,16.1,1,1,6,6,6,112,124
2017/4/23,285.44,24088,24004,14.9,18.5,1,1,7,7,7,113,125
2017/4/24,327.021,28349,25611,17.5,20,0,1,1,1,6,114,126
2017/4/25,344.756,29158,29684,20.1,20.4,0,0,2,2,1,115,127
2017/4/26,355.286,30418,30931,20,21.5,0,0,3,3,3,116,128
2017/4/27,338.571,28348,31407,13,22.4,0,0,4,4,4,117,129
2017/4/28,326.675,27165,31854,13.9,22.8,0,0,5,5,5,118,130
2017/4/29,300.818,24747,27573,16.1,20.6,1,1,6,6,6,119,131
2017/4/30,285.355,24004,25867,18.5,20,1,1,7,7,7,120,132
2017/5/1,282.424,25611,31507,20,22.4,1,0,1,6,1,121,133
2017/5/2,324.007,29684,31569,20.4,21.3,0,0,2,1,2,122,134
2017/5/3,340.699,30931,32633,21.5,23.4,0,0,3,3,3,123,135
2017/5/4,347.71,31407,33011,22.4,23.6,0,0,4,4,4,124,136
2017/5/5,352.091,31854,32806,22.8,23,0,0,5,5,5,125,137
2017/5/6,321.32,27573,27824,20.6,21.7,1,1,6,6,6,126,138
2017/5/7,296.445,25867,26614,20,22,1,1,7,7,7,127,139
2017/5/8,342.186,31507,32336,22.4,21.4,0,0,1,1,1,128,140
2017/5/9,352.04,31569,30124,21.3,17.6,0,0,2,2,2,129,141
2017/5/10,357.768,32633,30141,23.4,18.6,0,0,3,3,3,130,142
2017/5/11,362.88,33011,31320,23.6,20.4,0,0,4,4,4,131,143
2017/5/12,362.449,32806,31080,23,20.2,0,0,5,5,5,132,144
2017/5/13,327.963,27824,26826,21.7,20.7,1,1,6,6,6,133,145
2017/5/14,305.024,26614,26159,22,20.7,1,1,7,7,7,134,146
2017/5/15,348.13,32336,32130,21.4,22,0,0,1,1,1,135,147
2017/5/16,336.77,30124,32720,17.6,22.8,0,0,2,2,2,136,148
2017/5/17,333.3,30141,33035,18.6,21.9,0,0,3,3,3,137,149
2017/5/18,344.17,31320,31042,20.4,18.3,0,0,4,4,4,138,150
2017/5/19,341.697,31080,30290,20.2,18.8,0,0,5,5,5,139,151
2017/5/20,310.523,26826,26347,20.7,18.5,1,1,6,6,6,140,152
2017/5/21,296.581,26159,25268,20.7,19.1,1,1,7,7,7,141,153
2017/5/22,344.213,32130,26189,22,21.4,0,1,1,1,7,142,154
2017/5/23,359.92,32720,26643,22.8,23,0,1,2,2,6,143,155
2017/5/24,361.979,33035,32677,21.9,23.7,0,0,3,3,1,144,156
2017/5/25,346.019,31042,31934,18.3,24.4,0,0,4,4,4,145,157
2017/5/26,336.698,30290,31745,18.8,22,0,0,5,5,5,146,158
2017/5/27,308.837,26347,30408,18.5,21.6,1,0,6,6,5,147,159
2017/5/28,289.916,25268,26587,19.1,22.3,1,1,7,7,7,148,160
2017/5/29,298.295,26189,31834,21.4,23.4,1,0,1,7,1,149,161
2017/5/30,301.063,26643,33099,23,24.8,1,0,2,6,2,150,162
2017/5/31,347.68,32677,34135,23.7,25.3,0,0,3,1,3,151,163
2017/6/1,342.911,31934,34011,24.4,24.5,0,0,4,4,4,152,164
2017/6/2,340.613,31745,33972,22,25,0,0,5,5,5,153,165
2017/6/3,324.862,30408,30970,21.6,25,0,1,6,5,6,154,166
2017/6/4,289.044,26587,29156,22.3,25.3,1,1,7,7,7,155,167
2017/6/5,331.911,31834,34589,23.4,24.3,0,0,1,1,1,156,168
2017/6/6,351.586,33099,34501,24.8,24.5,0,0,2,2,2,157,169
2017/6/7,362.462,34135,31925,25.3,21.6,0,0,3,3,3,158,170
2017/6/8,363.023,34011,30196,24.5,19.8,0,0,4,4,4,159,171
2017/6/9,362.558,33972,30978,25,21.5,0,0,5,5,5,160,172
2017/6/10,339.351,30970,27264,25,20.6,1,1,6,6,6,161,173
2017/6/11,321.73,29156,26316,25.3,21.4,1,1,7,7,7,162,174
2017/6/12,357.655,34589,30908,24.3,22.6,0,0,1,1,1,163,175
2017/6/13,362.393,34501,31901,24.5,24.5,0,0,2,2,2,164,176
2017/6/14,346.782,31925,33511,21.6,24.8,0,0,3,3,3,165,177
2017/6/15,328.619,30196,34515,19.8,24.7,0,0,4,4,4,166,178
2017/6/16,329.851,30978,34567,21.5,25.3,0,0,5,5,5,167,179
2017/6/17,303.739,27264,30919,20.6,24.9,1,1,6,6,6,168,180
2017/6/18,284.626,26316,29653,21.4,25,1,1,7,7,7,169,181
2017/6/19,324.46,30908,35139,22.6,25.3,0,0,1,1,1,170,182
2017/6/20,340.014,31901,35123,24.5,24.5,0,0,2,2,2,171,183
2017/6/21,352.91,33511,35300,24.8,25.1,0,0,3,3,3,172,184
2017/6/22,363.05,34515,35234,24.7,24.6,0,0,4,4,4,173,183
2017/6/23,365.688,34567,34894,25.3,24,0,0,5,5,5,174,182
2017/6/24,338.481,30919,30856,24.9,23.7,1,1,6,6,6,175,181
2017/6/25,321.827,29653,28576,25,24.7,1,1,7,7,7,176,180
2017/6/26,364.832,35139,35002,25.3,24.5,0,0,1,1,1,177,179
2017/6/27,373.349,35123,34889,24.5,24.3,0,0,2,2,2,178,178
2017/6/28,372.966,35300,34916,25.1,25.1,0,0,3,3,3,179,177
2017/6/29,369.354,35234,35280,24.6,25.3,0,0,4,4,4,180,176
2017/6/30,361.789,34894,34736,24,24.1,0,0,5,5,5,181,175
2017/7/1,321.836,30856,30418,23.7,24.1,1,1,6,6,6,182,174
2017/7/2,304.344,28576,29124,24.7,24.6,1,1,7,7,7,183,173
2017/7/3,344.231,35002,35022,24.5,24.9,0,0,1,1,1,184,172
2017/7/4,350.531,34889,35482,24.3,24.2,0,0,2,2,2,185,171
2017/7/5,351.088,34916,35444,25.1,24.9,0,0,3,3,3,186,170
2017/7/6,356.921,35280,35749,25.3,25,0,0,4,4,4,187,169
2017/7/7,346.993,34736,35548,24.1,24.9,0,0,5,5,5,188,168
2017/7/8,318.201,30418,31152,24.1,25.2,1,1,6,6,6,189,167
2017/7/9,304.52,29124,29259,24.6,25.8,1,1,7,7,7,190,166
2017/7/10,350.604,35022,34337,24.9,25.1,0,0,1,1,1,191,165
2017/7/11,359.055,35482,36107,24.2,26.2,0,0,2,2,2,192,164
2017/7/12,360.801,35444,36046,24.9,25.7,0,0,3,3,3,193,163
2017/7/13,362.923,35749,35973,25,25.7,0,0,4,4,4,194,162
2017/7/14,361.52,35548,36146,24.9,26.1,0,0,5,5,5,195,161
2017/7/15,332.587,31152,31441,25.2,25.9,1,1,6,6,6,196,160
2017/7/16,313.048,29259,30894,25.8,26.2,1,1,7,7,7,197,159
2017/7/17,349.659,34337,36148,25.1,26.3,0,0,1,1,1,198,158
2017/7/18,365.553,36107,36213,26.2,25.9,0,0,2,2,2,199,157
2017/7/19,364.931,36046,36199,25.7,25.3,0,0,3,3,3,200,156
2017/7/20,366.825,35973,35626,25.7,25.1,0,0,4,4,4,201,155
2017/7/21,367.363,36146,35658,26.1,25.4,0,0,5,5,5,202,154
2017/7/22,338.096,31441,30003,25.9,24,1,1,6,6,6,203,153
2017/7/23,323.781,30894,27986,26.2,25.6,1,1,7,7,7,204,152
2017/7/24,364.487,36148,30600,26.3,23.8,0,0,1,1,1,205,151
2017/7/25,367.989,36213,33080,25.9,24.9,0,0,2,2,2,206,150
2017/7/26,365.698,36199,33476,25.3,24.6,0,0,3,3,3,207,149
2017/7/27,363.576,35626,34556,25.1,25.5,0,0,4,4,4,208,148
2017/7/28,366.728,35658,34717,25.4,26,0,0,5,5,5,209,147
2017/7/29,321.456,30003,31575,24,26.2,1,1,6,6,6,210,146
2017/7/30,288.817,27986,30675,25.6,27.1,1,1,7,7,7,211,145
2017/7/31,318.507,30600,36165,23.8,27.2,0,0,1,1,1,212,144
2017/8/1,335.206,33080,36266,24.9,26.4,0,0,2,2,2,213,143
2017/8/2,340.23,33476,36123,24.6,26.6,0,0,3,3,3,214,142
2017/8/3,349.136,34556,35788,25.5,26.6,0,0,4,4,4,215,141
2017/8/4,351.431,34717,36417,26,26.4,0,0,5,5,5,216,140
2017/8/5,330.022,31575,32480,26.2,26.2,1,1,6,6,6,217,139
2017/8/6,317.947,30675,30951,27.1,26.1,1,1,7,7,7,218,138
2017/8/7,362.283,36165,36052,27.2,26.1,0,0,1,1,1,219,137
2017/8/8,369.536,36266,36453,26.4,26,0,0,2,2,2,220,136
2017/8/9,369.142,36123,36390,26.6,25.3,0,0,3,3,3,221,135
2017/8/10,368.745,35788,36391,26.6,25.3,0,0,4,4,4,222,134
2017/8/11,368.828,36417,36295,26.4,25.6,0,0,5,5,5,223,133
2017/8/12,342.896,32480,32211,26.2,25,1,1,6,6,6,224,132
2017/8/13,324.604,30951,30715,26.1,25.7,1,1,7,7,7,225,131
2017/8/14,360.697,36052,36119,26.1,24.8,0,0,1,1,1,226,130
2017/8/15,360.867,36453,35285,26,25,0,0,2,2,2,227,129
2017/8/16,366.793,36390,34588,25.3,24.9,0,0,3,3,3,228,128
2017/8/17,367.63,36391,35493,25.3,24.8,0,0,4,4,4,229,127
2017/8/18,368.178,36295,35129,25.6,26.1,0,0,5,5,5,230,126
2017/8/19,338.513,32211,31487,25,26.4,1,1,6,6,6,231,125
2017/8/20,321.716,30715,29227,25.7,25.3,1,1,7,7,7,232,124
2017/8/21,361.014,36119,35541,24.8,25.3,0,0,1,1,1,233,123
2017/8/22,359.463,35285,36070,25,25.4,0,0,2,2,2,234,122
2017/8/23,355.082,34588,35447,24.9,24.6,0,0,3,3,3,235,121
2017/8/24,355.287,35493,34739,24.8,24,0,0,4,4,4,236,120
2017/8/25,353.967,35129,33050,26.1,23.1,0,0,5,5,5,237,119
2017/8/26,330.987,31487,29350,26.4,22.4,1,1,6,6,6,238,118
2017/8/27,311.68,29227,28063,25.3,22.6,1,1,7,7,7,239,117
2017/8/28,347.855,35541,33987,25.3,23.7,0,0,1,1,1,240,116
2017/8/29,361.471,36070,34360,25.4,25.3,0,0,2,2,2,241,115
2017/8/30,360.162,35447,35786,24.6,26.6,0,0,3,3,3,242,114
2017/8/31,356.037,34739,35014,24,25.6,0,0,4,4,4,243,113
2017/9/1,351.932,33050,35020,23.1,24.7,0,0,5,5,5,244,112
2017/9/2,319.431,29350,30543,22.4,24.5,1,1,6,6,6,245,111
2017/9/3,299.6,28063,29552,22.6,24.4,1,1,7,7,7,246,110
2017/9/4,345.405,33987,34904,23.7,24.7,0,0,1,1,1,247,109
2017/9/5,359.311,34360,35533,25.3,24.8,0,0,2,2,2,248,108
2017/9/6,369.562,35786,33922,26.6,22.3,0,0,3,3,3,249,107
2017/9/7,368.528,35014,32944,25.6,21.7,0,0,4,4,4,250,106
2017/9/8,364.928,35020,33981,24.7,24.1,0,0,5,5,5,251,105
2017/9/9,334.578,30543,30645,24.5,24,1,1,6,6,6,252,104
2017/9/10,317.158,29552,28336,24.4,22.8,1,1,7,7,7,253,103
2017/9/11,355.593,34904,33398,24.7,22.6,0,0,1,1,1,254,102
2017/9/12,369.164,35533,34280,24.8,24.3,0,0,2,2,2,255,101
2017/9/13,358.802,33922,34866,22.3,25.2,0,0,3,3,3,256,100
2017/9/14,348.026,32944,35001,21.7,25.4,0,0,4,4,4,257,99
2017/9/15,352.989,33981,35374,24.1,25.3,0,0,5,5,5,258,98
2017/9/16,329.911,30645,32106,24,26.6,1,1,6,6,6,259,97
2017/9/17,306.887,28336,30716,22.8,26,1,1,7,7,7,260,96
2017/9/18,339.963,33398,35817,22.6,25.4,0,0,1,1,1,261,95
2017/9/19,354.89,34280,36263,24.3,26.3,0,0,2,2,2,262,94
2017/9/20,359.847,34866,36419,25.2,26.3,0,0,3,3,3,263,93
2017/9/21,365.693,35001,36049,25.4,25.1,0,0,4,4,4,264,92
2017/9/22,369.006,35374,35355,25.3,23.4,0,0,5,5,5,265,91
2017/9/23,346.591,32106,34625,26.6,24.8,1,0,6,6,5,266,90
2017/9/24,329.802,30716,30280,26,25.4,1,1,7,7,7,267,89
2017/9/25,368.19,35817,35737,25.4,25.6,0,0,1,1,1,268,88
2017/9/26,377.893,36263,35900,26.3,24,0,0,2,2,5,269,87
2017/9/27,379.148,36419,29072,26.3,21.6,0,1,3,3,7,270,86
2017/9/28,377.612,36049,34702,25.1,22.7,0,0,4,4,1,271,85
2017/9/29,368.09,35355,34982,23.4,23.3,0,0,5,5,5,272,84
2017/9/30,354.078,34625,29560,24.8,22.1,0,1,6,5,6,273,83
2017/10/1,350.098,30280,28115,25.4,23,1,1,7,7,7,274,82
2017/10/2,393.891,35737,28876,25.6,24.8,0,1,1,1,7,275,81
2017/10/3,397.797,35900,30226,24,24.4,0,1,2,5,6,276,80
2017/10/4,342.778,29072,35287,21.6,23.4,1,0,3,7,1,277,79
2017/10/5,375.332,34702,34009,22.7,21.8,0,0,4,1,4,278,78
2017/10/6,385.428,34982,32265,23.3,21.1,0,0,5,5,5,279,77
2017/10/7,348.461,29560,28783,22.1,23,1,1,6,6,6,280,76
2017/10/8,328.554,28115,27360,23,23,1,1,7,7,7,281,75
2017/10/9,335.906,28876,33062,24.8,24.3,1,0,1,7,1,282,74
2017/10/10,347.136,30226,32730,24.4,21.6,1,0,2,6,2,283,73
2017/10/11,386.68,35287,32246,23.4,21,0,0,3,1,3,284,72
2017/10/12,381.023,34009,31277,21.8,19.9,0,0,4,4,4,285,71
2017/10/13,364.231,32265,30889,21.1,18.8,0,0,5,5,5,286,70
2017/10/14,334.531,28783,25858,23,16.7,1,1,6,6,6,287,69
2017/10/15,312.378,27360,24237,23,15.2,1,1,7,7,7,288,68
2017/10/16,360.552,33062,28665,24.3,16.5,0,0,1,1,1,289,67
2017/10/17,364.246,32730,29159,21.6,16.8,0,0,2,2,2,290,66
2017/10/18,359.051,32246,29244,21,17.3,0,0,3,3,3,291,65
2017/10/19,353.246,31277,29286,19.9,17.3,0,0,4,4,4,292,64
2017/10/20,344.404,30889,28805,18.8,17.6,0,0,5,5,5,293,63
2017/10/21,303.734,25858,25555,16.7,16.6,1,1,6,6,6,294,62
2017/10/22,277.572,24237,24209,15.2,16.3,1,1,7,7,7,295,61
2017/10/23,314.139,28665,28206,16.5,14.1,0,0,1,1,1,296,60
2017/10/24,325.935,29159,28541,16.8,16,0,0,2,2,2,297,59
2017/10/25,327.614,29244,29266,17.3,19.2,0,0,3,3,3,298,58
2017/10/26,327.413,29286,30135,17.3,20.8,0,0,4,4,4,299,57
2017/10/27,323.869,28805,29257,17.6,18.5,0,0,5,5,5,300,56
2017/10/28,296.494,25555,25602,16.6,14.7,1,1,6,6,6,301,55
2017/10/29,275.541,24209,24623,16.3,16,1,1,7,7,7,302,54
2017/10/30,308.63,28206,29620,14.1,21,0,0,1,1,1,303,53
2017/10/31,317.362,28541,30666,16,23,0,0,2,2,2,304,52
2017/11/1,346.257,29266,29840,19.2,19.2,0,0,3,3,3,305,51
2017/11/2,355.227,30135,30266,20.8,19.1,0,0,4,4,4,306,50
2017/11/3,350.751,29257,30592,18.5,22.1,0,0,5,5,5,307,49
2017/11/4,315.945,25602,26422,14.7,17.5,1,1,6,6,6,308,48
2017/11/5,295.95,24623,25166,16,17.5,1,1,7,7,7,309,47
2017/11/6,341.356,29620,29653,21,19.3,0,0,1,1,1,310,46
2017/11/7,360.974,30666,29969,23,19,0,0,2,2,2,311,45
2017/11/8,357.485,29840,29784,19.2,18.6,0,0,3,3,3,312,44
2017/11/9,358.912,30266,30463,19.1,20.9,0,0,4,4,4,313,43
2017/11/10,362.763,30592,30555,22.1,21.4,0,0,5,5,5,314,42
2017/11/11,326.375,26422,26189,17.5,16.7,1,1,6,6,6,315,41
2017/11/12,301.848,25166,24644,17.5,13.4,1,1,7,7,7,316,40
2017/11/13,344.265,29653,28771,19.3,15.3,0,0,1,1,1,317,39
2017/11/14,357.181,29969,29432,19,17.6,0,0,2,2,2,318,38
2017/11/15,356.865,29784,28955,18.6,16,0,0,3,3,3,319,37
2017/11/16,361.807,30463,28469,20.9,11.8,0,0,4,4,4,320,36
2017/11/17,362.079,30555,28326,21.4,12.6,0,0,5,5,5,321,35
2017/11/18,325.714,26189,25668,16.7,15.1,1,1,6,6,6,322,34
2017/11/19,296.278,24644,24769,13.4,16.5,1,1,7,7,7,323,33
2017/11/20,335.672,28771,28917,15.3,17.3,0,0,1,1,1,324,32
2017/11/21,347.629,29432,29698,17.6,21.3,0,0,2,2,2,325,31
2017/11/22,347.125,28955,29530,16,22.2,0,0,3,3,3,326,30
2017/11/23,338.884,28469,29186,11.8,17.7,0,0,4,4,4,327,29
2017/11/24,335.972,28326,28525,12.6,14.7,0,0,5,5,5,328,28
2017/11/25,312.964,25668,25628,15.1,15.4,1,1,6,6,6,329,27
2017/11/26,296.755,24769,24512,16.5,16,1,1,7,7,7,330,26
2017/11/27,334.102,28917,28274,17.3,13.9,0,0,1,1,1,331,25
2017/11/28,349.99,29698,28243,21.3,10.7,0,0,2,2,2,332,24
2017/11/29,352.362,29530,28455,22.2,11.4,0,0,3,3,3,333,23
2017/11/30,348.657,29186,28625,17.7,13.4,0,0,4,4,4,334,22
2017/12/1,343.364,28525,27863,14.7,9.8,0,0,5,5,5,335,21
2017/12/2,315.931,25628,25500,15.4,11.2,1,1,6,6,6,336,20
2017/12/3,297.004,24512,24230,16,13.8,1,1,7,7,7,337,19
2017/12/4,331.657,28274,27706,13.9,12.3,0,0,1,1,1,338,18
2017/12/5,337.694,28243,28558,10.7,12.9,0,0,2,2,2,339,17
2017/12/6,339.32,28455,28433,11.4,13.3,0,0,3,3,3,340,16
2017/12/7,342.167,28625,28558,13.4,14.3,0,0,4,4,4,341,15
2017/12/8,338.619,27863,28405,9.8,16.1,0,0,5,5,5,342,14
2017/12/9,312.374,25500,25515,11.2,12.2,1,1,6,6,6,343,13
2017/12/10,292.604,24230,24444,13.8,8.4,1,1,7,7,7,344,12
2017/12/11,327.19,27706,28210,12.3,10.2,0,0,1,1,1,345,11
2017/12/12,340.697,28558,28665,12.9,10,0,0,2,2,2,346,10
2017/12/13,342.499,28433,28082,13.3,10.5,0,0,3,3,3,347,9
2017/12/14,341.965,28558,28219,14.3,10.6,0,0,4,4,4,348,8
2017/12/15,342.696,28405,27748,16.1,14.5,0,0,5,5,5,349,7
2017/12/16,316.616,25515,25193,12.2,16.7,1,1,6,6,6,350,6
2017/12/17,295.842,24444,24260,8.4,14.5,1,1,7,7,7,351,5
2017/12/18,332.083,28210,27939,10.2,11.2,0,0,1,1,1,352,4
2017/12/19,343.472,28665,28461,10,13.1,0,0,2,2,2,353,3
2017/12/20,341.1,28082,28022,10.5,13.5,0,0,3,3,3,354,2
2017/12/21,340.143,28219,28229,10.6,15.5,0,0,4,4,4,355,1
2017/12/22,338.526,27748,27369,14.5,14.6,0,0,5,5,5,356,2
2017/12/23,313.562,25193,24718,16.7,14,1,1,6,6,6,357,3
2017/12/24,294.312,24260,23319,14.5,10.7,1,1,7,7,7,358,4
2017/12/25,328.296,27939,23638,11.2,12.2,0,1,1,1,7,359,5
2017/12/26,339.37,28461,27816,13.1,15.2,0,0,2,2,1,360,6
2017/12/27,337.816,28022,28253,13.5,16.1,0,0,3,3,3,361,7
2017/12/28,337.879,28229,28757,15.5,16.1,0,0,4,4,4,362,8
2017/12/29,332.959,27369,28260,14.6,13,0,0,5,5,5,363,9
2017/12/30,304.18,24718,26062,14,13.4,1,1,6,6,6,364,10
2017/12/31,282.69,23319,25011,10.7,14.4,1,1,7,7,7,365,11
2018/1/1,279.707,23638,28801,12.2,13.8,1,0,1,7,1,1,12
2018/1/2,321.468,27816,28910,15.2,6.5,0,0,2,1,2,2,13
2018/1/3,334.264,28253,28410,16.1,6.3,0,0,3,3,3,3,14
2018/1/4,337.945,28757,28583,16.1,6.7,0,0,4,4,4,4,15
2018/1/5,337.418,28260,28093,13,5.6,0,0,5,5,5,5,16
2018/1/6,314.58,26062,25694,13.4,7.5,1,1,6,6,6,6,17
2018/1/7,297.867,25011,24705,14.4,12,1,1,7,7,7,7,18
2018/1/8,334.839,28801,28269,13.8,15.1,0,0,1,1,1,8,19
2018/1/9,342.04,28910,28285,6.5,15.6,0,0,2,2,2,9,20
2018/1/10,338.775,28410,28340,6.3,16.2,0,0,3,3,3,10,21
2018/1/11,340.962,28583,29076,6.7,16.6,0,0,4,4,4,11,22
2018/1/12,338.708,28093,28467,5.6,14.7,0,0,5,5,5,12,23
2018/1/13,313.729,25694,25883,7.5,15,1,1,6,6,6,13,24
2018/1/14,292.266,24705,24695,12,16,1,1,7,7,7,14,25
2018/1/15,328.531,28269,28264,15.1,13.6,0,0,1,1,1,15,26
2018/1/16,337.009,28285,28381,15.6,13.2,0,0,2,2,2,16,27
2018/1/17,338.646,28340,28228,16.2,12,0,0,3,3,3,17,28
2018/1/18,343.104,29076,28352,16.6,12.6,0,0,4,4,4,18,29
2018/1/19,342.217,28467,27537,14.7,11,0,0,5,5,5,19,30
2018/1/20,316.158,25883,25383,15,12.6,1,1,6,6,6,20,31
2018/1/21,296.066,24695,24535,16,11.9,1,1,7,7,7,21,32
2018/1/22,329.891,28264,28397,13.6,7.4,0,0,1,1,1,22,33
2018/1/23,337.478,28381,28606,13.2,8.7,0,0,2,2,2,23,34
2018/1/24,337.327,28228,28364,12,11,0,0,3,3,3,24,35
2018/1/25,339.045,28352,28521,12.6,7.2,0,0,4,4,4,25,36
2018/1/26,334.841,27537,28202,11,8.1,0,0,5,5,5,26,37
2018/1/27,310.65,25383,26353,12.6,5.1,1,1,6,6,6,27,38
2018/1/28,293.956,24535,26273,11.9,4.3,1,1,7,7,7,28,39
2018/1/29,329.379,28397,29059,7.4,3.3,0,0,1,1,1,29,40
2018/1/30,341.17,28606,28510,8.7,5,0,0,2,2,2,30,41
2018/1/31,339.434,28364,28889,11,7,0,0,3,3,3,31,42
2018/2/1,333.391,28521,28436,7.2,8.3,0,0,4,4,4,32,43
2018/2/2,334.54,28202,28302,8.1,13.2,0,0,5,5,5,33,44
2018/2/3,315.291,26353,26015,5.1,12.5,1,1,6,6,6,34,45
2018/2/4,301.554,26273,25349,4.3,7.5,1,1,7,7,7,35,46
2018/2/5,336.218,29059,27324,3.3,8.3,0,0,1,1,1,36,47
2018/2/6,340.349,28510,26300,5,10.2,0,0,2,2,2,37,48
2018/2/7,343.688,28889,23482,7,13.8,0,0,3,3,5,38,49
2018/2/8,340.674,28436,20979,8.3,17.9,0,1,4,4,7,39,50
2018/2/9,336.194,28302,20759,13.2,16.9,0,1,5,5,7,40,51
2018/2/10,315.4,26015,20282,12.5,12.3,1,1,6,6,7,41,52
2018/2/11,297.184,25349,20987,7.5,16.8,1,1,7,7,7,42,53
2018/2/12,319.19,27324,22071,8.3,17.9,0,1,1,1,7,43,54
2018/2/13,315.526,26300,23261,10.2,15.9,0,1,2,2,7,44,55
2018/2/14,287.615,23482,26510,13.8,12.6,0,0,3,5,1,45,56
2018/2/15,251.816,20979,27283,17.9,10.4,1,0,4,7,4,46,57
2018/2/16,240.98,20759,27093,16.9,11.5,1,0,5,7,5,47,58
2018/2/17,239.086,20282,25317,12.3,15.4,1,1,6,7,6,48,59
2018/2/18,242.944,20987,24690,16.8,12.8,1,1,7,7,7,49,60
2018/2/19,254.426,22071,27435,17.9,11.9,1,0,1,7,1,50,61
2018/2/20,266.617,23261,27818,15.9,16.2,1,0,2,7,5,51,62
2018/2/21,302.924,26510,26394,12.6,15.3,0,1,3,1,7,52,63
2018/2/22,318.767,27283,28372,10.4,17.1,0,0,4,4,1,53,64
2018/2/23,319.701,27093,28143,11.5,18.6,0,0,5,5,5,54,65
2018/2/24,302.296,25317,26052,15.4,19.3,1,1,6,6,6,55,66
2018/2/25,288.796,24690,25431,12.8,20.9,1,1,7,7,7,56,67
2018/2/26,316.122,27435,29460,11.9,18,0,0,1,1,1,57,68
2018/2/27,327.071,27818,27989,16.2,12.2,0,0,2,5,2,58,69
2018/2/28,312.455,26394,28469,15.3,15.3,1,0,3,7,3,59,70
2018/3/1,338.639,28372,27944,17.1,8.8,0,0,4,1,4,60,71
2018/3/2,343.1,28143,27617,18.6,7.4,0,0,5,5,5,61,72
2018/3/3,320.965,26052,24946,19.3,10.7,1,1,6,6,6,62,73
2018/3/4,306.056,25431,24245,20.9,14,1,1,7,7,7,63,74
2018/3/5,348.508,29460,27935,18,15.3,0,0,1,1,1,64,75
2018/3/6,343.751,27989,28418,12.2,16.3,0,0,2,2,2,65,76
2018/3/7,345.499,28469,28536,15.3,18.1,0,0,3,3,3,66,77
2018/3/8,342.521,27944,28941,8.8,17.6,0,0,4,4,4,67,78
2018/3/9,337.21,27617,28620,7.4,15.7,0,0,5,5,5,68,79
2018/3/10,310.026,24946,25794,10.7,15,1,1,6,6,6,69,80
2018/3/11,291.992,24245,24808,14,18.6,1,1,7,7,7,70,81
2018/3/12,329.212,27935,29102,15.3,19.5,0,0,1,1,1,71,82
2018/3/13,340.495,28418,28823,16.3,15.1,0,0,2,2,2,72,83
2018/3/14,344.488,28536,27699,18.1,9.4,0,0,3,3,3,73,84
2018/3/15,348.197,28941,27982,17.6,9.7,0,0,4,4,4,74,85
2018/3/16,347.496,28620,27642,15.7,13.3,0,0,5,5,5,75,86
2018/3/17,319.111,25794,25149,15,15.7,1,1,6,6,6,76,87
2018/3/18,300.646,24808,24573,18.6,17,1,1,7,7,7,77,88
2018/3/19,342.507,29102,28383,19.5,16.9,0,0,1,1,1,78,89
2018/3/20,350.863,28823,28602,15.1,16.5,0,0,2,2,2,79,90
2018/3/21,338.012,27699,28752,9.4,18,0,0,3,3,3,80,91
2018/3/22,336.485,27982,28983,9.7,19.3,0,0,4,4,4,81,92
2018/3/23,335.959,27642,28897,13.3,17.9,0,0,5,5,5,82,93
2018/3/24,310.783,25149,27845,15.7,17.8,1,0,6,6,5,83,94
2018/3/25,295.048,24573,25072,17,18.8,1,1,7,7,7,84,95
2018/3/26,334.585,28383,29047,16.9,18.7,0,0,1,1,1,85,96
2018/3/27,346.188,28602,29267,16.5,18.8,0,0,2,2,2,86,97
2018/3/28,348.552,28752,26121,18,19.5,0,1,3,3,6,87,98
2018/3/29,351.558,28983,24981,19.3,20,0,1,4,4,7,88,99
2018/3/30,349.536,28897,24450,17.9,14.6,0,1,5,5,7,89,100
2018/3/31,340.3,27845,23940,17.8,9.3,0,1,6,5,7,90,101
2018/4/1,301.272,25072,23895,18.8,13.8,1,1,7,7,7,91,102
2018/4/2,340.082,29047,28232,18.7,16.5,0,0,1,1,1,92,103
2018/4/3,348.138,29267,28728,18.8,18.3,0,0,2,2,2,93,104
2018/4/4,317.561,26121,30193,19.5,20.8,1,0,3,6,3,94,105
2018/4/5,300.701,24981,30645,20,21,1,0,4,7,4,95,106
2018/4/6,299.055,24450,31068,14.6,22.6,1,0,5,7,5,96,107
2018/4/7,288.839,23940,27721,9.3,21.9,1,1,6,7,6,97,108
2018/4/8,281.561,23895,24630,13.8,13.9,1,1,7,7,7,98,109
2018/4/9,325.424,28232,28365,16.5,13.4,0,0,1,1,1,99,110
2018/4/10,340.376,28728,28399,18.3,12.9,0,0,2,2,2,100,111
2018/4/11,353.67,30193,28521,20.8,16.1,0,0,3,3,3,101,112
2018/4/12,363.582,30645,29442,21,18.5,0,0,4,4,4,102,113
2018/4/13,367.581,31068,29380,22.6,19.6,0,0,5,5,5,103,114
2018/4/14,344.904,27721,26962,21.9,20.6,1,1,6,6,6,104,115
2018/4/15,305.745,24630,26356,13.9,22.3,1,1,7,7,7,105,116
2018/4/16,332.007,28365,31487,13.4,23,0,0,1,1,1,106,117
2018/4/17,339.878,28399,31110,12.9,19.1,0,0,2,2,2,107,118
2018/4/18,341.485,28521,29570,16.1,15.9,0,0,3,3,3,108,119
2018/4/19,350.038,29442,29944,18.5,18.8,0,0,4,4,4,109,120
2018/4/20,350.586,29380,30356,19.6,18.8,0,0,5,5,5,110,121
2018/4/21,328.608,26962,26835,20.6,19.7,1,1,6,6,6,111,122
2018/4/22,314.343,26356,26074,22.3,21.7,1,1,7,7,7,112,123
2018/4/23,364.944,31487,30086,23,22.1,0,0,1,1,5,113,124
2018/4/24,368.681,31110,28665,19.1,22.7,0,1,2,2,6,114,125
2018/4/25,353.394,29570,32351,15.9,23.7,0,0,3,3,1,115,126
2018/4/26,356.264,29944,30659,18.8,16.5,0,0,4,4,4,116,127
2018/4/27,358.771,30356,30638,18.8,18.7,0,0,5,5,5,117,128
2018/4/28,331.936,26835,27477,19.7,21.5,1,1,6,6,6,118,129
2018/4/29,314.553,26074,27517,21.7,23.1,1,1,7,7,7,119,130
2018/4/30,353.337,30086,32762,22.1,24.4,0,0,1,5,1,120,131
2018/5/1,317.89,28665,31729,22.7,20.2,1,0,2,6,2,121,132
2018/5/2,347.624,32351,30104,23.7,17.3,0,0,3,1,3,122,133
2018/5/3,337.957,30659,30174,16.5,17.5,0,0,4,4,4,123,134
2018/5/4,333.49,30638,30735,18.7,20.6,0,0,5,5,5,124,135
2018/5/5,312.52,27477,27439,21.5,22.3,1,1,6,6,6,125,136
2018/5/6,302.099,27517,27088,23.1,23.5,1,1,7,7,7,126,137
2018/5/7,351.128,32762,32914,24.4,23.3,0,0,1,1,1,127,138
2018/5/8,347.632,31729,33518,20.2,23.5,0,0,2,2,2,128,139
2018/5/9,332.656,30104,34235,17.3,24.5,0,0,3,3,3,129,140
2018/5/10,329.666,30174,34692,17.5,25.2,0,0,4,4,4,130,141
2018/5/11,335.188,30735,35061,20.6,25.4,0,0,5,5,5,131,142
2018/5/12,313.183,27439,30567,22.3,24.2,1,1,6,6,6,132,143
2018/5/13,299.166,27088,29607,23.5,24.7,1,1,7,7,7,133,144
2018/5/14,347.687,32914,34269,23.3,23.6,0,0,1,1,1,134,145
2018/5/15,362.92,33518,34776,23.5,24,0,0,2,2,2,135,146
2018/5/16,371.263,34235,34892,24.5,22.2,0,0,3,3,3,136,147
2018/5/17,377.995,34692,34099,25.2,22.9,0,0,4,4,4,137,148
2018/5/18,377.045,35061,35023,25.4,24,0,0,5,5,5,138,149
2018/5/19,347.535,30567,30416,24.2,24.7,1,1,6,6,6,139,150
2018/5/20,329.814,29607,30287,24.7,25.5,1,1,7,7,7,140,151
2018/5/21,367.522,34269,36007,23.6,25.1,0,0,1,1,1,141,152
2018/5/22,376.947,34776,36329,24,25.1,0,0,2,2,2,142,153
2018/5/23,373.15,34892,36771,22.2,25.4,0,0,3,3,3,143,154
2018/5/24,368.514,34099,36713,22.9,25.4,0,0,4,4,4,144,155
2018/5/25,374.971,35023,33549,24,19.9,0,0,5,5,5,145,156
2018/5/26,347.016,30416,29031,24.7,21.2,1,1,6,6,6,146,157
2018/5/27,333.156,30287,28480,25.5,22.8,1,1,7,7,7,147,158
2018/5/28,381.747,36007,34478,25.1,23.9,0,0,1,1,1,148,159
2018/5/29,391.738,36329,35302,25.1,24.4,0,0,2,2,2,149,160
2018/5/30,393.897,36771,35802,25.4,24.2,0,0,3,3,3,150,161
2018/5/31,394.704,36713,35702,25.4,25,0,0,4,4,4,151,162
2018/6/1,362.036,33549,36102,19.9,24.8,0,0,5,5,5,152,163
2018/6/2,323.435,29031,31775,21.2,24.1,1,1,6,6,6,153,164
2018/6/3,311.431,28480,29798,22.8,23.8,1,1,7,7,7,154,165
2018/6/4,359.97,34478,32557,23.9,21.4,0,0,1,1,1,155,166
2018/6/5,373.32,35302,33517,24.4,23,0,0,2,2,2,156,167
2018/6/6,377.702,35802,34034,24.2,22.6,0,0,3,3,3,157,168
2018/6/7,380.397,35702,33737,25,22.4,0,0,4,4,4,158,169
2018/6/8,380.466,36102,31614,24.8,21,0,0,5,5,5,159,170
2018/6/9,351.602,31775,28619,24.1,21,1,1,6,6,6,160,171
2018/6/10,329.054,29798,27261,23.8,23.2,1,1,7,7,7,161,172
2018/6/11,353.874,32557,27948,21.4,23.8,0,1,1,1,7,162,173
2018/6/12,357.799,33517,32063,23,23.6,0,0,2,2,1,163,174
2018/6/13,361.361,34034,32244,22.6,24.8,0,0,3,3,3,164,175
2018/6/14,361.363,33737,33176,22.4,24.5,0,0,4,4,4,165,176
2018/6/15,344.5,31614,33748,21,24.4,0,0,5,5,5,166,177
2018/6/16,316.803,28619,30175,21,24.3,1,1,6,6,6,167,178
2018/6/17,301.447,27261,29174,23.2,24.6,1,1,7,7,7,168,179
2018/6/18,304.701,27948,35108,23.8,25.4,1,0,1,7,1,169,180
2018/6/19,341.183,32063,35259,23.6,24.9,0,0,2,1,2,170,181
2018/6/20,348.936,32244,35122,24.8,24.8,0,0,3,3,3,171,182
2018/6/21,356.063,33176,35448,24.5,25.5,0,0,4,4,4,172,183
2018/6/22,358.879,33748,34966,24.4,24.6,0,0,5,5,5,173,182
2018/6/23,333.169,30175,30484,24.3,24.5,1,1,6,6,6,174,181
2018/6/24,317.328,29174,29016,24.6,24.8,1,1,7,7,7,175,180
2018/6/25,365.614,35108,33151,25.4,26,0,0,1,1,1,176,179
2018/6/26,374.644,35259,34138,24.9,25.8,0,0,2,2,2,177,178
2018/6/27,373.386,35122,33744,24.8,26,0,0,3,3,3,178,177
2018/6/28,375.443,35448,33157,25.5,25.1,0,0,4,4,4,179,176
2018/6/29,372.612,34966,34306,24.6,25.8,0,0,5,5,5,180,175
2018/6/30,340.317,30484,30399,24.5,23.9,1,1,6,6,6,181,174
2018/7/1,313.525,29016,28916,24.8,24,1,1,7,7,7,182,173
2018/7/2,346.424,33151,34951,26,25,0,0,1,1,1,183,172
2018/7/3,356.862,34138,34753,25.8,23.4,0,0,2,2,2,184,171
2018/7/4,357.222,33744,31203,26,23.5,0,0,3,3,3,185,170
2018/7/5,354.923,33157,34408,25.1,24.5,0,0,4,4,4,186,169
2018/7/6,357.425,34306,34990,25.8,25.1,0,0,5,5,5,187,168
2018/7/7,329.519,30399,31279,23.9,24.8,1,1,6,6,6,188,167
2018/7/8,308.761,28916,29296,24,24.3,1,1,7,7,7,189,166
2018/7/9,355.959,34951,35178,25,24.1,0,0,1,1,1,190,165
2018/7/10,354.522,34753,36200,23.4,25.3,0,0,2,2,2,191,164
2018/7/11,335.903,31203,36460,23.5,25.1,0,0,3,3,3,192,163
2018/7/12,360.405,34408,36705,24.5,24.9,0,0,4,4,4,193,162
2018/7/13,364.861,34990,35740,25.1,24.3,0,0,5,5,5,194,161
2018/7/14,337.599,31279,31327,24.8,23.2,1,1,6,6,6,195,160
2018/7/15,316.764,29296,29333,24.3,24,1,1,7,7,7,196,159
2018/7/16,361.094,35178,34239,24.1,24.2,0,0,1,1,1,197,158
2018/7/17,376.937,36200,35976,25.3,24.6,0,0,2,2,2,198,157
2018/7/18,378.892,36460,35901,25.1,24.8,0,0,3,3,3,199,156
2018/7/19,380.275,36705,35806,24.9,25.5,0,0,4,4,4,200,155
2018/7/20,372.819,35740,35675,24.3,24.7,0,0,5,5,5,201,154
2018/7/21,339.94,31327,31376,23.2,25,1,1,6,6,6,202,153
2018/7/22,318.585,29333,30623,24,25.9,1,1,7,7,7,203,152
2018/7/23,357.398,34239,36318,24.2,26.2,0,0,1,1,1,204,151
2018/7/24,370.231,35976,36906,24.6,26.3,0,0,2,2,2,205,150
2018/7/25,370.374,35901,37351,24.8,26.1,0,0,3,3,3,206,149
2018/7/26,374.861,35806,36122,25.5,25.4,0,0,4,4,4,207,148
2018/7/27,372.019,35675,36116,24.7,24.3,0,0,5,5,5,208,147
2018/7/28,342.027,31376,31905,25,24.5,1,1,6,6,6,209,146
2018/7/29,325.854,30623,29660,25.9,25.3,1,1,7,7,7,210,145
2018/7/30,372.879,36318,36089,26.2,25.3,0,0,1,1,1,211,144
2018/7/31,384.918,36906,36132,26.3,25.1,0,0,2,2,2,212,143
2018/8/1,392.87,37351,36191,26.1,24.9,0,0,3,3,3,213,142
2018/8/2,387.28,36122,35872,25.4,24.8,0,0,4,4,4,214,141
2018/8/3,378.829,36116,36020,24.3,25.1,0,0,5,5,5,215,140
2018/8/4,345.256,31905,31721,24.5,24.9,1,1,6,6,6,216,139
2018/8/5,325.95,29660,30095,25.3,23.4,1,1,7,7,7,217,138
2018/8/6,370.238,36089,34739,25.3,25.2,0,0,1,1,1,218,137
2018/8/7,380.412,36132,34827,25.1,23.4,0,0,2,2,2,219,136
2018/8/8,381.473,36191,33954,24.9,24.3,0,0,3,3,3,220,135
2018/8/9,380.033,35872,34368,24.8,24.7,0,0,4,4,4,221,134
2018/8/10,379.108,36020,35182,25.1,24.9,0,0,5,5,5,222,133
2018/8/11,348.954,31721,30087,24.9,24.5,1,1,6,6,6,223,132
2018/8/12,328.497,30095,28654,23.4,24,1,1,7,7,7,224,131
2018/8/13,366.276,34739,34375,25.2,23.6,0,0,1,1,1,225,130
2018/8/14,367.15,34827,34675,23.4,23.9,0,0,2,2,2,226,129
2018/8/15,362.538,33954,34783,24.3,25.1,0,0,3,3,3,227,128
2018/8/16,365.157,34368,34745,24.7,24.8,0,0,4,4,4,228,127
2018/8/17,368.792,35182,30158,24.9,23.2,0,0,5,5,5,229,126
2018/8/18,337.459,30087,29174,24.5,24.1,1,1,6,6,6,230,125
2018/8/19,314.262,28654,28097,24,24,1,1,7,7,7,231,124
2018/8/20,355.196,34375,32329,23.6,23.3,0,0,1,1,1,232,123
2018/8/21,366.844,34675,31922,23.9,22.8,0,0,2,2,2,233,122
2018/8/22,368.883,34783,32109,25.1,23,0,0,3,3,3,234,121
2018/8/23,363.41,34745,31886,24.8,21.9,0,0,4,4,4,235,120
2018/8/24,331.715,30158,32264,23.2,22.7,0,0,5,5,5,236,119
2018/8/25,318.785,29174,28928,24.1,23.8,1,1,6,6,6,237,118
2018/8/26,303.468,28097,28176,24,24.6,1,1,7,7,7,238,117
2018/8/27,339.164,32329,33843,23.3,24.8,0,1,1,1,1,239,116
2018/8/28,340.574,31922,35163,22.8,25.7,0,0,2,2,2,240,115
2018/8/29,341.267,32109,35238,23,24.6,0,0,3,3,3,241,114
2018/8/30,339.521,31886,34890,21.9,24.7,0,0,4,4,4,242,113
2018/8/31,340.098,32264,34524,22.7,23.7,0,0,5,5,5,243,112
2018/9/1,323.766,28928,29661,23.8,22.7,1,1,6,6,6,244,111
2018/9/2,311.172,28176,26810,24.6,20.6,1,1,7,7,7,245,110
2018/9/3,356.349,33843,31645,24.8,21,1,0,1,1,1,246,109
2018/9/4,375.154,35163,33276,25.7,24.1,0,0,2,2,2,247,108
2018/9/5,380.514,35238,34117,24.6,24.3,0,0,3,3,3,248,107
2018/9/6,377.006,34890,34521,24.7,24.8,0,0,4,4,4,249,106
2018/9/7,372.136,34524,34631,23.7,23.9,0,0,5,5,5,250,105
2018/9/8,334.112,29661,29281,22.7,23.9,1,1,6,6,6,251,104
2018/9/9,302.999,26810,28947,20.6,24.3,1,1,7,7,7,252,103
2018/9/10,335.9,31645,35098,21,25.6,0,0,1,1,1,253,102
2018/9/11,356.845,33276,35327,24.1,25.2,0,0,2,2,2,254,101
2018/9/12,366.046,34117,34991,24.3,25.1,0,0,3,3,3,255,100
2018/9/13,370.062,34521,35019,24.8,24.2,0,0,4,4,4,256,99
2018/9/14,371.851,34631,34892,23.9,24.2,0,0,5,5,5,257,98
2018/9/15,335.877,29281,30272,23.9,23.7,1,1,6,6,6,258,97
2018/9/16,318.079,28947,27876,24.3,24.1,1,1,7,7,7,259,96
2018/9/17,368.839,35098,27223,25.6,21.4,0,1,1,1,7,260,95
2018/9/18,381.095,35327,32749,25.2,21.4,0,0,2,2,1,261,94
2018/9/19,379.265,34991,31949,25.1,20.2,0,0,3,3,3,262,93
2018/9/20,378.609,35019,31946,24.2,20.8,0,0,4,4,4,263,92
2018/9/21,376.558,34892,31510,24.2,20.5,0,0,5,5,5,264,91
2018/9/22,342.703,30272,26812,23.7,19.3,1,1,6,6,6,265,90
2018/9/23,320.887,27876,25505,24.1,19.1,1,1,7,7,7,266,89
2018/9/24,309.14,27223,30707,21.4,20.3,1,0,1,7,1,267,88
2018/9/25,347.48,32749,30992,21.4,18.7,0,0,2,1,2,268,87
2018/9/26,348.654,31949,30579,20.2,18.7,0,0,3,3,3,269,86
2018/9/27,347.09,31946,29852,20.8,18,0,0,4,4,4,270,85
2018/9/28,341.958,31510,30375,20.5,19.4,0,0,5,5,5,271,84
2018/9/29,303.753,26812,27097,19.3,20.3,1,1,6,6,6,272,83
2018/9/30,283.926,25505,25871,19.1,19.1,1,1,7,7,7,273,82
2018/10/1,351.846,30707,30873,20.3,19.8,0,0,1,1,1,274,81
2018/10/2,359.01,30992,31288,18.7,20.2,0,0,2,2,5,275,80
2018/10/3,356.281,30579,27562,18.7,19,0,1,3,3,6,276,79
2018/10/4,351.454,29852,29875,18,16.9,0,0,4,4,1,277,78
2018/10/5,353.136,30375,29172,19.4,15.7,0,0,5,5,5,278,77
2018/10/6,329.47,27097,26162,20.3,17.2,1,1,6,6,6,279,76
2018/10/7,310.399,25871,25687,19.1,19.5,1,1,7,7,7,280,75
2018/10/8,354.458,30873,30538,19.8,20.1,0,0,1,1,1,281,74
2018/10/9,365.03,31288,31462,20.2,20.1,0,0,2,5,2,282,73
2018/10/10,333.921,27562,30079,19,17.6,1,0,3,6,3,283,72
2018/10/11,350.095,29875,30097,16.9,18.1,0,0,4,1,4,284,71
2018/10/12,344.462,29172,29952,15.7,16.4,0,0,5,5,5,285,70
2018/10/13,315.851,26162,26206,17.2,17.2,1,1,6,6,6,286,69
2018/10/14,304.174,25687,25377,19.5,19.1,1,1,7,7,7,287,68
2018/10/15,351.048,30538,30240,20.1,20.1,0,0,1,1,1,288,67
2018/10/16,363.656,31462,30450,20.1,19,0,0,2,2,2,289,66
2018/10/17,354.408,30079,30549,17.6,18.7,0,0,3,3,3,290,65
2018/10/18,352.926,30097,31029,18.1,20.5,0,0,4,4,4,291,64
2018/10/19,350.484,29952,31014,16.4,20.6,0,0,5,5,5,292,63
2018/10/20,319.19,26206,25586,17.2,16.3,1,1,6,6,6,293,62
2018/10/21,301.962,25377,24289,19.1,15.1,1,1,7,7,7,294,61
2018/10/22,346.347,30240,28439,20.1,16.2,0,0,1,1,1,295,60
2018/10/23,357.445,30450,29073,19,17.6,0,0,2,2,2,296,59
2018/10/24,357.468,30549,29060,18.7,15.6,0,0,3,3,3,297,58
2018/10/25,360.218,31029,28605,20.5,15.2,0,0,4,4,4,298,57
2018/10/26,358.892,31014,28905,20.6,18.1,0,0,5,5,5,299,56
2018/10/27,314.868,25586,26486,16.3,20.2,1,1,6,6,6,300,55
2018/10/28,288.489,24289,25391,15.1,19.7,1,1,7,7,7,301,54
2018/10/29,325.975,28439,29866,16.2,20,0,0,1,1,1,302,53
2018/10/30,339.912,29073,30772,17.6,20.9,0,0,2,2,2,303,52
2018/10/31,341.147,29060,30941,15.6,21.7,0,0,3,3,3,304,51
2018/11/1,338.427,28605,31419,15.2,20.5,0,0,4,4,4,305,50
2018/11/2,341.673,28905,30295,18.1,18.3,0,0,5,5,5,306,49
2018/11/3,318.748,26486,26927,20.2,19.4,1,1,6,6,6,307,48
2018/11/4,302.451,25391,25556,19.7,20.1,1,1,7,7,7,308,47
2018/11/5,345.595,29866,29963,20,19.1,0,0,1,1,1,309,46
2018/11/6,360.612,30772,29512,20.9,16.4,0,0,2,2,2,310,45
2018/11/7,363.293,30941,29437,21.7,16.2,0,0,3,3,3,311,44
2018/11/8,366.131,31419,29920,20.5,18.9,0,0,4,4,4,312,43
2018/11/9,358.827,30295,29969,18.3,19.7,0,0,5,5,5,313,42
2018/11/10,325.954,26927,26630,19.4,17.7,1,1,6,6,6,314,41
2018/11/11,306.277,25556,25682,20.1,20.4,1,1,7,7,7,315,40
2018/11/12,346.089,29963,29184,19.1,16.4,0,0,1,1,1,316,39
2018/11/13,351.067,29512,29730,16.4,17.2,0,0,2,2,2,317,38
2018/11/14,348.102,29437,30019,16.2,19.7,0,0,3,3,3,318,37
2018/11/15,352.424,29920,28817,18.9,14.2,0,0,4,4,4,319,36
2018/11/16,354.826,29969,28416,19.7,13.9,0,0,5,5,5,320,35
2018/11/17,323.609,26630,24811,17.7,17.4,1,1,6,6,6,321,34
2018/11/18,306.913,25682,24821,20.4,18.2,1,1,7,7,7,322,33
2018/11/19,340.579,29184,28884,16.4,16,0,0,1,1,1,323,32
2018/11/20,348.496,29730,29017,17.2,15.8,0,0,2,2,2,324,31
2018/11/21,353.98,30019,28956,19.7,15,0,0,3,3,3,325,30
2018/11/22,343.644,28817,28691,14.2,15.5,0,0,4,4,4,326,29
2018/11/23,337.844,28416,28562,13.9,17.5,0,0,5,5,5,327,28
2018/11/24,301.231,24811,25636,17.4,18.5,1,1,6,6,6,328,27
2018/11/25,292.251,24821,24981,18.2,19.4,1,1,7,7,7,329,26
2018/11/26,330.964,28884,28963,16,19.5,0,0,1,1,1,330,25
2018/11/27,339.072,29017,29868,15.8,20.1,0,0,2,2,2,331,24
2018/11/28,339.211,28956,29406,15,17.4,0,0,3,3,3,332,23
2018/11/29,336.713,28691,30019,15.5,19.4,0,0,4,4,4,333,22
2018/11/30,337.962,28562,28355,17.5,14,0,0,5,5,5,334,21
2018/12/1,312.456,25636,25188,18.5,13.5,1,1,6,6,6,335,20
2018/12/2,295.658,24981,24038,19.4,13.9,1,1,7,7,7,336,19
2018/12/3,336.661,28963,28631,19.5,17.2,0,0,1,1,1,337,18
2018/12/4,350.305,29868,28683,20.1,15.9,0,0,2,2,2,338,17
2018/12/5,350.37,29406,28236,17.4,10.7,0,0,3,3,3,339,16
2018/12/6,355.156,30019,28180,19.4,12.4,0,0,4,4,4,340,15
2018/12/7,342.55,28355,28184,14,13.2,0,0,5,5,5,341,14
2018/12/8,308.049,25188,25401,13.5,14.8,1,1,6,6,6,342,13
2018/12/9,289.51,24038,24544,13.9,15.7,1,1,7,7,7,343,12
2018/12/10,331.126,28631,27835,17.2,10.3,0,0,1,1,1,344,11
2018/12/11,342.354,28683,28111,15.9,12.4,0,0,2,2,2,345,10
2018/12/12,335.394,28236,28371,10.7,14.9,0,0,3,3,3,346,9
2018/12/13,336.03,28180,28520,12.4,16.7,0,0,4,4,4,347,8
2018/12/14,337.91,28184,28647,13.2,17.7,0,0,5,5,5,348,7
2018/12/15,309.932,25401,27178,14.8,19.1,1,0,6,6,5,349,6
2018/12/16,293.571,24544,24509,15.7,16.3,1,1,7,7,7,350,5
2018/12/17,323.984,27835,27928,10.3,13.1,0,0,1,1,1,351,4
2018/12/18,333.25,28111,28585,12.4,17.7,0,0,2,2,2,352,3
2018/12/19,336.053,28371,28463,14.9,16.8,0,0,3,3,3,353,2
2018/12/20,336.419,28520,27726,16.7,12.7,0,0,4,4,4,354,1
2018/12/21,339.254,28647,26844,17.7,9.7,0,0,5,5,5,355,2
2018/12/22,330.963,27178,24309,19.1,8.1,0,1,6,5,6,356,3
2018/12/23,297.123,24509,23326,16.3,10.7,1,1,7,7,7,357,4
2018/12/24,325.754,27928,23399,13.1,12.2,0,1,1,1,7,358,5
2018/12/25,340.321,28585,23872,17.7,12.2,0,1,2,2,7,359,6
2018/12/26,339.702,28463,28148,16.8,13.1,0,0,3,3,1,360,7
2018/12/27,332.31,27726,28452,12.7,14.8,0,0,4,4,4,361,8
2018/12/28,322.74,26844,28490,9.7,18.5,0,0,5,5,5,362,9
2018/12/29,294.146,24309,26054,8.1,16.3,1,1,6,6,6,363,10
2018/12/30,280.023,23326,24617,10.7,13.9,1,1,7,7,7,364,11
2018/12/31,277.72,23399,28536,12.2,16.5,1,0,1,7,1,365,12
2019/1/1,279.87,23872,28719,12.2,15.5,1,0,2,7,2,1,13
2019/1/2,323.08,28148,28641,13.1,14.2,0,0,3,1,3,2,14
2019/1/3,336.597,28452,29006,14.8,18.7,0,0,4,4,4,3,15
2019/1/4,339.02,28490,28798,18.5,18.3,0,0,5,5,5,4,16
2019/1/5,315.825,26054,25905,16.3,15.5,1,1,6,6,6,5,17
2019/1/6,295.08,24617,24629,13.9,13.8,1,1,7,7,7,6,18
2019/1/7,330.919,28536,28348,16.5,14.5,0,0,1,1,1,7,19
2019/1/8,340.713,28719,28887,15.5,16,0,0,2,2,2,8,20
2019/1/9,339.42,28641,28649,14.2,12.2,0,0,3,3,3,9,21
2019/1/10,345.741,29006,28395,18.7,10.7,0,0,4,4,4,10,22
2019/1/11,345.312,28798,27756,18.3,12.5,0,0,5,5,5,11,23
2019/1/12,316.377,25905,26477,15.5,14.4,1,0,6,6,5,12,24
2019/1/13,295.069,24629,24539,13.8,13.3,1,1,7,7,7,13,25
2019/1/14,330.529,28348,27739,14.5,10.3,0,0,1,1,1,14,26
2019/1/15,341.979,28887,28140,16,8.8,0,0,2,2,2,15,27
2019/1/16,338.771,28649,27838,12.2,11,0,0,3,3,3,16,28
2019/1/17,337.237,28395,27863,10.7,12.3,0,0,4,4,4,17,29
2019/1/18,333.578,27756,27296,12.5,14.2,0,0,5,5,5,18,30
2019/1/19,323.444,26477,25282,14.4,9,0,1,6,5,6,19,31
2019/1/20,293.809,24539,24414,13.3,10.1,1,1,7,7,7,20,32
2019/1/21,324.539,27739,27557,10.3,13.5,0,0,1,1,1,21,33
2019/1/22,334.246,28140,27858,8.8,14.7,0,0,2,2,2,22,34
2019/1/23,333.761,27838,27760,11,16.2,0,0,3,3,3,23,35
2019/1/24,334.577,27863,27181,12.3,15.2,0,0,4,4,4,24,36
2019/1/25,332.047,27296,24709,14.2,9.7,0,0,5,5,5,25,37
2019/1/26,307.745,25282,23382,9,16.5,1,1,6,6,6,26,38
2019/1/27,291.033,24414,22915,10.1,18.3,1,1,7,7,7,27,39
2019/1/28,322.911,27557,20214,13.5,13.7,0,1,1,1,7,28,40
2019/1/29,331.844,27858,19992,14.7,14.4,0,1,2,2,7,29,41
2019/1/30,331.523,27760,19936,16.2,17.3,0,1,3,3,7,30,42
2019/1/31,326.577,27181,20938,15.2,18.3,0,1,4,4,7,31,43
2019/2/1,301.346,24709,21581,9.7,12.8,0,1,5,5,7,32,44
2019/2/2,278.967,23382,22436,16.5,12,1,1,6,6,6,33,45
2019/2/3,267.929,22915,23236,18.3,14,1,1,7,7,7,34,46
2019/2/4,246.263,20214,26667,13.7,12.6,1,0,1,7,1,35,47
2019/2/5,235.887,19992,27768,14.4,17.1,1,0,2,7,2,36,48
2019/2/6,237.257,19936,27699,17.3,15.1,1,0,3,7,3,37,49
2019/2/7,243.67,20938,28250,18.3,15.5,1,0,4,7,4,38,50
2019/2/8,253.768,21581,28262,12.8,17.4,1,0,5,7,5,39,51
2019/2/9,262.905,22436,25432,12,13.8,1,1,6,6,6,40,52
2019/2/10,268.156,23236,24343,14,12.3,1,1,7,7,7,41,53
2019/2/11,308.329,26667,28645,12.6,16.4,0,0,1,1,1,42,54
2019/2/12,327.839,27768,28876,17.1,18.4,0,0,2,2,2,43,55
2019/2/13,333.045,27699,29078,15.1,19.5,0,0,3,3,3,44,56
2019/2/14,335.846,28250,28912,15.5,17.8,0,0,4,4,4,45,57
2019/2/15,337.226,28262,28420,17.4,13.7,0,0,5,5,5,46,58
2019/2/16,311.235,25432,26723,13.8,9.4,1,0,6,6,5,47,59
2019/2/17,289.13,24343,24694,12.3,11.8,1,1,7,7,7,48,60
2019/2/18,330.202,28645,28084,16.4,12.9,0,0,1,1,1,49,61
2019/2/19,342.868,28876,28390,18.4,14.2,0,0,2,2,2,50,62
2019/2/20,346.477,29078,28013,19.5,16.3,0,0,3,3,5,51,63
2019/2/21,346.271,28912,25472,17.8,14.8,0,1,4,4,7,52,64
2019/2/22,340.97,28420,24689,13.7,16.2,0,1,5,5,7,53,65
2019/2/23,324.355,26723,24734,9.4,18.5,0,1,6,5,6,54,66
2019/2/24,294.814,24694,24102,11.8,15.3,1,1,7,7,7,55,67
2019/2/25,326.311,28084,27688,12.9,13.3,0,0,1,1,1,56,68
2019/2/26,336.45,28390,28241,14.2,15.1,0,0,2,2,2,57,69
2019/2/27,336.677,28013,28032,16.3,13.7,0,0,3,5,3,58,70
2019/2/28,310.838,25472,28147,14.8,8.9,1,0,4,7,4,59,71
2019/3/1,299.202,24689,27951,16.2,11.5,1,0,5,7,5,60,72
2019/3/2,296.127,24734,25870,18.5,15.1,1,1,6,6,6,61,73
2019/3/3,288.39,24102,24801,15.3,13.2,1,1,7,7,7,62,74
2019/3/4,322.631,27688,27730,13.3,12.1,0,0,1,1,1,63,75
2019/3/5,336.545,28241,27936,15.1,15.7,0,0,2,2,2,64,76
2019/3/6,337.025,28032,28145,13.7,16,0,0,3,3,3,65,77
2019/3/7,336.383,28147,28417,8.9,15.5,0,0,4,4,4,66,78
2019/3/8,335.859,27951,27757,11.5,12.1,0,0,5,5,5,67,79
2019/3/9,314.352,25870,25318,15.1,13.6,1,1,6,6,6,68,80
2019/3/10,295.376,24801,24681,13.2,15.7,1,1,7,7,7,69,81
2019/3/11,326.54,27730,28338,12.1,17.1,0,0,1,1,1,70,82
2019/3/12,334.596,27936,28882,15.7,17.2,0,0,2,2,2,71,83
2019/3/13,337.439,28145,29645,16,20.3,0,0,3,3,3,72,84
2019/3/14,338.919,28417,30343,15.5,22.3,0,0,4,4,4,73,85
2019/3/15,335.598,27757,29618,12.1,16.2,0,0,5,5,5,74,86
2019/3/16,309.487,25318,25265,13.6,10.6,1,1,6,6,6,75,87
2019/3/17,291.782,24681,24812,15.7,12.8,1,1,7,7,7,76,88
2019/3/18,331.873,28338,28535,17.1,15.4,0,0,1,1,1,77,89
2019/3/19,345.332,28882,28756,17.2,15.7,0,0,2,2,2,78,90
2019/3/20,351.897,29645,29140,20.3,18.3,0,0,3,3,3,79,91
2019/3/21,358.451,30343,30093,22.3,21.1,0,0,4,4,4,80,92
2019/3/22,352.322,29618,29673,16.2,19.5,0,0,5,5,5,81,93
2019/3/23,312.816,25265,25810,10.6,16.2,1,1,6,6,6,82,94
2019/3/24,294.599,24812,24466,12.8,13.6,1,1,7,7,7,83,95
2019/3/25,333.343,28535,27842,15.4,11.8,0,0,1,1,1,84,96
2019/3/26,342.917,28756,28359,15.7,15.3,0,0,2,2,2,85,97
2019/3/27,348.038,29140,28483,18.3,16.2,0,0,3,3,5,86,98
2019/3/28,356.775,30093,25663,21.1,19.8,0,1,4,4,7,87,99
2019/3/29,354.27,29673,24542,19.5,17.8,0,1,5,5,7,88,100
2019/3/30,317.793,25810,24966,16.2,18.6,1,1,6,6,6,89,101
2019/3/31,296.502,24466,25240,13.6,20.5,1,1,7,7,7,90,102
2019/4/1,322.237,27842,30399,11.8,21.9,0,0,1,1,1,91,103
2019/4/2,332.233,28359,31532,15.3,22.3,0,0,2,2,2,92,104
2019/4/3,334.523,28483,31709,16.2,21.1,0,0,3,5,3,93,105
2019/4/4,308.423,25663,30541,19.8,17.4,1,0,4,7,4,94,106
2019/4/5,289.731,24542,29035,17.8,14.5,1,0,5,7,5,95,107
2019/4/6,291.974,24966,26446,18.6,17.5,1,1,6,6,6,96,108
2019/4/7,292.531,25240,25537,20.5,18,1,1,7,7,7,97,109
2019/4/8,343.332,30399,28749,21.9,15.3,0,0,1,1,1,98,110
2019/4/9,361.969,31532,29017,22.3,16.3,0,0,2,2,2,99,111
2019/4/10,363.597,31709,29565,21.1,17.5,0,0,3,3,3,100,112
2019/4/11,353.842,30541,30335,17.4,20.3,0,0,4,4,4,101,113
2019/4/12,341.524,29035,30748,14.5,20.2,0,0,5,5,5,102,114
2019/4/13,318.247,26446,26910,17.5,20.7,1,1,6,6,6,103,115
2019/4/14,302.953,25537,26306,18,21.6,1,1,7,7,7,104,116
2019/4/15,331.727,28749,31955,15.3,23.2,0,0,1,1,1,105,117
2019/4/16,339.368,29017,33181,16.3,23.5,0,0,2,2,2,106,118
2019/4/17,343.38,29565,33263,17.5,23.8,0,0,3,3,3,107,119
2019/4/18,350.574,30335,33134,20.3,23.6,0,0,4,4,4,108,120
2019/4/19,351.817,30748,32664,20.2,21.7,0,0,5,5,5,109,121
2019/4/20,322.525,26910,27376,20.7,19.1,1,1,6,6,6,110,122
2019/4/21,308.722,26306,26948,21.6,21.2,1,1,7,7,7,111,123
2019/4/22,358.61,31955,32847,23.2,22.4,0,0,1,1,1,112,124
2019/4/23,375.742,33181,33099,23.5,22.8,0,0,2,2,5,113,125
2019/4/24,380.015,33263,26826,23.8,17,0,1,3,3,6,114,126
2019/4/25,380.781,33134,28690,23.6,15.7,0,0,4,4,1,115,127
2019/4/26,376.868,32664,28315,21.7,17.1,0,0,5,5,5,116,128
2019/4/27,336.58,27376,25819,19.1,18.2,1,1,6,6,6,117,129
2019/4/28,317.806,26948,25336,21.2,19.6,1,1,7,7,7,118,130
2019/4/29,367.385,32847,28615,22.4,16.7,0,0,1,1,1,119,131
2019/4/30,378.092,33099,28472,22.8,14.5,0,0,2,5,2,120,132
2019/5/1,324.099,26826,28968,17,17.7,1,0,3,6,3,121,133
2019/5/2,332.184,28690,29229,15.7,18,0,0,4,1,4,122,134
2019/5/3,329.559,28315,29571,17.1,19,0,0,5,5,5,123,135
2019/5/4,305.945,25819,26576,18.2,21.7,1,1,6,6,6,124,136
2019/5/5,293.362,25336,26484,19.6,22.7,1,1,7,7,7,125,137
2019/5/6,327.298,28615,32135,16.7,23.5,0,0,1,1,1,126,138
2019/5/7,330.933,28472,33144,14.5,22.5,0,0,2,2,2,127,139
2019/5/8,335.394,28968,32896,17.7,22.9,0,0,3,3,3,128,140
2019/5/9,339.614,29229,33307,18,23.7,0,0,4,4,4,129,141
2019/5/10,341.478,29571,32316,19,22.6,0,0,5,5,5,130,142
2019/5/11,317.072,26576,29523,21.7,23.7,1,1,6,6,6,131,143
2019/5/12,306.971,26484,28977,22.7,24.6,1,1,7,7,7,132,144
2019/5/13,358.075,32135,32213,23.5,20.2,0,0,1,1,1,133,145
2019/5/14,374.205,33144,29978,22.5,17.7,0,0,2,2,2,134,146
2019/5/15,377.077,32896,30150,22.9,18.6,0,0,3,3,3,135,147
2019/5/16,383.442,33307,30430,23.7,19.5,0,0,4,4,4,136,148
2019/5/17,377.138,32316,31548,22.6,21.9,0,0,5,5,5,137,149
2019/5/18,353.717,29523,27810,23.7,22.3,1,1,6,6,6,138,150
2019/5/19,337.522,28977,27905,24.6,22.5,1,1,7,7,7,139,151
2019/5/20,361.999,32213,32521,20.2,23,0,0,1,1,1,140,152
2019/5/21,348.55,29978,32242,17.7,20.4,0,0,2,2,2,141,153
2019/5/22,349.088,30150,30319,18.6,17.4,0,0,3,3,3,142,154
2019/5/23,350.178,30430,32116,19.5,22.1,0,0,4,4,4,143,155
2019/5/24,358.174,31548,32971,21.9,23.9,0,0,5,5,5,144,156
2019/5/25,333.172,27810,28860,22.3,23.4,1,1,6,6,6,145,157
2019/5/26,320.712,27905,28856,22.5,24.4,1,1,7,7,7,146,158
2019/5/27,367.428,32521,32958,23,23.5,0,0,1,1,1,147,159
2019/5/28,369.604,32242,32409,20.4,23.3,0,0,2,2,2,148,160
2019/5/29,352.744,30319,33916,17.4,23.9,0,0,3,3,3,149,161
2019/5/30,364.057,32116,34889,22.1,25,0,0,4,4,5,150,162
2019/5/31,374.886,32971,30068,23.9,25.3,0,1,5,5,7,151,163
2019/6/1,321.919,28860,29548,23.4,25,1,1,6,6,6,152,164
2019/6/2,309.668,28856,29408,24.4,25.4,1,1,7,7,7,153,165
2019/6/3,348.832,32958,33355,23.5,23.7,0,0,1,1,1,154,166
2019/6/4,350.46,32409,32126,23.3,21.5,0,0,2,2,2,155,167
2019/6/5,358.025,33916,31095,23.9,20.4,0,0,3,3,3,156,168
2019/6/6,367.088,34889,31680,25,21.7,0,0,4,5,4,157,169
2019/6/7,334.604,30068,30877,25.3,20.2,1,0,5,7,5,158,170
2019/6/8,323.667,29548,27686,25,20.6,1,1,6,6,6,159,171
2019/6/9,317.096,29408,27673,25.4,23.5,1,1,7,7,7,160,172
2019/6/10,350.141,33355,33703,23.7,24,0,0,1,1,1,161,173
2019/6/11,346.883,32126,34739,21.5,25.3,0,0,2,2,2,162,174
2019/6/12,338.179,31095,35601,20.4,26.2,0,0,3,3,3,163,175
2019/6/13,340.793,31680,35959,21.7,26.3,0,0,4,4,4,164,176
2019/6/14,335.714,30877,35928,20.2,26.1,0,0,5,5,5,165,177
2019/6/15,307.399,27686,30923,20.6,24.8,1,1,6,6,6,166,178
2019/6/16,299.822,27673,28305,23.5,22.3,1,1,7,7,7,167,179
2019/6/17,348.695,33703,31688,24,21.7,0,0,1,1,1,168,180
2019/6/18,368.608,34739,33290,25.3,22.7,0,0,2,2,2,169,181
2019/6/19,377.364,35601,32816,26.2,23.3,0,0,3,3,3,170,182
2019/6/20,384.09,35959,33465,26.3,23.8,0,0,4,4,4,171,183
2019/6/21,382.262,35928,34963,26.1,25.4,0,0,5,5,5,172,184
2019/6/22,349.223,30923,30553,24.8,25.9,1,1,6,6,6,173,183
2019/6/23,317.445,28305,30083,22.3,25.7,1,1,7,7,7,174,182
2019/6/24,339.907,31688,35215,21.7,25.9,0,0,1,1,1,175,181
2019/6/25,351.381,33290,35052,22.7,24.9,0,0,2,2,2,176,180
2019/6/26,350.162,32816,33953,23.3,24.4,0,0,3,3,3,177,179
2019/6/27,356.885,33465,34157,23.8,25.3,0,0,4,4,4,178,178
2019/6/28,366.75,34963,33853,25.4,25.7,0,0,5,5,5,179,177
2019/6/29,342.722,30553,30014,25.9,25.4,1,1,6,6,6,180,176
2019/6/30,327.882,30083,29965,25.7,25.7,1,1,7,7,7,181,175
2019/7/1,355.35,35215,35166,25.9,25.5,0,0,1,1,1,182,174
2019/7/2,359.015,35052,34886,24.9,25.6,0,0,2,2,2,183,173
2019/7/3,348.871,33953,35267,24.4,26.1,0,0,3,3,3,184,172
2019/7/4,352.368,34157,34564,25.3,24.7,0,0,4,4,4,185,171
2019/7/5,350.28,33853,35638,25.7,24.8,0,0,5,5,5,186,170
2019/7/6,322.884,30014,31353,25.4,25.6,1,1,6,6,6,187,169
2019/7/7,312.81,29965,30941,25.7,25.3,1,1,7,7,7,188,168
2019/7/8,354.286,35166,36261,25.5,25.2,0,0,1,1,1,189,167
2019/7/9,360.449,34886,36926,25.6,25.4,0,0,2,2,2,190,166
2019/7/10,363.084,35267,37383,26.1,25.1,0,0,3,3,3,191,165
2019/7/11,359.087,34564,35922,24.7,24.1,0,0,4,4,4,192,164
2019/7/12,360.127,35638,35484,24.8,25.5,0,0,5,5,5,193,163
2019/7/13,334.682,31353,30618,25.6,25.7,1,1,6,6,6,194,162
2019/7/14,321.452,30941,29604,25.3,24.5,1,1,7,7,7,195,161
2019/7/15,364.893,36261,34488,25.2,23.3,0,0,1,1,1,196,160
2019/7/16,376.816,36926,35004,25.4,23.3,0,0,2,2,2,197,159
2019/7/17,381.033,37383,35571,25.1,25,0,0,3,3,3,198,158
2019/7/18,373.161,35922,35955,24.1,25.6,0,0,4,4,4,199,157
2019/7/19,364.325,35484,36523,25.5,25.7,0,0,5,5,5,200,156
2019/7/20,329.563,30618,31207,25.7,25.2,1,1,6,6,6,201,155
2019/7/21,311.096,29604,29654,24.5,24.8,1,1,7,7,7,202,154
2019/7/22,345.826,34488,35554,23.3,25.2,0,0,1,1,1,203,153
2019/7/23,354.659,35004,36647,23.3,25.6,0,0,2,2,2,204,152
2019/7/24,360.731,35571,36807,25,26,0,0,3,3,3,205,151
2019/7/25,367.923,35955,36482,25.6,25.8,0,0,4,4,4,206,150
2019/7/26,369.37,36523,35775,25.7,24.7,0,0,5,5,5,207,149
2019/7/27,333.98,31207,31045,25.2,25,1,1,6,6,6,208,148
2019/7/28,312.766,29654,31333,24.8,26.4,1,1,7,7,7,209,147
2019/7/29,357.657,35554,36721,25.2,25.4,0,0,1,1,1,210,146
2019/7/30,372.518,36647,36386,25.6,24.7,0,0,2,2,2,211,145
2019/7/31,374.623,36807,36067,26,24.4,0,0,3,3,3,212,144
2019/8/1,375.41,36482,36331,25.8,24.4,0,0,4,4,4,213,143
2019/8/2,365.826,35775,30740,24.7,23.9,0,0,5,5,5,214,142
2019/8/3,335.586,31045,31478,25,27.2,1,1,6,6,6,215,141
2019/8/4,328.514,31333,31064,26.4,26.3,1,1,7,7,7,216,140
2019/8/5,371.635,36721,34479,25.4,24.8,0,0,1,1,1,217,139
2019/8/6,374.848,36386,33906,24.7,26,0,0,2,2,2,218,138
2019/8/7,374.025,36067,36100,24.4,26.2,0,0,3,3,3,219,137
2019/8/8,371.513,36331,34275,24.4,25.6,0,0,4,4,4,220,136
2019/8/9,336.511,30740,34379,23.9,25.1,0,0,5,5,5,221,135
2019/8/10,338.342,31478,30424,27.2,26.1,1,1,6,6,6,222,134
2019/8/11,328.236,31064,28616,26.3,24.2,1,1,7,7,7,223,133
2019/8/12,357.815,34479,32954,24.8,22.8,0,0,1,1,1,224,132
2019/8/13,357.298,33906,33328,26,23.8,0,0,2,2,2,225,131
2019/8/14,369.086,36100,33542,26.2,23.7,0,0,3,3,3,226,130
2019/8/15,364.341,34275,34983,25.6,24.9,0,0,4,4,4,227,129
2019/8/16,357.62,34379,35157,25.1,25,0,0,5,5,5,228,128
2019/8/17,330.097,30424,28996,26.1,23.8,1,1,6,6,6,229,127
2019/8/18,307.806,28616,28990,24.2,25,1,1,7,7,7,230,126
2019/8/19,337.203,32954,35049,22.8,24.8,0,0,1,1,1,231,125
2019/8/20,343.997,33328,35593,23.8,25.4,0,0,2,2,2,232,124
2019/8/21,347.032,33542,36507,23.7,26.3,0,0,3,3,3,233,123
2019/8/22,357.805,34983,36368,24.9,26,0,0,4,4,4,234,122
2019/8/23,362.903,35157,34613,25,24.1,0,0,5,5,5,235,121
2019/8/24,321.683,28996,30636,23.8,25.3,1,1,6,6,6,236,120
2019/8/25,305.622,28990,29629,25,25.9,1,1,7,7,7,237,119
2019/8/26,352.365,35049,35383,24.8,25.6,0,0,1,1,1,238,118
2019/8/27,363.805,35593,35469,25.4,24.8,0,1,2,2,2,239,117
2019/8/28,371.723,36507,33717,26.3,22.8,0,0,3,3,3,240,116
2019/8/29,374.813,36368,33277,26,22.3,0,0,4,4,4,241,115
2019/8/30,359.782,34613,34200,24.1,23.9,0,0,5,5,5,242,114
2019/8/31,329.676,30636,30088,25.3,24.3,1,1,6,6,6,243,113
2019/9/1,332.912,29629,29047,25.9,23.5,1,1,7,7,7,244,112
2019/9/2,374.997,35383,34357,25.6,23.6,0,0,1,1,1,245,111
2019/9/3,382.283,35469,34664,24.8,24.6,1,0,2,2,2,246,110
2019/9/4,369.469,33717,35341,22.8,25.5,0,0,3,3,3,247,109
2019/9/5,363.107,33277,35264,22.3,24.5,0,0,4,4,5,248,108
2019/9/6,365.96,34200,29375,23.9,24.3,0,1,5,5,7,249,107
2019/9/7,339.934,30088,28676,24.3,23.4,1,1,6,6,6,250,106
2019/9/8,323.579,29047,28191,23.5,22.1,1,1,7,7,7,251,105
2019/9/9,364.627,34357,33228,23.6,21.8,0,0,1,1,1,252,104
2019/9/10,375.452,34664,32961,24.6,21.7,0,0,2,2,2,253,103
2019/9/11,379.44,35341,32428,25.5,20.9,0,0,3,3,3,254,102
2019/9/12,379.549,35264,31508,24.5,20.2,0,0,4,5,4,255,101
2019/9/13,336.406,29375,30594,24.3,19.2,1,0,5,7,5,256,100
2019/9/14,324.443,28676,26460,23.4,18.4,1,1,6,6,6,257,99
2019/9/15,315.099,28191,25836,22.1,19.5,1,1,7,7,7,258,98
2019/9/16,353.608,33228,29947,21.8,19.9,0,0,1,1,1,259,97
2019/9/17,358.369,32961,30106,21.7,19.5,0,0,2,2,2,260,96
2019/9/18,353.586,32428,30709,20.9,20,0,0,3,3,3,261,95
2019/9/19,345.22,31508,31162,20.2,20.7,0,0,4,4,4,262,94
2019/9/20,335.219,30594,31255,19.2,21.3,0,0,5,5,5,263,93
2019/9/21,299.075,26460,28161,18.4,22.1,1,1,6,6,6,264,92
2019/9/22,285.911,25836,27926,19.5,22.9,1,1,7,7,7,265,91
2019/9/23,322.52,29947,28505,19.9,21.5,0,0,1,1,1,266,90
2019/9/24,331.081,30106,31917,19.5,22.7,0,0,2,2,2,267,89
2019/9/25,333.252,30709,33316,20,24.5,0,0,3,3,3,268,88
2019/9/26,339.548,31162,33699,20.7,23.4,0,0,4,4,4,269,87
2019/9/27,342.488,31255,33670,21.3,23.1,0,0,5,5,5,270,86
2019/9/28,317.598,28161,32451,22.1,23.2,1,1,6,6,6,271,85
2019/9/29,306.994,27926,28030,22.9,22.5,1,1,7,7,7,272,84
2019/9/30,317.882,28505,32889,21.5,22.9,0,0,1,1,1,273,83
2019/10/1,354.88,31917,,,,,,,,,,
2019/10/2,370.298,33316,,,,,,,,,,
2019/10/3,376.725,33699,,,,,,,,,,
2019/10/4,375.175,33670,,,,,,,,,,
2019/10/5,365.06,32451,,,,,,,,,,
2019/10/6,328.143,28030,,,,,,,,,,
2019/10/7,366.325,32889,,,,,,,,,,
2019/10/8,372.984,32938,,,,,,,,,,
2019/10/9,365.062,32345,,,,,,,,,,
2019/10/10,327.782,27817,,,,,,,,,,
2019/10/11,317.045,27177,,,,,,,,,,
2019/10/12,315.235,26962,,,,,,,,,,
2019/10/13,306.186,26364,,,,,,,,,,
2019/10/14,343.019,30884,,,,,,,,,,
2019/10/15,347.02,30530,,,,,,,,,,
2019/10/16,344.907,30329,,,,,,,,,,
2019/10/17,344.383,30179,,,,,,,,,,
2019/10/18,340.092,30172,,,,,,,,,,
2019/10/19,310.783,26430,,,,,,,,,,
2019/10/20,290.594,25233,,,,,,,,,,
2019/10/21,327.845,29219,,,,,,,,,,
2019/10/22,339.681,30037,,,,,,,,,,
2019/10/23,344.323,30286,,,,,,,,,,
2019/10/24,344.324,30343,,,,,,,,,,
2019/10/25,340.919,30131,,,,,,,,,,
2019/10/26,310.311,26498,,,,,,,,,,
2019/10/27,295.766,25725,,,,,,,,,,
2019/10/28,336.028,30207,,,,,,,,,,
2019/10/29,337.427,29624,,,,,,,,,,
2019/10/30,336.649,29714,,,,,,,,,,
2019/10/31,341.334,30080,,,,,,,,,,
2019/11/1,359.556,30331,,,,,,,,,,
2019/11/2,328.053,26705,,,,,,,,,,
2019/11/3,310.473,25745,,,,,,,,,,
2019/11/4,341.514,29192,,,,,,,,,,
2019/11/5,350.144,29247,,,,,,,,,,
2019/11/6,350.626,29422,,,,,,,,,,
2019/11/7,353.183,29601,,,,,,,,,,
2019/11/8,347.696,28900,,,,,,,,,,
2019/11/9,313.198,25900,,,,,,,,,,
2019/11/10,296.104,24716,,,,,,,,,,
2019/11/11,334.358,28620,,,,,,,,,,
2019/11/12,347.576,29305,,,,,,,,,,
2019/11/13,349.495,29360,,,,,,,,,,
2019/11/14,346.041,28953,,,,,,,,,,
2019/11/15,344.059,28764,,,,,,,,,,
2019/11/16,318.671,26075,,,,,,,,,,
2019/11/17,302.681,25366,,,,,,,,,,
2019/11/18,342.497,29306,,,,,,,,,,
2019/11/19,342.747,28743,,,,,,,,,,
2019/11/20,344.345,28935,,,,,,,,,,
2019/11/21,348.832,29520,,,,,,,,,,
2019/11/22,351.87,29500,,,,,,,,,,
2019/11/23,325.455,26796,,,,,,,,,,
2019/11/24,308.015,25584,,,,,,,,,,
2019/11/25,343.324,29340,,,,,,,,,,
2019/11/26,348.481,29285,,,,,,,,,,
2019/11/27,349.893,29312,,,,,,,,,,
2019/11/28,344.401,28610,,,,,,,,,,
2019/11/29,338.051,28472,,,,,,,,,,
2019/11/30,313.929,25855,,,,,,,,,,
2019/12/1,298.917,24836,,,,,,,,,,
2019/12/2,328.835,27936,,,,,,,,,,
2019/12/3,336.063,28157,,,,,,,,,,
2019/12/4,339.151,28474,,,,,,,,,,
2019/12/5,344.524,28706,,,,,,,,,,
2019/12/6,344.771,28563,,,,,,,,,,
2019/12/7,316.754,25824,,,,,,,,,,
2019/12/8,296.992,24750,,,,,,,,,,
2019/12/9,330.054,28207,,,,,,,,,,
2019/12/10,340.414,28456,,,,,,,,,,
2019/12/11,341.15,28397,,,,,,,,,,
2019/12/12,341.254,28422,,,,,,,,,,
2019/12/13,340.4,28370,,,,,,,,,,
2019/12/14,313.266,25676,,,,,,,,,,
2019/12/15,296.56,24717,,,,,,,,,,
2019/12/16,334.124,28851,,,,,,,,,,
2019/12/17,346.312,29234,,,,,,,,,,
2019/12/18,347.84,29085,,,,,,,,,,
2019/12/19,346.812,28952,,,,,,,,,,
2019/12/20,343.657,28581,,,,,,,,,,
2019/12/21,321.162,26352,,,,,,,,,,
2019/12/22,302.559,25115,,,,,,,,,,
2019/12/23,334.96,28787,,,,,,,,,,
2019/12/24,344.747,28996,,,,,,,,,,
2019/12/25,344.856,28965,,,,,,,,,,
2019/12/26,346.797,28955,,,,,,,,,,
2019/12/27,334.764,27867,,,,,,,,,,
2019/12/28,309.873,25349,,,,,,,,,,
2019/12/29,298.156,24989,,,,,,,,,,
2019/12/30,328.977,27991,,,,,,,,,,
2019/12/31,327.624,27364,,,,,,,,,,
