日期,尖峰負載(MW),淨尖峰供電能力(MW),備轉容量(MW),備轉容量率(%),工業用電(百萬度),民生用電(百萬度),isHoliday,isHoliday(Next7),Week
2016-01-01,23038,25366.0,2328.0,10.11,263.79900000000004,189.3,1,0,4.0
2016-01-02,23209,25179.0,1970.0,8.49,261.975,187.99099999999999,1,1,5.0
2016-01-03,23686,26219.0,2533.0,10.69,266.16700000000003,190.99900000000002,1,1,6.0
2016-01-04,27518,29528.0,2010.0,7.31,302.22700000000003,216.875,0,0,0.0
2016-01-05,27635,29735.0,2100.0,7.6,313.328,224.84099999999998,0,0,1.0
2016-01-06,27278,30424.0,3146.0,11.53,311.17400000000004,223.296,0,0,2.0
2016-01-07,27210,30137.0,2927.0,10.76,307.244,220.475,0,0,3.0
2016-01-08,26400,28713.0,2313.0,8.76,304.04900000000004,218.183,0,0,4.0
2016-01-09,24308,27127.0,2819.0,11.6,282.14099999999996,202.46099999999998,1,1,5.0
2016-01-10,23490,25374.0,1884.0,8.02,267.17,191.718,1,1,6.0
2016-01-11,27207,28904.0,1697.0,6.24,302.529,217.09099999999998,0,0,0.0
2016-01-12,26747,30325.0,3578.0,13.38,304.97,218.84400000000002,0,0,1.0
2016-01-13,26951,30162.0,3211.0,11.91,307.894,220.942,0,0,2.0
2016-01-14,26898,30778.0,3880.0,14.43,307.045,220.332,0,0,3.0
2016-01-15,26797,29930.0,3133.0,11.69,307.694,220.799,0,0,4.0
2016-01-16,23911,26768.0,2857.0,11.95,275.077,197.392,1,1,5.0
2016-01-17,23956,26311.0,2355.0,9.83,271.721,194.984,1,1,6.0
2016-01-18,26443,29689.0,3246.0,12.27,295.183,211.82,0,0,0.0
2016-01-19,26937,30024.0,3087.0,11.46,305.449,219.188,0,0,1.0
2016-01-20,27038,29909.0,2871.0,10.62,307.466,220.63400000000001,0,0,2.0
2016-01-21,27091,29817.0,2726.0,10.06,309.751,222.275,0,0,3.0
2016-01-22,26563,29264.0,2701.0,10.17,307.307,220.521,0,0,4.0
2016-01-23,24997,27046.0,2049.0,8.2,290.329,208.338,1,0,5.0
2016-01-24,25062,26657.0,1595.0,6.36,280.777,201.482,1,1,6.0
2016-01-25,27089,29291.0,2202.0,8.13,305.607,219.3,0,0,0.0
2016-01-26,26595,30053.0,3458.0,13.0,308.178,221.145,0,0,1.0
2016-01-27,26946,29205.0,2259.0,8.38,310.592,222.878,0,0,2.0
2016-01-28,27249,29573.0,2324.0,8.53,311.606,223.606,0,0,3.0
2016-01-29,26931,29120.0,2189.0,8.13,311.922,223.832,0,0,4.0
2016-01-30,25706,28835.0,3129.0,12.17,301.401,216.283,0,1,5.0
2016-01-31,23620,26618.0,2998.0,12.69,271.86,195.084,1,1,6.0
2016-02-01,26578,29096.6,2518.6,9.48,294.448,224.195,0,1,0.0
2016-02-02,26843,29472.0,2629.0,9.79,302.971,230.683,0,1,1.0
2016-02-03,26603,28694.0,2091.0,7.86,300.85,229.06900000000002,0,1,2.0
2016-02-04,25990,28605.0,2615.0,10.06,295.411,224.928,0,1,3.0
2016-02-05,23766,28011.0,4245.0,17.86,276.526,210.548,0,1,4.0
2016-02-06,21847,24927.0,3080.0,14.1,247.058,188.111,1,1,5.0
2016-02-07,19544,22646.0,3102.0,15.87,222.88299999999998,169.704,1,1,6.0
2016-02-08,19297,23038.0,3741.0,19.38,213.54,162.591,1,0,0.0
2016-02-09,19097,23090.0,3993.0,20.91,212.24200000000002,161.602,1,0,1.0
2016-02-10,19431,23468.0,4037.0,20.78,215.612,164.169,1,0,2.0
2016-02-11,20515,24938.0,4423.0,21.56,225.185,171.457,1,0,3.0
2016-02-12,22169,24293.0,2124.0,9.58,240.90200000000002,183.425,1,0,4.0
2016-02-13,22303,25913.0,3610.0,16.19,245.255,186.738,1,1,5.0
2016-02-14,22334,25784.0,3450.0,15.45,248.261,189.02700000000002,1,1,6.0
2016-02-15,25509,29293.0,3784.0,14.83,280.218,213.359,0,0,0.0
2016-02-16,26477,29625.0,3148.0,11.89,297.046,226.173,0,0,1.0
2016-02-17,26608,29802.0,3194.0,12.01,299.98,228.407,0,0,2.0
2016-02-18,26740,29382.0,2642.0,9.88,301.153,229.299,0,0,3.0
2016-02-19,26526,29331.0,2805.0,10.57,301.254,229.377,0,0,4.0
2016-02-20,24647,27436.0,2789.0,11.31,283.875,216.144,1,1,5.0
2016-02-21,23892,25982.0,2090.0,8.75,267.842,203.937,1,1,6.0
2016-02-22,26406,29214.0,2808.0,10.63,294.557,224.278,0,1,0.0
2016-02-23,26790,30415.0,3625.0,13.53,302.147,230.05700000000002,0,0,1.0
2016-02-24,26917,29788.0,2871.0,10.67,305.394,232.528,0,0,2.0
2016-02-25,26971,30016.0,3045.0,11.29,305.884,232.90200000000002,0,0,3.0
2016-02-26,26706,29308.0,2602.0,9.74,304.191,231.613,0,0,4.0
2016-02-27,24411,26766.0,2355.0,9.65,281.829,214.58700000000002,1,1,5.0
2016-02-28,22926,26199.0,3273.0,14.28,260.066,198.015,1,1,6.0
2016-02-29,23504,26535.0,3031.0,12.89,264.255,201.206,1,0,0.0
2016-03-01,26354,29879.0,3525.0,13.38,298.613,209.59900000000002,0,0,1.0
2016-03-02,26497,29483.0,2986.0,11.27,304.836,213.96599999999998,0,0,2.0
2016-03-03,26646,29141.0,2495.0,9.36,306.628,215.22400000000002,0,0,3.0
2016-03-04,26427,29527.0,3100.0,11.73,307.474,215.81799999999998,0,0,4.0
2016-03-05,24470,27115.0,2645.0,10.81,288.564,202.545,1,1,5.0
2016-03-06,23542,26437.0,2895.0,12.3,271.407,190.502,1,1,6.0
2016-03-07,27304,29456.0,2152.0,7.88,307.043,215.516,0,0,0.0
2016-03-08,27654,29731.0,2077.0,7.51,319.805,224.47400000000002,0,0,1.0
2016-03-09,26907,29705.0,2798.0,10.4,317.29400000000004,222.71099999999998,0,0,2.0
2016-03-10,26784,29050.0,2266.0,8.46,314.376,220.662,0,0,3.0
2016-03-11,26528,29253.0,2725.0,10.27,311.39099999999996,218.56799999999998,0,0,4.0
2016-03-12,24511,27098.0,2587.0,10.55,292.173,205.079,1,1,5.0
2016-03-13,24224,26497.0,2273.0,9.38,277.22700000000003,194.588,1,1,6.0
2016-03-14,26676,30174.0,3498.0,13.11,304.216,213.532,0,0,0.0
2016-03-15,27319,29675.0,2356.0,8.63,315.782,221.65,0,0,1.0
2016-03-16,27042,29735.0,2693.0,9.96,315.692,221.58599999999998,0,0,2.0
2016-03-17,27370,30129.0,2759.0,10.08,316.612,222.233,0,0,3.0
2016-03-18,27816,30829.0,3013.0,10.83,322.942,226.676,0,0,4.0
2016-03-19,25529,28375.0,2846.0,11.15,304.993,214.076,1,1,5.0
2016-03-20,24119,26595.0,2476.0,10.26,281.437,197.542,1,1,6.0
2016-03-21,27353,29844.0,2491.0,9.11,309.54400000000004,217.27200000000002,0,0,0.0
2016-03-22,27449,30737.0,3288.0,11.98,317.491,222.84900000000002,0,0,1.0
2016-03-23,27273,31055.0,3782.0,13.87,319.971,224.59,0,0,2.0
2016-03-24,27102,30530.0,3428.0,12.65,315.022,221.11700000000002,0,0,3.0
2016-03-25,26600,29823.0,3223.0,12.12,313.947,220.362,0,0,4.0
2016-03-26,24112,27824.0,3712.0,15.39,286.315,200.96599999999998,1,1,5.0
2016-03-27,23701,26307.0,2606.0,11.0,270.214,189.665,1,1,6.0
2016-03-28,26145,28776.0,2631.0,10.06,296.779,208.312,0,1,0.0
2016-03-29,26347,29180.0,2833.0,10.75,306.254,214.96200000000002,0,1,1.0
2016-03-30,26698,29531.0,2833.0,10.61,310.441,217.90099999999998,0,0,2.0
2016-03-31,26999,30019.0,3020.0,11.19,314.404,220.68200000000002,0,0,3.0
2016-04-01,26995,30409.0,3414.0,12.65,312.64599999999996,219.232,0,0,4.0
2016-04-02,24959,28265.0,3306.0,13.25,294.438,206.46400000000003,1,1,5.0
2016-04-03,24092,27502.0,3410.0,14.15,278.92,195.583,1,1,6.0
2016-04-04,23523,26814.0,3291.0,13.99,272.195,190.868,1,0,0.0
2016-04-05,24713,27357.0,2644.0,10.7,281.428,197.34099999999998,1,0,1.0
2016-04-06,28790,31021.0,2231.0,7.75,323.066,226.53799999999998,0,0,2.0
2016-04-07,29597,31831.0,2234.0,7.55,341.29,239.31799999999998,0,0,3.0
2016-04-08,28836,31675.0,2839.0,9.84,338.093,237.076,0,0,4.0
2016-04-09,25877,29428.0,3551.0,13.72,310.529,217.748,1,1,5.0
2016-04-10,24787,27856.0,3069.0,12.38,291.41900000000004,204.347,1,1,6.0
2016-04-11,27692,29636.0,1944.0,7.02,317.22900000000004,222.445,0,0,0.0
2016-04-12,28276,31131.0,2855.0,10.1,325.801,228.456,0,0,1.0
2016-04-13,28251,30868.0,2617.0,9.26,330.042,231.43,0,0,2.0
2016-04-14,28635,30660.0,2025.0,7.07,330.043,231.43200000000002,0,0,3.0
2016-04-15,28282,31123.0,2841.0,10.05,327.056,229.33700000000002,0,0,4.0
2016-04-16,26506,28856.0,2350.0,8.86,310.897,218.00599999999997,1,1,5.0
2016-04-17,25264,27848.0,2584.0,10.23,293.836,206.042,1,1,6.0
2016-04-18,27325,31229.0,3904.0,14.29,317.782,222.834,0,0,0.0
2016-04-19,27957,31208.0,3251.0,11.63,321.35900000000004,225.342,0,0,1.0
2016-04-20,28691,31172.0,2481.0,8.65,333.098,233.574,0,0,2.0
2016-04-21,30333,32189.0,1856.0,6.12,347.57199999999995,243.722,0,0,3.0
2016-04-22,29963,32388.0,2425.0,8.09,350.015,245.435,0,0,4.0
2016-04-23,27062,31029.0,3967.0,14.66,324.41200000000003,227.483,1,1,5.0
2016-04-24,25738,28680.0,2942.0,11.43,301.98400000000004,211.755,1,1,6.0
2016-04-25,29632,32007.0,2375.0,8.01,338.77099999999996,237.55200000000002,0,0,0.0
2016-04-26,30373,32852.0,2479.0,8.16,351.746,246.65,0,0,1.0
2016-04-27,30202,32579.0,2377.0,7.87,350.954,246.09400000000002,0,0,2.0
2016-04-28,28946,32054.0,3108.0,10.74,340.334,238.64700000000002,0,0,3.0
2016-04-29,27688,31448.0,3760.0,13.58,325.163,228.01,0,0,4.0
2016-04-30,25115,28712.0,3597.0,14.33,301.027,211.084,1,1,5.0
2016-05-01,24359,27660.0,3301.0,13.55,266.064,200.403,1,1,6.0
2016-05-02,26796,31026.0,4230.0,15.79,286.76599999999996,215.99599999999998,0,0,0.0
2016-05-03,30026,33073.0,3047.0,10.15,323.355,243.55599999999998,0,0,1.0
2016-05-04,30518,32394.0,1876.0,6.15,331.12199999999996,249.40599999999998,0,0,2.0
2016-05-05,31405,33359.0,1954.0,6.22,338.723,255.132,0,0,3.0
2016-05-06,31971,33272.0,1301.0,4.07,344.832,259.733,0,0,4.0
2016-05-07,28747,32063.0,3316.0,11.53,326.42,245.864,1,1,5.0
2016-05-08,27417,30688.0,3271.0,11.93,304.913,229.665,1,1,6.0
2016-05-09,32065,33361.0,1296.0,4.04,344.06,259.151,0,0,0.0
2016-05-10,31797,34504.0,2707.0,8.51,347.755,261.935,0,0,1.0
2016-05-11,29278,33192.0,3914.0,13.37,325.03,244.81799999999998,0,0,2.0
2016-05-12,30566,32452.0,1886.0,6.17,332.18800000000005,250.209,0,0,3.0
2016-05-13,31640,33186.0,1546.0,4.89,339.851,255.98,0,0,4.0
2016-05-14,28292,31811.0,3519.0,12.44,320.346,241.28900000000002,1,1,5.0
2016-05-15,27346,30170.0,2824.0,10.33,303.024,228.24200000000002,1,1,6.0
2016-05-16,29103,32594.0,3491.0,12.0,318.91700000000003,240.213,0,0,0.0
2016-05-17,28435,32923.0,4488.0,15.78,311.704,234.78,0,0,1.0
2016-05-18,29708,32781.0,3073.0,10.35,319.97700000000003,241.011,0,0,2.0
2016-05-19,30228,32817.0,2589.0,8.57,326.806,246.155,0,0,3.0
2016-05-20,30557,33532.0,2975.0,9.74,330.55199999999996,248.976,0,0,4.0
2016-05-21,27163,30277.0,3114.0,11.47,306.874,231.142,1,1,5.0
2016-05-22,26378,28817.0,2439.0,9.25,288.72700000000003,217.47299999999998,1,1,6.0
2016-05-23,30776,32475.0,1699.0,5.52,328.608,247.512,0,0,0.0
2016-05-24,31057,33377.0,2320.0,7.47,338.421,254.90400000000002,0,0,1.0
2016-05-25,31459,33461.0,2002.0,6.37,340.92199999999997,256.78700000000003,0,0,2.0
2016-05-26,32223,34265.0,2042.0,6.34,348.879,262.78,0,0,3.0
2016-05-27,33124,34399.0,1275.0,3.85,357.19199999999995,269.043,0,0,4.0
2016-05-28,29766,31576.0,1810.0,6.08,338.069,254.638,1,0,5.0
2016-05-29,29555,30864.0,1309.0,4.43,324.30400000000003,244.271,1,1,6.0
2016-05-30,34081,35001.0,920.0,2.7,365.125,275.018,0,0,0.0
2016-05-31,34425,34989.0,564.0,1.64,375.43800000000005,282.785,0,0,1.0
2016-06-01,34124,35082.0,958.0,2.81,355.215,300.466,0,0,2.0
2016-06-02,32431,35094.0,2663.0,8.21,347.41,293.865,0,1,3.0
2016-06-03,33946,35874.0,1928.0,5.68,351.215,297.08299999999997,0,1,4.0
2016-06-04,34123,35596.0,1473.0,4.32,349.332,295.49,0,1,5.0
2016-06-05,28874,31574.0,2700.0,9.35,308.796,261.20099999999996,1,1,6.0
2016-06-06,31993,34682.0,2689.0,8.4,328.01800000000003,277.462,0,0,0.0
2016-06-07,32998,35130.0,2132.0,6.46,336.767,284.861,0,0,1.0
2016-06-08,33077,35115.0,2038.0,6.16,335.642,283.91,0,0,2.0
2016-06-09,27797,29973.0,2176.0,7.83,301.871,255.345,1,0,3.0
2016-06-10,27072,29718.0,2646.0,9.77,288.77099999999996,244.264,1,0,4.0
2016-06-11,26232,29496.0,3264.0,12.44,279.589,236.497,1,1,5.0
2016-06-12,26353,29721.0,3368.0,12.78,275.22,232.8,1,1,6.0
2016-06-13,30642,34374.0,3732.0,12.18,310.887,262.97,0,0,0.0
2016-06-14,31018,33997.0,2979.0,9.6,320.107,270.769,0,0,1.0
2016-06-15,33095,35588.0,2493.0,7.53,332.86699999999996,281.562,0,0,2.0
2016-06-16,33896,35781.0,1885.0,5.56,345.413,292.175,0,0,3.0
2016-06-17,34077,35612.0,1535.0,4.5,346.337,292.957,0,0,4.0
2016-06-18,30766,33626.0,2860.0,9.29,322.22700000000003,272.562,1,1,5.0
2016-06-19,29277,32053.0,2776.0,9.48,305.467,258.38599999999997,1,1,6.0
2016-06-20,34247,35690.0,1443.0,4.21,341.255,288.658,0,0,0.0
2016-06-21,34399,36067.0,1668.0,4.85,348.471,294.76099999999997,0,0,1.0
2016-06-22,35168,36432.0,1264.0,3.59,356.334,301.413,0,0,2.0
2016-06-23,35209,36275.0,1066.0,3.03,359.43699999999995,304.03700000000003,0,0,3.0
2016-06-24,35075,36314.0,1239.0,3.53,354.694,300.025,0,0,4.0
2016-06-25,31647,34068.0,2421.0,7.65,331.967,280.801,1,1,5.0
2016-06-26,29970,32151.0,2181.0,7.28,315.82,267.143,1,1,6.0
2016-06-27,35049,36248.0,1199.0,3.42,351.72900000000004,297.518,0,0,0.0
2016-06-28,35041,36440.0,1399.0,3.99,356.032,301.158,0,0,1.0
2016-06-29,34994,36559.0,1565.0,4.47,354.8,300.116,0,0,2.0
2016-06-30,34391,36255.0,1864.0,5.42,349.66900000000004,295.775,0,0,3.0
2016-07-01,34802,36962.0,2160.0,6.21,347.142,310.345,0,0,4.0
2016-07-02,31298,34415.0,3117.0,9.96,320.651,286.66200000000003,1,1,5.0
2016-07-03,28463,31785.0,3322.0,11.67,301.726,269.743,1,1,6.0
2016-07-04,34544,36193.0,1649.0,4.77,339.579,303.584,0,0,0.0
2016-07-05,35044,36886.0,1842.0,5.26,352.36199999999997,315.012,0,0,1.0
2016-07-06,35560,36653.0,1093.0,3.07,356.913,319.08099999999996,0,0,2.0
2016-07-07,34436,35717.0,1281.0,3.72,346.939,310.163,0,0,3.0
2016-07-08,27522,30859.0,3337.0,12.13,279.182,249.588,0,0,4.0
2016-07-09,28462,32781.0,4319.0,15.17,296.858,265.392,1,1,5.0
2016-07-10,27433,31004.0,3571.0,13.02,287.639,257.149,1,1,6.0
2016-07-11,32223,35848.0,3625.0,11.25,321.534,287.45099999999996,0,0,0.0
2016-07-12,33305,35793.0,2488.0,7.47,332.38699999999994,297.155,0,0,1.0
2016-07-13,33967,36211.0,2244.0,6.61,339.985,303.94599999999997,0,0,2.0
2016-07-14,34855,36787.0,1932.0,5.54,348.61300000000006,311.66,0,0,3.0
2016-07-15,35037,36996.0,1959.0,5.59,350.81800000000004,313.631,0,0,4.0
2016-07-16,31815,33537.0,1722.0,5.41,331.79,296.62,1,1,5.0
2016-07-17,29796,32295.0,2499.0,8.39,314.573,281.22900000000004,1,1,6.0
2016-07-18,34270,36347.0,2077.0,6.06,338.699,302.797,0,0,0.0
2016-07-19,34329,36525.0,2196.0,6.4,341.69599999999997,305.47700000000003,0,0,1.0
2016-07-20,34718,37024.0,2306.0,6.64,345.11800000000005,308.535,0,0,2.0
2016-07-21,35041,37262.0,2221.0,6.34,351.55400000000003,314.289,0,0,3.0
2016-07-22,35006,36899.0,1893.0,5.41,352.575,315.203,0,0,4.0
2016-07-23,31673,34321.0,2648.0,8.36,328.181,293.394,1,1,5.0
2016-07-24,29923,32119.0,2196.0,7.34,312.392,279.278,1,1,6.0
2016-07-25,34954,36279.0,1325.0,3.79,348.04,311.149,0,0,0.0
2016-07-26,35326,37267.0,1941.0,5.49,356.899,319.068,0,0,1.0
2016-07-27,35821,37364.0,1543.0,4.31,360.096,321.927,0,0,2.0
2016-07-28,36199,37422.0,1223.0,3.38,364.545,325.903,0,0,3.0
2016-07-29,35987,37012.0,1025.0,2.85,359.42800000000005,321.328,0,0,4.0
2016-07-30,32110,34085.0,1975.0,6.15,330.595,295.553,1,1,5.0
2016-07-31,30442,32163.0,1721.0,5.65,314.899,281.52,1,1,6.0
2016-08-01,34489,36461.0,1972.0,5.72,350.046,325.663,0,0,0.0
2016-08-02,34924,36600.0,1676.0,4.8,354.416,329.728,0,0,1.0
2016-08-03,35044,37012.0,1968.0,5.62,354.63300000000004,329.931,0,0,2.0
2016-08-04,35557,37227.0,1670.0,4.7,359.671,334.61699999999996,0,0,3.0
2016-08-05,35362,36932.0,1570.0,4.44,359.712,334.656,0,0,4.0
2016-08-06,31576,34712.0,3136.0,9.93,333.14099999999996,309.936,1,1,5.0
2016-08-07,29565,32385.0,2820.0,9.54,312.828,291.038,1,1,6.0
2016-08-08,35231,36745.0,1514.0,4.3,350.599,326.177,0,0,0.0
2016-08-09,35442,37279.0,1837.0,5.18,359.236,334.214,0,0,1.0
2016-08-10,35633,37214.0,1581.0,4.44,359.371,334.338,0,0,2.0
2016-08-11,33314,36265.0,2951.0,8.86,348.17199999999997,323.92,0,0,3.0
2016-08-12,33105,35804.0,2699.0,8.15,341.85400000000004,318.04200000000003,0,0,4.0
2016-08-13,28623,33433.0,4810.0,16.81,308.89799999999997,287.381,1,1,5.0
2016-08-14,28566,31907.0,3341.0,11.7,299.113,278.279,1,1,6.0
2016-08-15,33890,36214.0,2324.0,6.86,340.12,316.428,0,0,0.0
2016-08-16,33991,36891.0,2900.0,8.53,345.14300000000003,321.101,0,0,1.0
2016-08-17,33320,36601.0,3281.0,9.85,339.06699999999995,315.449,0,0,2.0
2016-08-18,33817,36502.0,2685.0,7.94,343.251,319.341,0,0,3.0
2016-08-19,34356,36828.0,2472.0,7.19,341.773,317.966,0,0,4.0
2016-08-20,30375,32964.0,2589.0,8.52,318.509,296.324,1,1,5.0
2016-08-21,29016,31847.0,2831.0,9.76,305.468,284.191,1,1,6.0
2016-08-22,34922,36909.0,1987.0,5.69,345.978,321.878,0,0,0.0
2016-08-23,34983,37291.0,2308.0,6.6,356.374,331.55,0,0,1.0
2016-08-24,35243,36643.0,1400.0,3.97,358.713,333.726,0,0,2.0
2016-08-25,35218,36678.0,1460.0,4.15,358.874,333.876,0,0,3.0
2016-08-26,34942,36979.0,2037.0,5.83,357.666,332.75300000000004,0,0,4.0
2016-08-27,30595,33548.0,2953.0,9.65,327.236,304.443,1,1,5.0
2016-08-28,27632,30677.0,3045.0,11.02,297.263,276.557,1,1,6.0
2016-08-29,32134,35177.0,3043.0,9.47,320.66200000000003,298.32599999999996,0,0,0.0
2016-08-30,31495,35487.0,3992.0,12.68,322.777,300.293,0,0,1.0
2016-08-31,32613,35598.0,2985.0,9.15,327.471,304.66,0,0,2.0
2016-09-01,33040,35066.0,2026.0,6.13,353.218,360.98699999999997,0,0,3.0
2016-09-02,32279,34380.0,2100.5,6.51,350.912,358.631,0,0,4.0
2016-09-03,28417,32246.0,3829.0,13.47,321.863,328.944,1,0,5.0
2016-09-04,28135,30731.0,2596.0,9.23,310.298,317.123,1,1,6.0
2016-09-05,33367,35312.0,1945.0,5.83,350.88699999999994,358.606,0,0,0.0
2016-09-06,32058,35253.0,3195.0,9.97,349.551,357.241,0,0,1.0
2016-09-07,32215,35266.0,3051.0,9.47,346.16,353.774,0,0,2.0
2016-09-08,31860,34531.0,2671.0,8.38,345.952,353.56300000000005,0,1,3.0
2016-09-09,32081,34655.0,2574.0,8.02,346.51199999999994,354.134,0,1,4.0
2016-09-10,31423,34497.0,3074.0,9.78,336.534,343.936,0,1,5.0
2016-09-11,28329,30057.0,1728.0,6.1,312.231,319.099,1,1,6.0
2016-09-12,32551,35194.0,2643.0,8.12,346.466,354.088,0,0,0.0
2016-09-13,32949,35574.0,2625.0,7.97,351.967,359.709,0,0,1.0
2016-09-14,29701,32754.0,3053.0,10.28,322.36,329.452,0,0,2.0
2016-09-15,25557,29391.0,3834.0,15.0,284.49,290.749,1,0,3.0
2016-09-16,26401,30545.0,4144.0,15.7,290.889,297.288,1,0,4.0
2016-09-17,25736,29396.0,3660.0,14.22,288.973,295.329,1,1,5.0
2016-09-18,26088,29028.0,2940.0,11.27,284.913,291.181,1,1,6.0
2016-09-19,30275,34745.0,4470.0,14.76,321.832,328.912,0,0,0.0
2016-09-20,30275,34214.0,3939.0,13.01,326.884,334.075,0,0,1.0
2016-09-21,31222,33972.0,2750.0,8.81,333.626,340.964,0,0,2.0
2016-09-22,31596,34523.0,2927.0,9.26,339.083,346.543,0,0,3.0
2016-09-23,31556,34535.0,2979.0,9.44,337.914,345.348,0,0,4.0
2016-09-24,27767,31005.0,3238.0,11.66,311.436,318.286,1,1,5.0
2016-09-25,26759,30213.0,3454.0,12.91,295.952,302.462,1,1,6.0
2016-09-26,31841,35002.0,3161.0,9.93,335.86199999999997,343.25,0,0,0.0
2016-09-27,25840,33393.0,7553.0,29.23,271.176,277.14099999999996,0,0,1.0
2016-09-28,25846,28656.0,2810.0,10.87,267.225,273.103,0,0,2.0
2016-09-29,31207,33470.0,2263.0,7.25,328.149,335.36699999999996,0,0,3.0
2016-09-30,31549,34170.0,2621.0,8.31,335.885,343.273,0,0,4.0
2016-10-01,28505,31019.0,2514.0,8.82,318.718,277.879,1,1,5.0
2016-10-02,27189,29994.0,2805.0,10.32,302.353,263.611,1,1,6.0
2016-10-03,32021,33981.0,1960.0,6.12,342.23199999999997,298.381,0,1,0.0
2016-10-04,32470,34487.0,2017.0,6.21,349.61400000000003,304.816,0,0,1.0
2016-10-05,32816,34543.0,1727.0,5.26,353.5,308.205,0,0,2.0
2016-10-06,32459,34678.0,2219.0,6.84,352.719,307.524,0,0,3.0
2016-10-07,31565,34405.0,2840.0,9.0,345.02,300.811,0,0,4.0
2016-10-08,27782,29524.0,1742.0,6.27,315.64,275.195,1,1,5.0
2016-10-09,25056,29274.0,4218.0,16.84,282.742,246.512,1,1,6.0
2016-10-10,26116,30104.0,3988.0,15.27,284.751,248.264,1,0,0.0
2016-10-11,30384,33890.0,3506.0,11.54,324.698,283.093,0,0,1.0
2016-10-12,30332,33453.0,3121.0,10.29,330.186,287.877,0,0,2.0
2016-10-13,30195,32886.0,2691.0,8.91,330.147,287.843,0,0,3.0
2016-10-14,30254,32455.0,2201.0,7.28,330.80800000000005,288.42,0,0,4.0
2016-10-15,28037,29486.0,1449.0,5.17,315.332,274.927,1,1,5.0
2016-10-16,27130,28578.0,1448.0,5.34,301.47700000000003,262.847,1,1,6.0
2016-10-17,32227,33129.0,902.0,2.8,343.226,299.247,0,0,0.0
2016-10-18,32656,33598.0,942.0,2.88,352.38,307.22700000000003,0,0,1.0
2016-10-19,32417,33250.0,833.0,2.57,354.44699999999995,309.03,0,0,2.0
2016-10-20,32495,33561.0,1066.0,3.28,357.542,311.728,0,0,3.0
2016-10-21,33000,33905.0,905.0,2.74,359.584,313.508,0,0,4.0
2016-10-22,29606,31631.0,2025.0,6.84,336.17699999999996,293.101,1,1,5.0
2016-10-23,27320,29228.0,1908.0,6.98,313.01599999999996,272.908,1,1,6.0
2016-10-24,31994,32834.0,840.0,2.62,341.315,297.58099999999996,0,0,0.0
2016-10-25,31354,32950.0,1596.0,5.09,343.99199999999996,299.914,0,0,1.0
2016-10-26,33046,33973.0,927.0,2.81,356.401,310.73400000000004,0,0,2.0
2016-10-27,32800,33863.0,1063.0,3.24,356.499,310.819,0,0,3.0
2016-10-28,32560,33707.0,1147.0,3.53,353.505,308.20799999999997,0,0,4.0
2016-10-29,27153,30696.0,3543.0,13.05,311.741,271.796,1,1,5.0
2016-10-30,24904,27545.0,2641.0,10.6,280.121,244.227,1,1,6.0
2016-10-31,27360,31298.0,3938.0,14.39,300.736,262.20099999999996,0,0,0.0
2016-11-01,28872,31686.0,2814.0,9.75,337.787,286.194,0,0,1.0
2016-11-02,28241,31402.0,3161.0,11.19,334.0,282.98400000000004,0,0,2.0
2016-11-03,28462,30461.0,1999.0,7.02,333.18300000000005,282.293,0,0,3.0
2016-11-04,28565,30592.0,2027.0,7.1,337.18699999999995,285.684,0,0,4.0
2016-11-05,25765,29280.0,3515.0,13.64,312.786,265.01099999999997,1,1,5.0
2016-11-06,25045,26897.0,1852.0,7.39,296.781,251.451,1,1,6.0
2016-11-07,29442,30686.0,1244.0,4.22,339.194,287.385,0,0,0.0
2016-11-08,29642,31491.0,1849.0,6.24,345.26,292.524,0,0,1.0
2016-11-09,28179,30296.0,2117.0,7.52,333.599,282.644,0,0,2.0
2016-11-10,28418,29939.0,1521.0,5.35,334.744,283.615,0,0,3.0
2016-11-11,27906,29269.0,1363.0,4.88,327.518,277.493,0,0,4.0
2016-11-12,25909,27474.0,1565.0,6.04,311.796,264.172,1,1,5.0
2016-11-13,25064,27017.0,1953.0,7.79,297.964,252.453,1,1,6.0
2016-11-14,29281,30489.0,1208.0,4.13,336.75300000000004,285.317,0,0,0.0
2016-11-15,29724,31869.0,2145.0,7.22,346.981,293.983,0,0,1.0
2016-11-16,29468,31209.0,1741.0,5.91,346.14300000000003,293.27299999999997,0,0,2.0
2016-11-17,29703,31235.0,1532.0,5.16,347.904,294.764,0,0,3.0
2016-11-18,29353,31499.0,2146.0,7.31,346.14300000000003,293.27299999999997,0,0,4.0
2016-11-19,26898,28993.0,2095.0,7.79,324.175,274.66,1,1,5.0
2016-11-20,25331,27307.0,1976.0,7.8,301.92400000000004,255.808,1,1,6.0
2016-11-21,29260,30684.0,1424.0,4.87,335.42400000000004,284.191,0,0,0.0
2016-11-22,29328,30440.0,1112.0,3.79,343.134,290.724,0,0,1.0
2016-11-23,28322,30252.0,1930.0,6.82,335.04400000000004,283.87,0,0,2.0
2016-11-24,27938,29945.0,2007.0,7.18,328.545,278.362,0,0,3.0
2016-11-25,28375,30081.0,1706.0,6.01,331.241,280.647,0,0,4.0
2016-11-26,25582,27198.0,1616.0,6.32,308.751,261.592,1,1,5.0
2016-11-27,23901,26411.0,2510.0,10.5,283.558,240.248,1,1,6.0
2016-11-28,27360,28631.0,1271.0,4.65,312.342,264.634,0,0,0.0
2016-11-29,27943,29785.0,1842.0,6.59,325.226,275.55,0,0,1.0
2016-11-30,28213,29805.0,1592.0,5.64,328.921,278.682,0,0,2.0
2016-12-01,27824,29808.0,1984.0,7.13,332.95099999999996,237.43900000000002,0,0,3.0
2016-12-02,27605,29752.0,2147.0,7.78,329.467,234.956,0,0,4.0
2016-12-03,25515,27440.0,1925.0,7.54,310.973,221.766,1,1,5.0
2016-12-04,24499,26559.0,2060.0,8.41,295.566,210.77900000000002,1,1,6.0
2016-12-05,28380,30163.0,1783.0,6.28,331.6,236.477,0,0,0.0
2016-12-06,27794,29935.0,2141.0,7.7,332.27099999999996,236.955,0,0,1.0
2016-12-07,28171,29093.0,922.0,3.27,334.161,238.303,0,0,2.0
2016-12-08,28084,29430.0,1346.0,4.79,334.344,238.43400000000003,0,0,3.0
2016-12-09,27724,28976.0,1252.0,4.52,332.06199999999995,236.80599999999998,0,0,4.0
2016-12-10,25247,27512.0,2265.0,8.97,308.85400000000004,220.255,1,1,5.0
2016-12-11,23981,25606.0,1625.0,6.78,289.309,206.317,1,1,6.0
2016-12-12,27900,29483.0,1583.0,5.68,325.517,232.138,0,0,0.0
2016-12-13,28007,29959.0,1952.0,6.97,335.04400000000004,238.93200000000002,0,0,1.0
2016-12-14,27559,29513.0,1954.0,7.09,330.42699999999996,235.64,0,0,2.0
2016-12-15,27360,29055.0,1695.0,6.2,326.54,232.868,0,0,3.0
2016-12-16,27210,29128.0,1918.0,7.05,323.305,230.56099999999998,0,0,4.0
2016-12-17,24962,26790.0,1828.0,7.32,304.634,217.24599999999998,1,1,5.0
2016-12-18,23833,25672.0,1839.0,7.72,286.801,204.528,1,1,6.0
2016-12-19,27951,29243.0,1292.0,4.63,324.35,231.30599999999998,0,0,0.0
2016-12-20,28840,29924.0,1084.0,3.76,341.12,243.266,0,0,1.0
2016-12-21,29092,30538.0,1446.0,4.97,345.42199999999997,246.334,0,0,2.0
2016-12-22,28358,30571.0,2213.0,7.8,340.657,242.93599999999998,0,0,3.0
2016-12-23,27363,29336.0,1973.0,7.21,330.02,235.34900000000002,0,0,4.0
2016-12-24,24821,26192.0,1371.0,5.52,303.733,216.604,1,1,5.0
2016-12-25,23973,25637.0,1664.0,6.94,288.593,205.80599999999998,1,1,6.0
2016-12-26,27045,28868.0,1823.0,6.74,316.791,225.916,0,1,0.0
2016-12-27,27504,29303.0,1799.0,6.54,324.877,231.68200000000002,0,0,1.0
2016-12-28,27376,29087.0,1711.0,6.25,324.686,231.546,0,0,2.0
2016-12-29,26945,29163.0,2218.0,8.23,320.135,228.301,0,0,3.0
2016-12-30,26374,28335.0,1961.0,7.44,315.613,225.075,0,0,4.0
2016-12-31,23897,25887.0,1990.0,8.33,290.524,207.183,1,1,5.0
2017-01-01,22886,24957.0,2071.0,9.05,268.503,196.229,1,1,6.0
2017-01-02,24483,26035.0,1552.0,6.34,280.534,205.02200000000002,1,0,0.0
2017-01-03,28131,29152.0,1021.0,3.63,320.449,234.19299999999998,0,0,1.0
2017-01-04,28485,29757.0,1272.0,4.47,329.62300000000005,240.898,0,0,2.0
2017-01-05,28336,30065.0,1729.0,6.1,330.13699999999994,241.273,0,0,3.0
2017-01-06,28002,29154.0,1152.0,4.12,330.589,241.60299999999998,0,0,4.0
2017-01-07,25600,27814.0,2214.0,8.65,306.51599999999996,224.01,1,1,5.0
2017-01-08,24133,25977.0,1844.0,7.64,283.998,207.554,1,1,6.0
2017-01-09,27670,29377.0,1707.0,6.17,315.17,230.335,0,0,0.0
2017-01-10,27787,29039.0,1252.0,4.51,322.524,235.71,0,0,1.0
2017-01-11,27992,29590.0,1598.0,5.71,325.791,238.09799999999998,0,0,2.0
2017-01-12,28186,29488.0,1302.0,4.62,329.116,240.52700000000002,0,0,3.0
2017-01-13,27161,29140.0,1979.0,7.29,325.652,237.99599999999998,0,0,4.0
2017-01-14,24726,26637.0,1911.0,7.73,297.082,217.11599999999999,1,1,5.0
2017-01-15,24156,25518.0,1362.0,5.64,281.04200000000003,205.394,1,1,6.0
2017-01-16,27370,28878.0,1508.0,5.51,314.013,229.489,0,0,0.0
2017-01-17,27768,29076.0,1308.0,4.71,325.097,237.59,0,0,1.0
2017-01-18,27768,29608.0,1840.0,6.63,327.192,239.12099999999998,0,0,2.0
2017-01-19,27768,30109.0,2341.0,8.43,327.98199999999997,239.69799999999998,0,0,3.0
2017-01-20,26889,29081.0,2192.0,8.15,322.404,235.62099999999998,0,1,4.0
2017-01-21,24905,26836.0,1931.0,7.75,299.903,219.178,1,1,5.0
2017-01-22,24230,25721.0,1491.0,6.15,282.438,206.41299999999998,1,1,6.0
2017-01-23,26943,28830.0,1887.0,7.0,313.07599999999996,228.804,0,1,0.0
2017-01-24,26779,28354.0,1575.0,5.88,320.29200000000003,234.078,0,1,1.0
2017-01-25,25905,28220.0,2315.0,8.94,310.395,226.84599999999998,0,1,2.0
2017-01-26,23012,25419.0,2407.0,10.46,283.805,207.412,0,0,3.0
2017-01-27,20214,22511.0,2297.0,11.36,243.423,177.9,1,0,4.0
2017-01-28,19672,22565.0,2893.0,14.71,230.95,168.78400000000002,1,1,5.0
2017-01-29,19906,22378.0,2472.0,12.42,233.093,170.35,1,1,6.0
2017-01-30,20118,22735.0,2617.0,13.01,237.237,173.37900000000002,1,0,0.0
2017-01-31,21188,23924.0,2736.0,12.91,244.93900000000002,179.00900000000001,1,0,1.0
2017-02-01,22191,25162.0,2971.0,13.39,258.806,189.535,1,0,2.0
2017-02-02,24722,27057.0,2335.0,9.45,289.089,211.71400000000003,0,0,3.0
2017-02-03,25592,27221.0,1629.0,6.37,304.543,223.03099999999998,0,0,4.0
2017-02-04,24355,26421.0,2066.0,8.49,293.56,214.988,1,1,5.0
2017-02-05,23414,26319.0,2905.0,12.41,278.986,204.31400000000002,1,1,6.0
2017-02-06,26414,29010.0,2596.0,9.83,310.075,227.082,0,0,0.0
2017-02-07,26899,28631.0,1732.0,6.44,320.057,234.392,0,0,1.0
2017-02-08,27120,28810.0,1690.0,6.23,324.007,237.285,0,0,2.0
2017-02-09,27088,28857.0,1769.0,6.53,323.31,236.775,0,0,3.0
2017-02-10,27086,29366.0,2280.0,8.42,324.35,237.53599999999997,0,0,4.0
2017-02-11,24557,27091.0,2534.0,10.32,301.272,220.636,1,0,5.0
2017-02-12,23991,26825.0,2834.0,11.81,285.43,209.03400000000002,1,1,6.0
2017-02-13,26862,28707.0,1845.0,6.87,316.656,231.90099999999998,0,0,0.0
2017-02-14,27193,29167.0,1974.0,7.26,325.03700000000003,238.04,0,0,1.0
2017-02-15,27232,29037.0,1805.0,6.63,324.778,237.85,0,0,2.0
2017-02-16,27174,29690.0,2516.0,9.26,324.481,237.63299999999998,0,0,3.0
2017-02-17,27241,29818.0,2577.0,9.46,327.078,239.53400000000002,0,0,4.0
2017-02-18,26165,28383.0,2218.0,8.48,319.23,233.787,0,1,5.0
2017-02-19,23850,25728.0,1878.0,7.88,286.855,210.078,1,1,6.0
2017-02-20,27718,29813.0,2095.0,7.56,322.494,236.17700000000002,0,1,0.0
2017-02-21,27762,29723.0,1961.0,7.06,331.285,242.61599999999999,0,1,1.0
2017-02-22,28295,30014.0,1719.0,6.07,336.296,246.285,0,0,2.0
2017-02-23,27527,29932.0,2405.0,8.74,333.496,244.235,0,0,3.0
2017-02-24,27141,29464.0,2323.0,8.56,328.736,240.748,0,0,4.0
2017-02-25,24638,26781.0,2143.0,8.7,303.27,222.09799999999998,1,1,5.0
2017-02-26,23343,25640.0,2297.0,9.84,282.442,206.845,1,1,6.0
2017-02-27,24078,25826.0,1748.0,7.26,286.652,209.929,1,0,0.0
2017-02-28,25022,26593.0,1571.0,6.28,297.16900000000004,217.63099999999997,1,0,1.0
2017-03-01,27261,29168.0,1907.0,7.0,319.972,214.205,0,0,2.0
2017-03-02,27074,29327.0,2253.0,8.32,322.782,216.08599999999998,0,0,3.0
2017-03-03,26914,28926.0,2012.0,7.47,323.603,216.635,0,0,4.0
2017-03-04,24746,26511.0,1765.0,7.13,301.165,201.614,1,1,5.0
2017-03-05,23990,26027.0,2037.0,8.49,284.462,190.43200000000002,1,1,6.0
2017-03-06,27068,29410.0,2342.0,8.65,317.131,212.303,0,0,0.0
2017-03-07,27568,29630.0,2062.0,7.48,326.219,218.386,0,0,1.0
2017-03-08,27767,29971.0,2204.0,7.94,328.478,219.899,0,0,2.0
2017-03-09,27844,29663.0,1819.0,6.53,329.645,220.679,0,0,3.0
2017-03-10,27892,29640.0,1748.0,6.27,332.95599999999996,222.896,0,0,4.0
2017-03-11,25149,26940.0,1791.0,7.12,307.066,205.565,1,1,5.0
2017-03-12,24368,26224.0,1856.0,7.62,289.286,193.66099999999997,1,1,6.0
2017-03-13,27892,29929.0,2037.0,7.3,326.71299999999997,218.717,0,0,0.0
2017-03-14,27769,29854.0,2085.0,7.51,329.61199999999997,220.658,0,0,1.0
2017-03-15,27774,29645.0,1871.0,6.73,329.80400000000003,220.78599999999997,0,0,2.0
2017-03-16,28098,29971.0,1873.0,6.67,332.764,222.768,0,0,3.0
2017-03-17,27896,29612.0,1716.0,6.15,332.276,222.44099999999997,0,0,4.0
2017-03-18,25239,27428.0,2189.0,8.68,308.612,206.6,1,1,5.0
2017-03-19,24394,26543.0,2149.0,8.81,289.91200000000003,194.08,1,1,6.0
2017-03-20,28453,30339.0,1886.0,6.63,328.55400000000003,219.949,0,0,0.0
2017-03-21,28197,30707.0,2510.0,8.9,336.78,225.457,0,0,1.0
2017-03-22,28095,30379.0,2284.0,8.13,334.616,224.00799999999998,0,0,2.0
2017-03-23,28035,30369.0,2334.0,8.32,334.601,223.998,0,0,3.0
2017-03-24,27872,30280.0,2408.0,8.64,334.25699999999995,223.768,0,0,4.0
2017-03-25,24624,26886.0,2262.0,9.18,304.199,203.645,1,1,5.0
2017-03-26,23892,25817.0,1925.0,8.06,282.75,189.28599999999997,1,1,6.0
2017-03-27,27222,29653.0,2431.0,8.93,316.217,211.69,0,1,0.0
2017-03-28,27766,29900.0,2134.0,7.69,328.486,219.90400000000002,0,1,1.0
2017-03-29,28022,30095.0,2073.0,7.4,332.055,222.293,0,0,2.0
2017-03-30,27974,30320.0,2346.0,8.39,333.61699999999996,223.33900000000003,0,0,3.0
2017-03-31,28040,30458.0,2418.0,8.62,332.343,222.486,0,0,4.0
2017-04-01,24245,26766.0,2521.0,10.4,293.726,203.895,1,1,5.0
2017-04-02,22905,25227.0,2322.0,10.14,272.587,189.22,1,1,6.0
2017-04-03,22797,24997.0,2200.0,9.65,271.462,188.44,1,0,0.0
2017-04-04,23637,25389.0,1752.0,7.41,274.183,190.328,1,0,1.0
2017-04-05,27722,29559.0,1837.0,6.63,318.184,220.873,0,0,2.0
2017-04-06,28161,30310.0,2149.0,7.63,332.957,231.127,0,0,3.0
2017-04-07,28739,30425.0,1686.0,5.87,339.621,235.75400000000002,0,0,4.0
2017-04-08,26288,28526.0,2238.0,8.51,318.992,221.43400000000003,1,1,5.0
2017-04-09,25592,27252.0,1660.0,6.49,302.878,210.247,1,1,6.0
2017-04-10,30236,31313.0,1077.0,3.56,347.81,241.437,0,0,0.0
2017-04-11,29416,31504.0,2088.0,7.1,349.89599999999996,242.885,0,0,1.0
2017-04-12,28004,30668.0,2664.0,9.51,334.727,232.356,0,0,2.0
2017-04-13,28171,30214.0,2043.0,7.25,331.139,229.86599999999999,0,0,3.0
2017-04-14,28259,30381.0,2122.0,7.51,334.176,231.97299999999998,0,0,4.0
2017-04-15,26171,28108.0,1937.0,7.4,315.019,218.676,1,1,5.0
2017-04-16,25504,27411.0,1907.0,7.48,302.969,210.31099999999998,1,1,6.0
2017-04-17,30290,31815.0,1525.0,5.03,349.12800000000004,242.35299999999998,0,0,0.0
2017-04-18,30723,32269.0,1546.0,5.03,361.796,251.14700000000002,0,0,1.0
2017-04-19,31072,32052.0,980.0,3.16,365.389,253.641,0,0,2.0
2017-04-20,30725,32325.0,1600.0,5.21,363.07099999999997,252.032,0,0,3.0
2017-04-21,30988,32395.0,1407.0,4.54,361.735,251.104,0,0,4.0
2017-04-22,24699,27440.0,2741.0,11.1,308.309,214.018,1,1,5.0
2017-04-23,24088,26236.0,2148.0,8.92,285.44,198.142,1,1,6.0
2017-04-24,28349,30489.0,2140.0,7.55,327.02099999999996,227.007,0,1,0.0
2017-04-25,29158,31221.0,2063.0,7.07,344.756,239.31799999999998,0,0,1.0
2017-04-26,30418,32091.0,1673.0,5.5,355.286,246.627,0,0,2.0
2017-04-27,28348,30979.0,2631.0,9.28,338.57099999999997,235.024,0,0,3.0
2017-04-28,27165,29816.0,2651.0,9.76,326.675,226.766,0,0,4.0
2017-04-29,24747,27142.0,2395.0,9.68,300.818,208.817,1,1,5.0
2017-04-30,24004,25999.0,1995.0,8.31,285.355,198.084,1,1,6.0
2017-05-01,25611,28784.0,3173.0,12.39,282.42400000000004,204.87,1,0,0.0
2017-05-02,29684,32201.0,2517.0,8.48,324.007,235.035,0,0,1.0
2017-05-03,30931,33218.0,2287.0,7.39,340.699,247.143,0,0,2.0
2017-05-04,31407,33315.0,1908.0,6.08,347.71,252.229,0,0,3.0
2017-05-05,31854,33612.0,1758.0,5.52,352.091,255.40599999999998,0,0,4.0
2017-05-06,27573,30210.0,2637.0,9.56,321.32,233.085,1,1,5.0
2017-05-07,25867,28367.0,2500.0,9.67,296.445,215.04,1,1,6.0
2017-05-08,31507,33237.0,1730.0,5.49,342.186,248.22099999999998,0,0,0.0
2017-05-09,31569,33418.0,1849.0,5.86,352.04,255.36900000000003,0,0,1.0
2017-05-10,32633,34005.0,1372.0,4.21,357.76800000000003,259.524,0,0,2.0
2017-05-11,33011,34995.0,1984.0,6.01,362.88,263.232,0,0,3.0
2017-05-12,32806,34143.0,1337.0,4.08,362.449,262.92,0,0,4.0
2017-05-13,27824,30573.0,2749.0,9.88,327.963,237.90400000000002,1,1,5.0
2017-05-14,26614,28630.0,2016.0,7.58,305.024,221.264,1,1,6.0
2017-05-15,32336,33794.0,1458.0,4.51,348.13,252.533,0,0,0.0
2017-05-16,30124,32322.0,2198.0,7.3,336.77,244.292,0,0,1.0
2017-05-17,30141,33049.0,2908.0,9.65,333.3,241.77599999999998,0,0,2.0
2017-05-18,31320,33916.0,2596.0,8.29,344.17,249.66099999999997,0,0,3.0
2017-05-19,31080,33452.0,2372.0,7.63,341.69699999999995,247.86700000000002,0,0,4.0
2017-05-20,26826,29433.0,2607.0,9.72,310.52299999999997,225.253,1,1,5.0
2017-05-21,26159,28748.0,2589.0,9.9,296.58099999999996,215.139,1,1,6.0
2017-05-22,32130,34514.0,2384.0,7.42,344.213,249.692,0,1,0.0
2017-05-23,32720,34441.0,1721.0,5.26,359.92,261.085,0,1,1.0
2017-05-24,33035,34663.0,1628.0,4.93,361.97900000000004,262.579,0,0,2.0
2017-05-25,31042,33883.0,2841.0,9.15,346.019,251.00099999999998,0,0,3.0
2017-05-26,30290,33036.0,2746.0,9.06,336.69800000000004,244.24,0,0,4.0
2017-05-27,26347,29736.0,3389.0,12.86,308.837,224.03,1,0,5.0
2017-05-28,25268,28293.0,3025.0,11.97,289.916,210.304,1,1,6.0
2017-05-29,26189,29341.0,3152.0,12.04,298.295,216.382,1,0,0.0
2017-05-30,26643,29301.0,2658.0,9.98,301.063,218.391,1,0,1.0
2017-05-31,32677,35101.0,2424.0,7.42,347.68,252.207,0,0,2.0
2017-06-01,31934,34820.0,2886.0,9.04,342.911,261.243,0,0,3.0
2017-06-02,31745,33745.0,2000.0,6.3,340.61300000000006,259.492,0,0,4.0
2017-06-03,30408,32889.0,2481.0,8.16,324.862,247.493,0,1,5.0
2017-06-04,26587,29056.0,2469.0,9.29,289.04400000000004,220.205,1,1,6.0
2017-06-05,31834,34266.0,2432.0,7.64,331.911,252.863,0,0,0.0
2017-06-06,33099,34499.0,1400.0,4.23,351.586,267.85200000000003,0,0,1.0
2017-06-07,34135,35388.0,1253.0,3.67,362.462,276.138,0,0,2.0
2017-06-08,34011,35634.0,1623.0,4.77,363.023,276.565,0,0,3.0
2017-06-09,33972,35549.0,1577.0,4.64,362.55800000000005,276.211,0,0,4.0
2017-06-10,30970,33349.0,2379.0,7.68,339.351,258.532,1,1,5.0
2017-06-11,29156,32387.0,3231.0,11.08,321.73,245.106,1,1,6.0
2017-06-12,34589,35807.0,1218.0,3.52,357.655,272.476,0,0,0.0
2017-06-13,34501,36072.0,1571.0,4.55,362.39300000000003,276.085,0,0,1.0
2017-06-14,31925,34883.0,2958.0,9.27,346.782,264.192,0,0,2.0
2017-06-15,30196,33810.0,3614.0,11.97,328.619,250.356,0,0,3.0
2017-06-16,30978,33890.0,2912.0,9.4,329.851,251.293,0,0,4.0
2017-06-17,27264,30273.0,3009.0,11.04,303.73900000000003,231.4,1,1,5.0
2017-06-18,26316,29812.0,3496.0,13.28,284.626,216.84,1,1,6.0
2017-06-19,30908,34232.0,3324.0,10.76,324.46,247.18599999999998,0,0,0.0
2017-06-20,31901,35769.0,3868.0,12.12,340.014,259.036,0,0,1.0
2017-06-21,33511,36246.0,2735.0,8.16,352.91,268.861,0,0,2.0
2017-06-22,34515,36636.0,2121.0,6.14,363.05,276.586,0,0,3.0
2017-06-23,34567,36330.0,1763.0,5.1,365.68800000000005,278.596,0,0,4.0
2017-06-24,30919,34392.0,3473.0,11.23,338.481,257.868,1,1,5.0
2017-06-25,29653,32030.0,2377.0,8.02,321.827,245.18099999999998,1,1,6.0
2017-06-26,35139,37318.0,2179.0,6.2,364.832,277.943,0,0,0.0
2017-06-27,35123,37083.0,1960.0,5.58,373.349,284.432,0,0,1.0
2017-06-28,35300,37133.0,1833.0,5.19,372.966,284.14,0,0,2.0
2017-06-29,35234,37035.0,1801.0,5.11,369.35400000000004,281.389,0,0,3.0
2017-06-30,34894,36942.0,2048.0,5.87,361.789,275.626,0,0,4.0
2017-07-01,30856,34444.0,3588.0,11.63,321.836,270.55400000000003,1,1,5.0
2017-07-02,28576,32104.0,3528.0,12.34,304.344,255.84900000000002,1,1,6.0
2017-07-03,35002,36847.0,1845.0,5.27,344.231,289.381,0,0,0.0
2017-07-04,34889,36695.0,1806.0,5.18,350.531,294.678,0,0,1.0
2017-07-05,34916,36913.0,1997.0,5.72,351.088,295.145,0,0,2.0
2017-07-06,35280,37131.0,1851.0,5.25,356.921,300.04900000000004,0,0,3.0
2017-07-07,34736,36639.0,1903.0,5.48,346.99300000000005,291.703,0,0,4.0
2017-07-08,30418,33690.0,3272.0,10.76,318.20099999999996,267.499,1,1,5.0
2017-07-09,29124,32093.0,2969.0,10.19,304.52,255.997,1,1,6.0
2017-07-10,35022,36658.0,1636.0,4.67,350.60400000000004,294.738,0,0,0.0
2017-07-11,35482,37210.0,1728.0,4.87,359.055,301.843,0,0,1.0
2017-07-12,35444,36734.0,1290.0,3.64,360.801,303.311,0,0,2.0
2017-07-13,35749,37383.0,1634.0,4.57,362.923,305.095,0,0,3.0
2017-07-14,35548,37514.0,1966.0,5.53,361.52,303.916,0,0,4.0
2017-07-15,31152,34690.0,3538.0,11.36,332.587,279.593,1,1,5.0
2017-07-16,29259,32187.0,2928.0,10.01,313.048,263.166,1,1,6.0
2017-07-17,34337,36587.0,2250.0,6.55,349.659,293.945,0,0,0.0
2017-07-18,36107,37302.0,1195.0,3.31,365.55300000000005,307.306,0,0,1.0
2017-07-19,36046,37709.0,1663.0,4.61,364.931,306.782,0,0,2.0
2017-07-20,35973,37470.0,1497.0,4.16,366.825,308.375,0,0,3.0
2017-07-21,36146,37555.0,1409.0,3.9,367.36300000000006,308.828,0,0,4.0
2017-07-22,31441,35011.0,3570.0,11.35,338.096,284.223,1,1,5.0
2017-07-23,30894,32374.0,1480.0,4.79,323.781,272.189,1,1,6.0
2017-07-24,36148,37065.0,917.0,2.54,364.48699999999997,306.409,0,0,0.0
2017-07-25,36213,37637.0,1424.0,3.93,367.98900000000003,309.35400000000004,0,0,1.0
2017-07-26,36199,37785.0,1586.0,4.38,365.69800000000004,307.428,0,0,2.0
2017-07-27,35626,37471.0,1845.0,5.18,363.57599999999996,305.644,0,0,3.0
2017-07-28,35658,37171.0,1513.0,4.24,366.728,308.29400000000004,0,0,4.0
2017-07-29,30003,33693.0,3690.0,12.3,321.45599999999996,270.235,1,1,5.0
2017-07-30,27986,31542.0,3556.0,12.71,288.817,242.797,1,1,6.0
2017-07-31,30600,34812.0,4212.0,13.76,318.507,267.756,0,0,0.0
2017-08-01,33080,35343.0,2263.0,6.84,335.20599999999996,291.82099999999997,0,0,1.0
2017-08-02,33476,36096.0,2620.0,7.83,340.23,296.195,0,0,2.0
2017-08-03,34556,36478.0,1922.0,5.56,349.13599999999997,303.948,0,0,3.0
2017-08-04,34717,36155.0,1438.0,4.14,351.431,305.94599999999997,0,0,4.0
2017-08-05,31575,33615.0,2040.0,6.46,330.022,287.308,1,1,5.0
2017-08-06,30675,32629.0,1954.0,6.37,317.947,276.796,1,1,6.0
2017-08-07,36165,37011.0,846.0,2.34,362.283,315.392,0,0,0.0
2017-08-08,36266,36890.0,624.0,1.72,369.536,321.70799999999997,0,0,1.0
2017-08-09,36123,37104.0,981.0,2.72,369.142,321.36400000000003,0,0,2.0
2017-08-10,35788,36957.0,1169.0,3.27,368.745,321.019,0,0,3.0
2017-08-11,36417,37060.0,643.0,1.77,368.82800000000003,321.09,0,0,4.0
2017-08-12,32480,34707.0,2227.0,6.86,342.89599999999996,298.51599999999996,1,1,5.0
2017-08-13,30951,33624.0,2673.0,8.64,324.60400000000004,282.591,1,1,6.0
2017-08-14,36052,37877.0,1825.0,5.06,360.69699999999995,314.012,0,0,0.0
2017-08-15,36453,37610.0,1157.0,3.17,360.86699999999996,314.161,0,0,1.0
2017-08-16,36390,38012.0,1622.0,4.46,366.793,319.32,0,0,2.0
2017-08-17,36391,37970.0,1579.0,4.34,367.63,320.048,0,0,3.0
2017-08-18,36295,37815.0,1520.0,4.19,368.17800000000005,320.525,0,0,4.0
2017-08-19,32211,34692.0,2481.0,7.7,338.51300000000003,294.7,1,1,5.0
2017-08-20,30715,33363.0,2648.0,8.62,321.716,280.077,1,1,6.0
2017-08-21,36119,37989.0,1870.0,5.18,361.014,314.289,0,0,0.0
2017-08-22,35285,37520.0,2235.0,6.33,359.463,312.937,0,0,1.0
2017-08-23,34588,37083.0,2495.0,7.21,355.082,309.123,0,0,2.0
2017-08-24,35493,36959.0,1466.0,4.13,355.287,309.303,0,0,3.0
2017-08-25,35129,37086.0,1957.0,5.57,353.967,308.153,0,0,4.0
2017-08-26,31487,33661.0,2174.0,6.9,330.98699999999997,288.147,1,1,5.0
2017-08-27,29227,31942.0,2715.0,9.29,311.68,271.339,1,1,6.0
2017-08-28,35541,37421.0,1880.0,5.29,347.855,302.83299999999997,0,0,0.0
2017-08-29,36070,37478.0,1408.0,3.9,361.471,314.686,0,0,1.0
2017-08-30,35447,37429.0,1982.0,5.59,360.162,313.546,0,0,2.0
2017-08-31,34739,37211.0,2472.0,7.11,356.037,309.95599999999996,0,0,3.0
2017-09-01,33050,36747.0,3697.0,11.19,351.93199999999996,334.19599999999997,0,0,4.0
2017-09-02,29350,32854.0,3504.0,11.94,319.431,303.332,1,1,5.0
2017-09-03,28063,30641.0,2578.0,9.19,299.6,284.501,1,1,6.0
2017-09-04,33987,35998.0,2011.0,5.92,345.405,327.99699999999996,0,0,0.0
2017-09-05,34360,36130.0,1770.0,5.15,359.311,341.202,0,0,1.0
2017-09-06,35786,36977.0,1191.0,3.33,369.56199999999995,350.93699999999995,0,0,2.0
2017-09-07,35014,37214.0,2200.0,6.28,368.528,349.95599999999996,0,0,3.0
2017-09-08,35020,37284.0,2264.0,6.46,364.92800000000005,346.536,0,0,4.0
2017-09-09,30543,32676.0,2133.0,6.98,334.57800000000003,317.716,1,1,5.0
2017-09-10,29552,31330.0,1778.0,6.02,317.158,301.175,1,1,6.0
2017-09-11,34904,37204.0,2300.0,6.59,355.593,337.67199999999997,0,0,0.0
2017-09-12,35533,37318.0,1785.0,5.02,369.164,350.56,0,0,1.0
2017-09-13,33922,37055.0,3133.0,9.24,358.80199999999996,340.719,0,0,2.0
2017-09-14,32944,36245.0,3301.0,10.02,348.026,330.48699999999997,0,0,3.0
2017-09-15,33981,35703.0,1722.0,5.07,352.98900000000003,335.199,0,0,4.0
2017-09-16,30645,32594.0,1949.0,6.36,329.911,313.284,1,1,5.0
2017-09-17,28336,30844.0,2508.0,8.85,306.887,291.421,1,1,6.0
2017-09-18,33398,36385.0,2987.0,8.94,339.963,322.83,0,0,0.0
2017-09-19,34280,36161.0,1881.0,5.49,354.89,337.004,0,0,1.0
2017-09-20,34866,36778.0,1912.0,5.48,359.847,341.712,0,0,2.0
2017-09-21,35001,36515.0,1514.0,4.33,365.69300000000004,347.264,0,0,3.0
2017-09-22,35374,36658.0,1284.0,3.63,369.006,350.409,0,0,4.0
2017-09-23,32106,33455.0,1349.0,4.2,346.591,329.12300000000005,1,0,5.0
2017-09-24,30716,32246.0,1530.0,4.98,329.80199999999996,313.181,1,1,6.0
2017-09-25,35817,37067.0,1250.0,3.49,368.19,349.634,0,0,0.0
2017-09-26,36263,37684.0,1421.0,3.92,377.89300000000003,358.848,0,0,1.0
2017-09-27,36419,37733.0,1314.0,3.61,379.148,360.041,0,1,2.0
2017-09-28,36049,37176.0,1127.0,3.13,377.61199999999997,358.58099999999996,0,0,3.0
2017-09-29,35355,37259.0,1904.0,5.39,368.09,349.54,0,0,4.0
2017-09-30,34625,36189.0,1564.0,4.52,354.07800000000003,336.23400000000004,0,1,5.0
2017-10-01,30280,32037.0,1757.0,5.8,350.098,321.367,1,1,6.0
2017-10-02,35737,37238.0,1501.0,4.2,393.89099999999996,361.566,0,1,0.0
2017-10-03,35900,37600.0,1700.0,4.73,397.79699999999997,365.152,0,1,1.0
2017-10-04,29072,31971.0,2899.0,9.97,342.778,314.64799999999997,1,0,2.0
2017-10-05,34702,36727.0,2025.0,5.84,375.332,344.531,0,0,3.0
2017-10-06,34982,36349.0,1367.0,3.91,385.42800000000005,353.798,0,0,4.0
2017-10-07,29560,32023.0,2463.0,8.33,348.461,319.86400000000003,1,1,5.0
2017-10-08,28115,30823.0,2708.0,9.63,328.55400000000003,301.592,1,1,6.0
2017-10-09,28876,30439.0,1563.0,5.41,335.906,308.34,1,0,0.0
2017-10-10,30226,31527.0,1301.0,4.3,347.13599999999997,318.649,1,0,1.0
2017-10-11,35287,36482.0,1195.0,3.39,386.68,354.94800000000004,0,0,2.0
2017-10-12,34009,36379.0,2370.0,6.97,381.023,349.754,0,0,3.0
2017-10-13,32265,34356.0,2091.0,6.48,364.231,334.341,0,0,4.0
2017-10-14,28783,30689.0,1906.0,6.62,334.531,307.078,1,1,5.0
2017-10-15,27360,29880.0,2520.0,9.21,312.378,286.742,1,1,6.0
2017-10-16,33062,34804.0,1742.0,5.27,360.55199999999996,330.963,0,0,0.0
2017-10-17,32730,34542.0,1812.0,5.54,364.246,334.35400000000004,0,0,1.0
2017-10-18,32246,34763.0,2517.0,7.8,359.051,329.586,0,0,2.0
2017-10-19,31277,33609.0,2332.0,7.46,353.246,324.257,0,0,3.0
2017-10-20,30889,32992.0,2103.0,6.81,344.404,316.14,0,0,4.0
2017-10-21,25858,29251.0,3393.0,13.12,303.73400000000004,278.808,1,1,5.0
2017-10-22,24237,27193.0,2956.0,12.2,277.572,254.793,1,1,6.0
2017-10-23,28665,31411.0,2746.0,9.58,314.139,288.36,0,0,0.0
2017-10-24,29159,32125.0,2966.0,10.17,325.935,299.188,0,0,1.0
2017-10-25,29244,32300.0,3056.0,10.45,327.61400000000003,300.72900000000004,0,0,2.0
2017-10-26,29286,32070.0,2784.0,9.51,327.413,300.543,0,0,3.0
2017-10-27,28805,31101.0,2296.0,7.97,323.869,297.29,0,0,4.0
2017-10-28,25555,27861.0,2306.0,9.02,296.494,272.163,1,1,5.0
2017-10-29,24209,27817.0,3608.0,14.91,275.541,252.929,1,1,6.0
2017-10-30,28206,30799.0,2593.0,9.19,308.63,283.303,0,0,0.0
2017-10-31,28541,31166.0,2625.0,9.2,317.362,291.317,0,0,1.0
2017-11-01,29266,31274.0,2008.0,6.86,346.25699999999995,298.14799999999997,0,0,2.0
2017-11-02,30135,32208.0,2073.0,6.88,355.227,305.872,0,0,3.0
2017-11-03,29257,32349.0,3092.0,10.57,350.751,302.018,0,0,4.0
2017-11-04,25602,28104.0,2502.0,9.77,315.945,272.048,1,1,5.0
2017-11-05,24623,26699.0,2076.0,8.43,295.95,254.83,1,1,6.0
2017-11-06,29620,32275.0,2655.0,8.96,341.356,293.928,0,0,0.0
2017-11-07,30666,32589.0,1923.0,6.27,360.974,310.82099999999997,0,0,1.0
2017-11-08,29840,32505.0,2665.0,8.93,357.485,307.816,0,0,2.0
2017-11-09,30266,32474.0,2208.0,7.3,358.912,309.04400000000004,0,0,3.0
2017-11-10,30592,32500.0,1908.0,6.24,362.76300000000003,312.361,0,0,4.0
2017-11-11,26422,28410.0,1988.0,7.52,326.375,281.028,1,1,5.0
2017-11-12,25166,26785.0,1619.0,6.43,301.848,259.91,1,1,6.0
2017-11-13,29653,32449.0,2796.0,9.43,344.265,296.433,0,0,0.0
2017-11-14,29969,32558.0,2589.0,8.64,357.181,307.555,0,0,1.0
2017-11-15,29784,32415.0,2631.0,8.84,356.865,307.282,0,0,2.0
2017-11-16,30463,32912.0,2449.0,8.04,361.80699999999996,311.538,0,0,3.0
2017-11-17,30555,32806.0,2251.0,7.37,362.079,311.772,0,0,4.0
2017-11-18,26189,28683.0,2494.0,9.52,325.714,280.46,1,1,5.0
2017-11-19,24644,26802.0,2158.0,8.76,296.278,255.114,1,1,6.0
2017-11-20,28771,31083.0,2312.0,8.04,335.67199999999997,289.033,0,0,0.0
2017-11-21,29432,30933.0,1501.0,5.1,347.629,299.329,0,0,1.0
2017-11-22,28955,31461.0,2506.0,8.66,347.125,298.89599999999996,0,0,2.0
2017-11-23,28469,31514.0,3045.0,10.7,338.884,291.8,0,0,3.0
2017-11-24,28326,31344.0,3018.0,10.66,335.972,289.293,0,0,4.0
2017-11-25,25668,28322.0,2654.0,10.34,312.964,269.481,1,1,5.0
2017-11-26,24769,27557.0,2788.0,11.25,296.755,255.524,1,1,6.0
2017-11-27,28917,31142.0,2225.0,7.69,334.102,287.682,0,0,0.0
2017-11-28,29698,31207.0,1509.0,5.08,349.99,301.363,0,0,1.0
2017-11-29,29530,31334.0,1804.0,6.11,352.36199999999997,303.404,0,0,2.0
2017-11-30,29186,31783.0,2597.0,8.9,348.657,300.215,0,0,3.0
2017-12-01,28525,31041.0,2516.0,8.82,343.36400000000003,242.75799999999998,0,0,4.0
2017-12-02,25628,28665.0,3037.0,11.85,315.931,223.363,1,1,5.0
2017-12-03,24512,27600.0,3088.0,12.6,297.004,209.982,1,1,6.0
2017-12-04,28274,31058.0,2784.0,9.85,331.657,234.481,0,0,0.0
2017-12-05,28243,30483.0,2240.0,7.93,337.694,238.75,0,0,1.0
2017-12-06,28455,30509.0,2054.0,7.22,339.32,239.899,0,0,2.0
2017-12-07,28625,30597.0,1972.0,6.89,342.167,241.912,0,0,3.0
2017-12-08,27863,30548.0,2685.0,9.64,338.619,239.403,0,0,4.0
2017-12-09,25500,27748.0,2248.0,8.81,312.374,220.84900000000002,1,1,5.0
2017-12-10,24230,26390.0,2160.0,8.91,292.60400000000004,206.87099999999998,1,1,6.0
2017-12-11,27706,30349.0,2643.0,9.54,327.19,231.32299999999998,0,0,0.0
2017-12-12,28558,31076.0,2518.0,8.82,340.69699999999995,240.872,0,0,1.0
2017-12-13,28433,31113.0,2680.0,9.43,342.499,242.14700000000002,0,0,2.0
2017-12-14,28558,30682.0,2124.0,7.44,341.965,241.77,0,0,3.0
2017-12-15,28405,30435.0,2030.0,7.14,342.69599999999997,242.28599999999997,0,0,4.0
2017-12-16,25515,28044.0,2529.0,9.91,316.616,223.84799999999998,1,1,5.0
2017-12-17,24444,26747.0,2303.0,9.42,295.842,209.16,1,1,6.0
2017-12-18,28210,30695.0,2485.0,8.81,332.083,234.783,0,0,0.0
2017-12-19,28665,30886.0,2221.0,7.75,343.472,242.835,0,0,1.0
2017-12-20,28082,30709.0,2627.0,9.35,341.1,241.157,0,0,2.0
2017-12-21,28219,30796.0,2577.0,9.13,340.14300000000003,240.481,0,0,3.0
2017-12-22,27748,30376.0,2628.0,9.47,338.526,239.338,0,0,4.0
2017-12-23,25193,27899.0,2706.0,10.74,313.562,221.68900000000002,1,1,5.0
2017-12-24,24260,27219.0,2959.0,12.2,294.312,208.079,1,1,6.0
2017-12-25,27939,30394.0,2455.0,8.79,328.296,232.106,0,1,0.0
2017-12-26,28461,30723.0,2262.0,7.95,339.37,239.93400000000003,0,0,1.0
2017-12-27,28022,30500.0,2478.0,8.84,337.816,238.83599999999998,0,0,2.0
2017-12-28,28229,30583.0,2354.0,8.34,337.879,238.88099999999997,0,0,3.0
2017-12-29,27369,30204.0,2835.0,10.36,332.959,235.40200000000002,0,0,4.0
2017-12-30,24718,28107.0,3389.0,13.71,304.18,215.05599999999998,1,1,5.0
2017-12-31,23319,25563.0,2244.0,9.62,282.69,199.862,1,1,6.0
2018-01-01,23638,25708.0,2070.0,8.76,279.707,189.179,1,0,0.0
2018-01-02,27816,29536.0,1720.0,6.18,321.468,217.423,0,0,1.0
2018-01-03,28253,30132.0,1879.0,6.65,334.264,226.077,0,0,2.0
2018-01-04,28757,30716.0,1959.0,6.81,337.945,228.567,0,0,3.0
2018-01-05,28260,30401.0,2141.0,7.58,337.418,228.21099999999998,0,0,4.0
2018-01-06,26062,27842.0,1780.0,6.83,314.58,212.765,1,1,5.0
2018-01-07,25011,26516.0,1505.0,6.02,297.867,201.46,1,1,6.0
2018-01-08,28801,30068.0,1267.0,4.4,334.839,226.46599999999998,0,0,0.0
2018-01-09,28910,30767.0,1857.0,6.42,342.04,231.33700000000002,0,0,1.0
2018-01-10,28410,30269.0,1859.0,6.54,338.775,229.128,0,0,2.0
2018-01-11,28583,30360.0,1777.0,6.22,340.962,230.608,0,0,3.0
2018-01-12,28093,29838.0,1745.0,6.21,338.708,229.083,0,0,4.0
2018-01-13,25694,27702.0,2008.0,7.82,313.72900000000004,212.18900000000002,1,1,5.0
2018-01-14,24705,26597.0,1892.0,7.66,292.26599999999996,197.672,1,1,6.0
2018-01-15,28269,29976.0,1707.0,6.04,328.531,222.2,0,0,0.0
2018-01-16,28285,29701.0,1416.0,5.01,337.009,227.935,0,0,1.0
2018-01-17,28340,29996.0,1656.0,5.84,338.64599999999996,229.041,0,0,2.0
2018-01-18,29076,30893.0,1817.0,6.25,343.10400000000004,232.05599999999998,0,0,3.0
2018-01-19,28467,30341.0,1874.0,6.58,342.217,231.456,0,0,4.0
2018-01-20,25883,27804.0,1921.0,7.42,316.158,213.831,1,1,5.0
2018-01-21,24695,26617.0,1922.0,7.78,296.066,200.24200000000002,1,1,6.0
2018-01-22,28264,30267.0,2003.0,7.09,329.89099999999996,223.12,0,0,0.0
2018-01-23,28381,30520.0,2139.0,7.54,337.478,228.252,0,0,1.0
2018-01-24,28228,29989.0,1761.0,6.24,337.327,228.15,0,0,2.0
2018-01-25,28352,30137.0,1785.0,6.3,339.045,229.312,0,0,3.0
2018-01-26,27537,29638.0,2101.0,7.63,334.841,226.468,0,0,4.0
2018-01-27,25383,27239.0,1856.0,7.31,310.65,210.107,1,1,5.0
2018-01-28,24535,26727.0,2192.0,8.93,293.95599999999996,198.815,1,1,6.0
2018-01-29,28397,30220.0,1823.0,6.42,329.379,222.773,0,0,0.0
2018-01-30,28606,30377.0,1771.0,6.19,341.17,230.74900000000002,0,0,1.0
2018-01-31,28364,30805.0,2441.0,8.61,339.434,229.575,0,0,2.0
2018-02-01,28521,30717.0,2196.0,7.7,333.39099999999996,243.377,0,0,3.0
2018-02-02,28202,30181.0,1979.0,7.02,334.54,244.21599999999998,0,0,4.0
2018-02-03,26353,27968.0,1615.0,6.13,315.291,230.16400000000002,1,1,5.0
2018-02-04,26273,27855.0,1582.0,6.02,301.55400000000003,220.136,1,1,6.0
2018-02-05,29059,30535.0,1476.0,5.08,336.218,245.44099999999997,0,0,0.0
2018-02-06,28510,30425.0,1915.0,6.72,340.349,248.457,0,0,1.0
2018-02-07,28889,30352.0,1463.0,5.06,343.68800000000005,250.894,0,0,2.0
2018-02-08,28436,30108.0,1672.0,5.88,340.67400000000004,248.69400000000002,0,1,3.0
2018-02-09,28302,30303.0,2001.0,7.07,336.194,245.423,0,1,4.0
2018-02-10,26015,28719.0,2704.0,10.39,315.4,230.243,1,1,5.0
2018-02-11,25349,27426.0,2077.0,8.19,297.184,216.946,1,1,6.0
2018-02-12,27324,29795.0,2471.0,9.04,319.19,233.011,0,1,0.0
2018-02-13,26300,28283.0,1983.0,7.54,315.526,230.335,0,1,1.0
2018-02-14,23482,25864.0,2382.0,10.14,287.615,209.96,0,0,2.0
2018-02-15,20979,23401.0,2422.0,11.54,251.81599999999997,183.827,1,0,3.0
2018-02-16,20759,23221.0,2462.0,11.86,240.98,175.917,1,0,4.0
2018-02-17,20282,22981.0,2699.0,13.31,239.08599999999998,174.53400000000002,1,1,5.0
2018-02-18,20987,23094.0,2107.0,10.04,242.94400000000002,177.35,1,1,6.0
2018-02-19,22071,23665.0,1594.0,7.22,254.426,185.733,1,0,0.0
2018-02-20,23261,25134.0,1873.0,8.05,266.617,194.63099999999997,1,0,1.0
2018-02-21,26510,28111.0,1601.0,6.04,302.92400000000004,221.136,0,1,2.0
2018-02-22,27283,28560.0,1277.0,4.68,318.767,232.701,0,0,3.0
2018-02-23,27093,29169.0,2076.0,7.66,319.70099999999996,233.38299999999998,0,0,4.0
2018-02-24,25317,27642.0,2325.0,9.18,302.296,220.67700000000002,1,1,5.0
2018-02-25,24690,26963.0,2273.0,9.21,288.796,210.822,1,1,6.0
2018-02-26,27435,29606.0,2171.0,7.91,316.122,230.771,0,0,0.0
2018-02-27,27818,29498.0,1680.0,6.04,327.07099999999997,238.764,0,0,1.0
2018-02-28,26394,28077.0,1683.0,6.38,312.455,228.09400000000002,1,0,2.0
2018-03-01,28372,30211.0,1839.0,6.48,338.639,230.015,0,0,3.0
2018-03-02,28143,30169.0,2026.0,7.2,343.1,233.045,0,0,4.0
2018-03-03,26052,27936.0,1884.0,7.23,320.965,218.01,1,1,5.0
2018-03-04,25431,27163.0,1732.0,6.81,306.056,207.88400000000001,1,1,6.0
2018-03-05,29460,30489.0,1029.0,3.49,348.50800000000004,236.71900000000002,0,0,0.0
2018-03-06,27989,29729.0,1740.0,6.22,343.751,233.487,0,0,1.0
2018-03-07,28469,29746.0,1277.0,4.49,345.499,234.675,0,0,2.0
2018-03-08,27944,29829.0,1885.0,6.75,342.52099999999996,232.65200000000002,0,0,3.0
2018-03-09,27617,29527.0,1910.0,6.92,337.21,229.045,0,0,4.0
2018-03-10,24946,26680.0,1734.0,6.95,310.026,210.581,1,1,5.0
2018-03-11,24245,25934.0,1689.0,6.97,291.992,198.332,1,1,6.0
2018-03-12,27935,29698.0,1763.0,6.31,329.212,223.612,0,0,0.0
2018-03-13,28418,30329.0,1911.0,6.72,340.495,231.27700000000002,0,0,1.0
2018-03-14,28536,30517.0,1981.0,6.94,344.48800000000006,233.989,0,0,2.0
2018-03-15,28941,30915.0,1974.0,6.82,348.19699999999995,236.507,0,0,3.0
2018-03-16,28620,30617.0,1997.0,6.98,347.496,236.03099999999998,0,0,4.0
2018-03-17,25794,27594.0,1800.0,6.98,319.111,216.752,1,1,5.0
2018-03-18,24808,26377.0,1569.0,6.33,300.64599999999996,204.21,1,1,6.0
2018-03-19,29102,30763.0,1661.0,5.7,342.50699999999995,232.642,0,0,0.0
2018-03-20,28823,30811.0,1988.0,6.9,350.86300000000006,238.31799999999998,0,0,1.0
2018-03-21,27699,29622.0,1923.0,6.94,338.01199999999994,229.58900000000003,0,0,2.0
2018-03-22,27982,29913.0,1931.0,6.9,336.485,228.55200000000002,0,0,3.0
2018-03-23,27642,29539.0,1897.0,6.86,335.959,228.196,0,0,4.0
2018-03-24,25149,26882.0,1733.0,6.89,310.783,211.09400000000002,1,0,5.0
2018-03-25,24573,26288.0,1715.0,6.98,295.048,200.407,1,1,6.0
2018-03-26,28383,30181.0,1798.0,6.34,334.585,227.262,0,0,0.0
2018-03-27,28602,30599.0,1997.0,6.98,346.18800000000005,235.143,0,0,1.0
2018-03-28,28752,30747.0,1995.0,6.94,348.55199999999996,236.74900000000002,0,1,2.0
2018-03-29,28983,30773.0,1790.0,6.18,351.55800000000005,238.79,0,1,3.0
2018-03-30,28897,30797.0,1900.0,6.57,349.536,237.417,0,1,4.0
2018-03-31,27845,29785.0,1940.0,6.97,340.3,231.143,0,1,5.0
2018-04-01,25072,26805.0,1733.0,6.91,301.272,210.597,1,1,6.0
2018-04-02,29047,30941.0,1894.0,6.52,340.082,237.727,0,0,0.0
2018-04-03,29267,31154.0,1887.0,6.45,348.13800000000003,243.358,0,0,1.0
2018-04-04,26121,27716.0,1595.0,6.11,317.561,221.985,1,0,2.0
2018-04-05,24981,26725.0,1744.0,6.98,300.70099999999996,210.19799999999998,1,0,3.0
2018-04-06,24450,26158.0,1708.0,6.99,299.055,209.048,1,0,4.0
2018-04-07,23940,25609.0,1669.0,6.97,288.839,201.90599999999998,1,1,5.0
2018-04-08,23895,25549.0,1654.0,6.92,281.561,196.81900000000002,1,1,6.0
2018-04-09,28232,30202.0,1970.0,6.98,325.42400000000004,227.48,0,0,0.0
2018-04-10,28728,30727.0,1999.0,6.96,340.376,237.93200000000002,0,0,1.0
2018-04-11,30193,31919.0,1726.0,5.72,353.67,247.226,0,0,2.0
2018-04-12,30645,32244.0,1599.0,5.22,363.582,254.15400000000002,0,0,3.0
2018-04-13,31068,32838.0,1770.0,5.7,367.58099999999996,256.949,0,0,4.0
2018-04-14,27721,29530.0,1809.0,6.53,344.904,241.09799999999998,1,1,5.0
2018-04-15,24630,26249.0,1619.0,6.57,305.745,213.72400000000002,1,1,6.0
2018-04-16,28365,30283.0,1918.0,6.76,332.00699999999995,232.082,0,0,0.0
2018-04-17,28399,30377.0,1978.0,6.97,339.87800000000004,237.584,0,0,1.0
2018-04-18,28521,30394.0,1873.0,6.57,341.485,238.708,0,0,2.0
2018-04-19,29442,31398.0,1956.0,6.65,350.038,244.68599999999998,0,0,3.0
2018-04-20,29380,31370.0,1990.0,6.77,350.586,245.07,0,0,4.0
2018-04-21,26962,28822.0,1860.0,6.9,328.608,229.706,1,1,5.0
2018-04-22,26356,27981.0,1625.0,6.17,314.343,219.735,1,1,6.0
2018-04-23,31487,33016.0,1529.0,4.86,364.944,255.107,0,0,0.0
2018-04-24,31110,32818.0,1708.0,5.49,368.681,257.718,0,1,1.0
2018-04-25,29570,31619.0,2049.0,6.93,353.394,247.033,0,0,2.0
2018-04-26,29944,32008.0,2064.0,6.89,356.264,249.03799999999998,0,0,3.0
2018-04-27,30356,32443.0,2087.0,6.87,358.77099999999996,250.791,0,0,4.0
2018-04-28,26835,28710.0,1875.0,6.99,331.936,232.032,1,1,5.0
2018-04-29,26074,27862.0,1788.0,6.85,314.553,219.882,1,1,6.0
2018-04-30,30086,32159.0,2073.0,6.89,353.337,246.99200000000002,0,0,0.0
2018-05-01,28665,30453.0,1788.0,6.24,317.89,223.62900000000002,1,0,1.0
2018-05-02,32351,33931.0,1580.0,4.88,347.624,244.547,0,0,2.0
2018-05-03,30659,32791.0,2132.0,6.95,337.957,237.74599999999998,0,0,3.0
2018-05-04,30638,32728.0,2090.0,6.82,333.49,234.60299999999998,0,0,4.0
2018-05-05,27477,29339.0,1862.0,6.78,312.52,219.852,1,1,5.0
2018-05-06,27517,29436.0,1919.0,6.97,302.099,212.52,1,1,6.0
2018-05-07,32762,34568.0,1806.0,5.51,351.12800000000004,247.012,0,0,0.0
2018-05-08,31729,33882.0,2153.0,6.78,347.63199999999995,244.55200000000002,0,0,1.0
2018-05-09,30104,32204.0,2100.0,6.98,332.656,234.016,0,0,2.0
2018-05-10,30174,32262.0,2088.0,6.92,329.666,231.91400000000002,0,0,3.0
2018-05-11,30735,32825.0,2090.0,6.8,335.18800000000005,235.798,0,0,4.0
2018-05-12,27439,29347.0,1908.0,6.95,313.183,220.31799999999998,1,1,5.0
2018-05-13,27088,28978.0,1890.0,6.98,299.166,210.457,1,1,6.0
2018-05-14,32914,34906.0,1992.0,6.05,347.68699999999995,244.59,0,0,0.0
2018-05-15,33518,35241.0,1723.0,5.14,362.92,255.30599999999998,0,0,1.0
2018-05-16,34235,35790.0,1555.0,4.54,371.26300000000003,261.176,0,0,2.0
2018-05-17,34692,36456.0,1764.0,5.09,377.995,265.911,0,0,3.0
2018-05-18,35061,36837.0,1776.0,5.07,377.045,265.243,0,0,4.0
2018-05-19,30567,32699.0,2132.0,6.97,347.535,244.484,1,1,5.0
2018-05-20,29607,31435.0,1828.0,6.17,329.814,232.018,1,1,6.0
2018-05-21,34269,36100.0,1831.0,5.34,367.522,258.54400000000004,0,0,0.0
2018-05-22,34776,36648.0,1872.0,5.38,376.94699999999995,265.175,0,0,1.0
2018-05-23,34892,36398.0,1506.0,4.32,373.15,262.504,0,0,2.0
2018-05-24,34099,36459.0,2360.0,6.92,368.514,259.242,0,0,3.0
2018-05-25,35023,36982.0,1959.0,5.6,374.971,263.784,0,0,4.0
2018-05-26,30416,32536.0,2120.0,6.97,347.01599999999996,244.118,1,1,5.0
2018-05-27,30287,32107.0,1820.0,6.01,333.156,234.368,1,1,6.0
2018-05-28,36007,37298.0,1291.0,3.59,381.74699999999996,268.552,0,0,0.0
2018-05-29,36329,37378.0,1049.0,2.89,391.73800000000006,275.58,0,0,1.0
2018-05-30,36771,38003.0,1232.0,3.35,393.897,277.098,0,0,2.0
2018-05-31,36713,38144.0,1431.0,3.9,394.704,277.66700000000003,0,0,3.0
2018-06-01,33549,35895.0,2346.0,6.99,362.036,283.3,0,0,4.0
2018-06-02,29031,30991.0,1960.0,6.75,323.435,253.09400000000002,1,1,5.0
2018-06-03,28480,30428.0,1948.0,6.84,311.431,243.7,1,1,6.0
2018-06-04,34478,36878.0,2400.0,6.96,359.97,281.682,0,0,0.0
2018-06-05,35302,37569.0,2267.0,6.42,373.32,292.13,0,0,1.0
2018-06-06,35802,37988.0,2186.0,6.11,377.702,295.558,0,0,2.0
2018-06-07,35702,38050.0,2348.0,6.58,380.397,297.668,0,0,3.0
2018-06-08,36102,38280.0,2178.0,6.03,380.466,297.721,0,0,4.0
2018-06-09,31775,33692.0,1917.0,6.03,351.602,275.135,1,1,5.0
2018-06-10,29798,31637.0,1839.0,6.17,329.05400000000003,257.491,1,1,6.0
2018-06-11,32557,35126.0,2569.0,7.89,353.874,276.913,0,1,0.0
2018-06-12,33517,35695.0,2178.0,6.5,357.79900000000004,279.98400000000004,0,0,1.0
2018-06-13,34034,36145.0,2111.0,6.2,361.361,282.77099999999996,0,0,2.0
2018-06-14,33737,35928.0,2191.0,6.49,361.36300000000006,282.772,0,0,3.0
2018-06-15,31614,33730.0,2116.0,6.69,344.5,269.578,0,0,4.0
2018-06-16,28619,30530.0,1911.0,6.67,316.803,247.903,1,1,5.0
2018-06-17,27261,29158.0,1897.0,6.96,301.447,235.887,1,1,6.0
2018-06-18,27948,29891.0,1943.0,6.95,304.70099999999996,238.433,1,0,0.0
2018-06-19,32063,34613.0,2550.0,7.95,341.18300000000005,266.981,0,0,1.0
2018-06-20,32244,34490.0,2246.0,6.97,348.936,273.048,0,0,2.0
2018-06-21,33176,35351.0,2175.0,6.56,356.06300000000005,278.625,0,0,3.0
2018-06-22,33748,36070.0,2322.0,6.88,358.879,280.829,0,0,4.0
2018-06-23,30175,32242.0,2067.0,6.85,333.16900000000004,260.71,1,1,5.0
2018-06-24,29174,31104.0,1930.0,6.62,317.328,248.31400000000002,1,1,6.0
2018-06-25,35108,37390.0,2282.0,6.5,365.61400000000003,286.1,0,0,0.0
2018-06-26,35259,37704.0,2445.0,6.93,374.644,293.165,0,0,1.0
2018-06-27,35122,37537.0,2415.0,6.88,373.38599999999997,292.181,0,0,2.0
2018-06-28,35448,37792.0,2344.0,6.61,375.44300000000004,293.791,0,0,3.0
2018-06-29,34966,37395.0,2429.0,6.95,372.61199999999997,291.575,0,0,4.0
2018-06-30,30484,32528.0,2044.0,6.71,340.31699999999995,266.303,1,1,5.0
2018-07-01,29016,31002.0,1986.0,6.85,313.525,270.26,1,1,6.0
2018-07-02,33151,35536.0,2385.0,7.19,346.42400000000004,298.618,0,0,0.0
2018-07-03,34138,36355.0,2217.0,6.49,356.86199999999997,307.617,0,0,1.0
2018-07-04,33744,36038.0,2294.0,6.8,357.222,307.926,0,0,2.0
2018-07-05,33157,35454.0,2297.0,6.93,354.923,305.945,0,0,3.0
2018-07-06,34306,36567.0,2261.0,6.59,357.425,308.10200000000003,0,0,4.0
2018-07-07,30399,32483.0,2084.0,6.86,329.519,284.046,1,1,5.0
2018-07-08,28916,30851.0,1935.0,6.69,308.76099999999997,266.152,1,1,6.0
2018-07-09,34951,37243.0,2292.0,6.56,355.959,306.83799999999997,0,0,0.0
2018-07-10,34753,37012.0,2259.0,6.5,354.522,305.599,0,0,1.0
2018-07-11,31203,33349.0,2146.0,6.88,335.903,289.54900000000004,0,0,2.0
2018-07-12,34408,36617.0,2209.0,6.42,360.405,310.671,0,0,3.0
2018-07-13,34990,37207.0,2217.0,6.34,364.861,314.51099999999997,0,0,4.0
2018-07-14,31279,33571.0,2292.0,7.33,337.599,291.01099999999997,1,1,5.0
2018-07-15,29296,32283.0,2987.0,10.19,316.764,273.052,1,1,6.0
2018-07-16,35178,37947.0,2769.0,7.87,361.094,311.264,0,0,0.0
2018-07-17,36200,38713.0,2513.0,6.94,376.93699999999995,324.921,0,0,1.0
2018-07-18,36460,38820.0,2360.0,6.47,378.892,326.606,0,0,2.0
2018-07-19,36705,39052.0,2347.0,6.39,380.275,327.798,0,0,3.0
2018-07-20,35740,38082.0,2342.0,6.55,372.819,321.372,0,0,4.0
2018-07-21,31327,34258.0,2931.0,9.36,339.94,293.029,1,1,5.0
2018-07-22,29333,32005.0,2672.0,9.11,318.585,274.621,1,1,6.0
2018-07-23,34239,37187.0,2948.0,8.61,357.398,308.078,0,0,0.0
2018-07-24,35976,38268.0,2292.0,6.37,370.231,319.14,0,0,1.0
2018-07-25,35901,38300.0,2399.0,6.68,370.374,319.264,0,0,2.0
2018-07-26,35806,38102.0,2296.0,6.41,374.861,323.132,0,0,3.0
2018-07-27,35675,38118.0,2443.0,6.85,372.019,320.682,0,0,4.0
2018-07-28,31376,33880.0,2504.0,7.98,342.027,294.828,1,1,5.0
2018-07-29,30623,32696.0,2073.0,6.77,325.85400000000004,280.888,1,1,6.0
2018-07-30,36318,38704.0,2386.0,6.57,372.879,321.423,0,0,0.0
2018-07-31,36906,39262.0,2356.0,6.38,384.918,331.8,0,0,1.0
2018-08-01,37351,39656.0,2305.0,6.17,392.87,342.769,0,0,2.0
2018-08-02,36122,38579.0,2457.0,6.8,387.28,337.892,0,0,3.0
2018-08-03,36116,38545.0,2429.0,6.73,378.829,330.519,0,0,4.0
2018-08-04,31905,34993.0,3088.0,9.68,345.256,301.22700000000003,1,1,5.0
2018-08-05,29660,33216.0,3556.0,11.99,325.95,284.384,1,1,6.0
2018-08-06,36089,38502.0,2413.0,6.69,370.23800000000006,323.024,0,0,0.0
2018-08-07,36132,38606.0,2474.0,6.85,380.412,331.901,0,0,1.0
2018-08-08,36191,38683.0,2492.0,6.89,381.473,332.82599999999996,0,0,2.0
2018-08-09,35872,38344.0,2472.0,6.89,380.033,331.569,0,0,3.0
2018-08-10,36020,38376.0,2356.0,6.54,379.108,330.76199999999994,0,0,4.0
2018-08-11,31721,35048.0,3327.0,10.49,348.954,304.454,1,1,5.0
2018-08-12,30095,32669.0,2574.0,8.55,328.49699999999996,286.605,1,1,6.0
2018-08-13,34739,37137.0,2398.0,6.9,366.276,319.568,0,0,0.0
2018-08-14,34827,37179.0,2352.0,6.75,367.15,320.33,0,0,1.0
2018-08-15,33954,36428.0,2474.0,7.29,362.538,316.306,0,0,2.0
2018-08-16,34368,36643.0,2275.0,6.62,365.157,318.59,0,0,3.0
2018-08-17,35182,37448.0,2266.0,6.44,368.792,321.762,0,0,4.0
2018-08-18,30087,33763.0,3676.0,12.22,337.459,294.425,1,1,5.0
2018-08-19,28654,31689.0,3035.0,10.59,314.262,274.186,1,1,6.0
2018-08-20,34375,36747.0,2372.0,6.9,355.19599999999997,309.901,0,0,0.0
2018-08-21,34675,36897.0,2222.0,6.41,366.844,320.063,0,0,1.0
2018-08-22,34783,37148.0,2365.0,6.8,368.88300000000004,321.842,0,0,2.0
2018-08-23,34745,36905.0,2160.0,6.22,363.41,317.067,0,0,3.0
2018-08-24,30158,34004.0,3846.0,12.75,331.715,289.414,0,0,4.0
2018-08-25,29174,32454.0,3280.0,11.24,318.785,278.132,1,1,5.0
2018-08-26,28097,31095.0,2998.0,10.67,303.468,264.768,1,1,6.0
2018-08-27,32329,36171.0,3842.0,11.88,339.164,295.91200000000003,0,1,0.0
2018-08-28,31922,35990.0,4068.0,12.74,340.574,297.143,0,0,1.0
2018-08-29,32109,35636.0,3527.0,10.98,341.267,297.747,0,0,2.0
2018-08-30,31886,36284.0,4398.0,13.79,339.52099999999996,296.224,0,0,3.0
2018-08-31,32264,36340.0,4076.0,12.63,340.098,296.72700000000003,0,0,4.0
2018-09-01,28928,33138.0,4210.0,14.55,323.76599999999996,306.718,1,1,5.0
2018-09-02,28176,31238.0,3062.0,10.87,311.172,294.78700000000003,1,1,6.0
2018-09-03,33843,36670.0,2827.0,8.36,356.349,337.585,1,0,0.0
2018-09-04,35163,37448.0,2285.0,6.5,375.154,355.4,0,0,1.0
2018-09-05,35238,37512.0,2274.0,6.45,380.514,360.478,0,0,2.0
2018-09-06,34890,37273.0,2383.0,6.83,377.006,357.154,0,0,3.0
2018-09-07,34524,36905.0,2381.0,6.9,372.13599999999997,352.541,0,0,4.0
2018-09-08,29661,32633.0,2972.0,10.02,334.11199999999997,316.519,1,1,5.0
2018-09-09,26810,30523.0,3713.0,13.85,302.999,287.045,1,1,6.0
2018-09-10,31645,35212.0,3567.0,11.27,335.9,318.212,0,0,0.0
2018-09-11,33276,36386.0,3110.0,9.35,356.845,338.05400000000003,0,0,1.0
2018-09-12,34117,36431.0,2314.0,6.78,366.046,346.77099999999996,0,0,2.0
2018-09-13,34521,36902.0,2381.0,6.9,370.06199999999995,350.57599999999996,0,0,3.0
2018-09-14,34631,36939.0,2308.0,6.66,371.851,352.27099999999996,0,0,4.0
2018-09-15,29281,32429.0,3148.0,10.75,335.87699999999995,318.191,1,1,5.0
2018-09-16,28947,31957.0,3010.0,10.4,318.079,301.33099999999996,1,1,6.0
2018-09-17,35098,37448.0,2350.0,6.7,368.839,349.418,0,1,0.0
2018-09-18,35327,37731.0,2404.0,6.8,381.095,361.028,0,0,1.0
2018-09-19,34991,37394.0,2403.0,6.87,379.265,359.295,0,0,2.0
2018-09-20,35019,37276.0,2257.0,6.44,378.60900000000004,358.67199999999997,0,0,3.0
2018-09-21,34892,37296.0,2404.0,6.89,376.55800000000005,356.73,0,0,4.0
2018-09-22,30272,32841.0,2569.0,8.49,342.70300000000003,324.657,1,1,5.0
2018-09-23,27876,30594.0,2718.0,9.75,320.887,303.991,1,1,6.0
2018-09-24,27223,30592.0,3369.0,12.38,309.14,292.862,1,0,0.0
2018-09-25,32749,36686.0,3937.0,12.02,347.48,329.18300000000005,0,0,1.0
2018-09-26,31949,35834.0,3885.0,12.16,348.654,330.295,0,0,2.0
2018-09-27,31946,36176.0,4230.0,13.24,347.09,328.814,0,0,3.0
2018-09-28,31510,35567.0,4057.0,12.88,341.958,323.95099999999996,0,0,4.0
2018-09-29,26812,30986.0,4174.0,15.57,303.753,287.759,1,1,5.0
2018-09-30,25505,29571.0,4066.0,15.94,283.926,268.976,1,1,6.0
2018-10-01,30707,33805.0,3098.0,10.09,351.846,290.97,0,0,0.0
2018-10-02,30992,34108.0,3116.0,10.05,359.01,296.89599999999996,0,0,1.0
2018-10-03,30579,33579.0,3000.0,9.81,356.281,294.639,0,1,2.0
2018-10-04,29852,33134.0,3282.0,10.99,351.454,290.64599999999996,0,0,3.0
2018-10-05,30375,32771.0,2396.0,7.89,353.13599999999997,292.038,0,0,4.0
2018-10-06,27097,29802.0,2705.0,9.98,329.47,272.466,1,1,5.0
2018-10-07,25871,28580.0,2709.0,10.47,310.399,256.694,1,1,6.0
2018-10-08,30873,33848.0,2975.0,9.64,354.458,293.13,0,0,0.0
2018-10-09,31288,34236.0,2948.0,9.42,365.03,301.873,0,0,1.0
2018-10-10,27562,30005.0,2443.0,8.86,333.921,276.14799999999997,1,0,2.0
2018-10-11,29875,33013.0,3138.0,10.5,350.095,289.52299999999997,0,0,3.0
2018-10-12,29172,32928.0,3756.0,12.88,344.462,284.865,0,0,4.0
2018-10-13,26162,29462.0,3300.0,12.62,315.851,261.204,1,1,5.0
2018-10-14,25687,28187.0,2500.0,9.73,304.17400000000004,251.547,1,1,6.0
2018-10-15,30538,33621.0,3083.0,10.09,351.048,290.31,0,0,0.0
2018-10-16,31462,33855.0,2393.0,7.6,363.656,300.737,0,0,1.0
2018-10-17,30079,32748.0,2669.0,8.87,354.408,293.09,0,0,2.0
2018-10-18,30097,32871.0,2774.0,9.22,352.926,291.86400000000003,0,0,3.0
2018-10-19,29952,32840.0,2888.0,9.64,350.48400000000004,289.844,0,0,4.0
2018-10-20,26206,29354.0,3148.0,12.01,319.19,263.965,1,1,5.0
2018-10-21,25377,28143.0,2766.0,10.9,301.962,249.718,1,1,6.0
2018-10-22,30240,32588.0,2348.0,7.77,346.347,286.423,0,0,0.0
2018-10-23,30450,32530.0,2080.0,6.83,357.445,295.601,0,0,1.0
2018-10-24,30549,32800.0,2251.0,7.37,357.468,295.62,0,0,2.0
2018-10-25,31029,33145.0,2116.0,6.82,360.218,297.895,0,0,3.0
2018-10-26,31014,33166.0,2152.0,6.94,358.892,296.798,0,0,4.0
2018-10-27,25586,28843.0,3257.0,12.73,314.868,260.39099999999996,1,1,5.0
2018-10-28,24289,27404.0,3115.0,12.83,288.48900000000003,238.576,1,1,6.0
2018-10-29,28439,31551.0,3112.0,10.94,325.975,269.57599999999996,0,0,0.0
2018-10-30,29073,31630.0,2557.0,8.8,339.912,281.101,0,0,1.0
2018-10-31,29060,31822.0,2762.0,9.51,341.147,282.123,0,0,2.0
2018-11-01,28605,31141.0,2536.0,8.87,338.42699999999996,264.171,0,0,3.0
2018-11-02,28905,31246.0,2341.0,8.1,341.673,266.70599999999996,0,0,4.0
2018-11-03,26486,28411.0,1925.0,7.27,318.748,248.81099999999998,1,1,5.0
2018-11-04,25391,27519.0,2128.0,8.38,302.45099999999996,236.09,1,1,6.0
2018-11-05,29866,31977.0,2111.0,7.07,345.595,269.76599999999996,0,0,0.0
2018-11-06,30772,32894.0,2122.0,6.9,360.61199999999997,281.488,0,0,1.0
2018-11-07,30941,32912.0,1971.0,6.37,363.293,283.582,0,0,2.0
2018-11-08,31419,33332.0,1913.0,6.09,366.131,285.797,0,0,3.0
2018-11-09,30295,32402.0,2107.0,6.96,358.827,280.095,0,0,4.0
2018-11-10,26927,28820.0,1893.0,7.03,325.954,254.435,1,1,5.0
2018-11-11,25556,28100.0,2544.0,9.95,306.277,239.076,1,1,6.0
2018-11-12,29963,32053.0,2090.0,6.98,346.089,270.152,0,0,0.0
2018-11-13,29512,31552.0,2040.0,6.91,351.06699999999995,274.039,0,0,1.0
2018-11-14,29437,31446.0,2009.0,6.83,348.102,271.723,0,0,2.0
2018-11-15,29920,31899.0,1979.0,6.61,352.42400000000004,275.097,0,0,3.0
2018-11-16,29969,32064.0,2095.0,6.99,354.82599999999996,276.972,0,0,4.0
2018-11-17,26630,28499.0,1869.0,7.02,323.60900000000004,252.605,1,1,5.0
2018-11-18,25682,27488.0,1806.0,7.03,306.913,239.572,1,1,6.0
2018-11-19,29184,31121.0,1937.0,6.64,340.579,265.85200000000003,0,0,0.0
2018-11-20,29730,31650.0,1920.0,6.46,348.496,272.032,0,0,1.0
2018-11-21,30019,31958.0,1939.0,6.46,353.98,276.312,0,0,2.0
2018-11-22,28817,31335.0,2518.0,8.74,343.644,268.244,0,0,3.0
2018-11-23,28416,31109.0,2693.0,9.48,337.844,263.716,0,0,4.0
2018-11-24,24811,28177.0,3366.0,13.57,301.231,235.136,1,1,5.0
2018-11-25,24821,27898.0,3077.0,12.4,292.251,228.127,1,1,6.0
2018-11-26,28884,30800.0,1916.0,6.63,330.964,258.346,0,0,0.0
2018-11-27,29017,30846.0,1829.0,6.3,339.07199999999995,264.675,0,0,1.0
2018-11-28,28956,30859.0,1903.0,6.57,339.211,264.784,0,0,2.0
2018-11-29,28691,30731.0,2040.0,7.11,336.713,262.83299999999997,0,0,3.0
2018-11-30,28562,30745.0,2183.0,7.64,337.962,263.809,0,0,4.0
2018-12-01,25636,28312.0,2676.0,10.44,312.45599999999996,209.292,1,1,5.0
2018-12-02,24981,27433.0,2452.0,9.82,295.658,198.04,1,1,6.0
2018-12-03,28963,30857.0,1894.0,6.54,336.661,225.505,0,0,0.0
2018-12-04,29868,31720.0,1852.0,6.2,350.305,234.644,0,0,1.0
2018-12-05,29406,31347.0,1941.0,6.6,350.37,234.687,0,0,2.0
2018-12-06,30019,31885.0,1866.0,6.22,355.156,237.893,0,0,3.0
2018-12-07,28355,30223.0,1868.0,6.59,342.55,229.449,0,0,4.0
2018-12-08,25188,27838.0,2650.0,10.52,308.04900000000004,206.34,1,1,5.0
2018-12-09,24038,26694.0,2656.0,11.05,289.51,193.922,1,1,6.0
2018-12-10,28631,30540.0,1909.0,6.67,331.126,221.798,0,0,0.0
2018-12-11,28683,30516.0,1833.0,6.39,342.35400000000004,229.31799999999998,0,0,1.0
2018-12-12,28236,30171.0,1935.0,6.85,335.394,224.657,0,0,2.0
2018-12-13,28180,30075.0,1895.0,6.72,336.03,225.082,0,0,3.0
2018-12-14,28184,30137.4,1953.4,6.93,337.91,226.34099999999998,0,0,4.0
2018-12-15,25401,27951.0,2550.0,10.04,309.932,207.601,1,0,5.0
2018-12-16,24544,26687.0,2143.0,8.73,293.57099999999997,196.642,1,1,6.0
2018-12-17,27835,29608.0,1773.0,6.37,323.98400000000004,217.013,0,0,0.0
2018-12-18,28111,29895.0,1784.0,6.35,333.25,223.22,0,0,1.0
2018-12-19,28371,30177.0,1806.0,6.36,336.05300000000005,225.097,0,0,2.0
2018-12-20,28520,30316.0,1796.0,6.3,336.41900000000004,225.343,0,0,3.0
2018-12-21,28647,30641.0,1994.0,6.96,339.254,227.24200000000002,0,0,4.0
2018-12-22,27178,29051.0,1873.0,6.89,330.963,221.688,0,1,5.0
2018-12-23,24509,26965.0,2456.0,10.02,297.123,199.02200000000002,1,1,6.0
2018-12-24,27928,30268.0,2340.0,8.38,325.754,218.199,0,1,0.0
2018-12-25,28585,30545.0,1960.0,6.85,340.32099999999997,227.956,0,1,1.0
2018-12-26,28463,30243.0,1780.0,6.25,339.702,227.542,0,0,2.0
2018-12-27,27726,29662.0,1936.0,6.98,332.31,222.59099999999998,0,0,3.0
2018-12-28,26844,28906.0,2062.0,7.68,322.74,216.18099999999998,0,0,4.0
2018-12-29,24309,27586.0,3277.0,13.48,294.14599999999996,197.028,1,1,5.0
2018-12-30,23326,25088.0,1762.0,7.55,280.02299999999997,187.56799999999998,1,1,6.0
2018-12-31,23399,26505.0,3106.0,13.27,277.72,186.024,1,0,0.0
2019-01-01,23872,26429.0,2557.0,10.71,279.87,192.192,1,0,1.0
2019-01-02,28148,30047.0,1899.0,6.75,323.08,221.864,0,0,2.0
2019-01-03,28452,30343.0,1891.0,6.65,336.597,231.146,0,0,3.0
2019-01-04,28490,30301.0,1811.0,6.36,339.02,232.81,0,0,4.0
2019-01-05,26054,27957.0,1903.0,7.3,315.825,216.882,1,1,5.0
2019-01-06,24617,26950.0,2333.0,9.48,295.08,202.637,1,1,6.0
2019-01-07,28536,30336.0,1800.0,6.31,330.91900000000004,227.247,0,0,0.0
2019-01-08,28719,30562.0,1843.0,6.42,340.713,233.97400000000002,0,0,1.0
2019-01-09,28641,30595.0,1954.0,6.82,339.42,233.08599999999998,0,0,2.0
2019-01-10,29006,30853.0,1847.0,6.37,345.741,237.426,0,0,3.0
2019-01-11,28798,30682.0,1884.0,6.54,345.31199999999995,237.13099999999997,0,0,4.0
2019-01-12,25905,28402.0,2497.0,9.64,316.377,217.261,1,0,5.0
2019-01-13,24629,27027.0,2398.0,9.74,295.069,202.62900000000002,1,1,6.0
2019-01-14,28348,30093.0,1745.0,6.16,330.529,226.979,0,0,0.0
2019-01-15,28887,30731.0,1844.0,6.38,341.97900000000004,234.843,0,0,1.0
2019-01-16,28649,30498.0,1849.0,6.45,338.77099999999996,232.64,0,0,2.0
2019-01-17,28395,30328.0,1933.0,6.81,337.23699999999997,231.58700000000002,0,0,3.0
2019-01-18,27756,29691.0,1935.0,6.97,333.57800000000003,229.07299999999998,0,0,4.0
2019-01-19,26477,28431.0,1954.0,7.38,323.444,222.114,0,1,5.0
2019-01-20,24539,27138.0,2599.0,10.59,293.809,201.764,1,1,6.0
2019-01-21,27739,29654.0,1915.0,6.9,324.539,222.86599999999999,0,0,0.0
2019-01-22,28140,30061.0,1921.0,6.83,334.246,229.532,0,0,1.0
2019-01-23,27838,29776.0,1938.0,6.96,333.76099999999997,229.199,0,0,2.0
2019-01-24,27863,29735.0,1872.0,6.72,334.577,229.76,0,0,3.0
2019-01-25,27296,29202.0,1906.0,6.98,332.04699999999997,228.02200000000002,0,0,4.0
2019-01-26,25282,27817.0,2535.0,10.03,307.745,211.333,1,1,5.0
2019-01-27,24414,26506.0,2092.0,8.57,291.033,199.857,1,1,6.0
2019-01-28,27557,29363.0,1806.0,6.55,322.911,221.74900000000002,0,1,0.0
2019-01-29,27858,29690.0,1832.0,6.58,331.844,227.88299999999998,0,1,1.0
2019-01-30,27760,29570.0,1810.0,6.52,331.523,227.66299999999998,0,1,2.0
2019-01-31,27181,29071.0,1890.0,6.95,326.577,224.266,0,1,3.0
2019-02-01,24709,26857.0,2148.0,8.69,301.346,228.43400000000003,0,1,4.0
2019-02-02,23382,25623.0,2241.0,9.58,278.967,211.47,1,1,5.0
2019-02-03,22915,24953.0,2038.0,8.89,267.92900000000003,203.10299999999998,1,1,6.0
2019-02-04,20214,22777.0,2563.0,12.68,246.263,186.679,1,0,0.0
2019-02-05,19992,22325.0,2333.0,11.67,235.887,178.81400000000002,1,0,1.0
2019-02-06,19936,22258.0,2322.0,11.65,237.257,179.852,1,0,2.0
2019-02-07,20938,23045.0,2107.0,10.06,243.67,184.713,1,0,3.0
2019-02-08,21581,24696.0,3115.0,14.43,253.768,192.36900000000003,1,0,4.0
2019-02-09,22436,25572.0,3136.0,13.98,262.905,199.294,1,1,5.0
2019-02-10,23236,26259.0,3023.0,13.01,268.156,203.27599999999998,1,1,6.0
2019-02-11,26667,28942.0,2275.0,8.53,308.329,233.729,0,0,0.0
2019-02-12,27768,29628.0,1860.0,6.7,327.839,248.517,0,0,1.0
2019-02-13,27699,29614.0,1915.0,6.91,333.045,252.465,0,0,2.0
2019-02-14,28250,30193.0,1943.0,6.88,335.846,254.58700000000002,0,0,3.0
2019-02-15,28262,30221.0,1959.0,6.93,337.226,255.63299999999998,0,0,4.0
2019-02-16,25432,27858.0,2426.0,9.54,311.235,235.93200000000002,1,0,5.0
2019-02-17,24343,27016.0,2673.0,10.98,289.13,219.174,1,1,6.0
2019-02-18,28645,30407.0,1762.0,6.15,330.202,250.30900000000003,0,0,0.0
2019-02-19,28876,30767.0,1891.0,6.55,342.86800000000005,259.911,0,0,1.0
2019-02-20,29078,30916.0,1838.0,6.32,346.477,262.647,0,0,2.0
2019-02-21,28912,30725.0,1813.0,6.27,346.27099999999996,262.49,0,1,3.0
2019-02-22,28420,30290.0,1870.0,6.58,340.97,258.472,0,1,4.0
2019-02-23,26723,28452.0,1729.0,6.47,324.355,245.877,0,1,5.0
2019-02-24,24694,26464.0,1770.0,7.17,294.814,223.484,1,1,6.0
2019-02-25,28084,29838.0,1754.0,6.24,326.311,247.36,0,0,0.0
2019-02-26,28390,30208.0,1818.0,6.4,336.45,255.045,0,0,1.0
2019-02-27,28013,29916.0,1903.0,6.79,336.67699999999996,255.217,0,0,2.0
2019-02-28,25472,27902.0,2430.0,9.54,310.83799999999997,235.63,1,0,3.0
2019-03-01,24689,27060.0,2371.0,9.6,299.202,201.362,1,0,4.0
2019-03-02,24734,26567.0,1833.0,7.41,296.127,199.292,1,1,5.0
2019-03-03,24102,26326.0,2224.0,9.23,288.39,194.085,1,1,6.0
2019-03-04,27688,29583.0,1895.0,6.84,322.631,217.12900000000002,0,0,0.0
2019-03-05,28241,30195.0,1954.0,6.92,336.545,226.49400000000003,0,0,1.0
2019-03-06,28032,29954.0,1922.0,6.86,337.025,226.81599999999997,0,0,2.0
2019-03-07,28147,30015.0,1868.0,6.64,336.38300000000004,226.38400000000001,0,0,3.0
2019-03-08,27951,29767.0,1816.0,6.5,335.85900000000004,226.032,0,0,4.0
2019-03-09,25870,28061.0,2191.0,8.47,314.35200000000003,211.558,1,1,5.0
2019-03-10,24801,26624.0,1823.0,7.35,295.376,198.787,1,1,6.0
2019-03-11,27730,29524.0,1794.0,6.47,326.54,219.761,0,0,0.0
2019-03-12,27936,29815.0,1879.0,6.73,334.596,225.18200000000002,0,0,1.0
2019-03-13,28145,30068.0,1923.0,6.83,337.439,227.09599999999998,0,0,2.0
2019-03-14,28417,30197.0,1780.0,6.26,338.91900000000004,228.092,0,0,3.0
2019-03-15,27757,29685.0,1928.0,6.95,335.598,225.857,0,0,4.0
2019-03-16,25318,27836.0,2518.0,9.95,309.487,208.283,1,1,5.0
2019-03-17,24681,26971.0,2290.0,9.28,291.782,196.368,1,1,6.0
2019-03-18,28338,30093.0,1755.0,6.19,331.87300000000005,223.34900000000002,0,0,0.0
2019-03-19,28882,30687.0,1805.0,6.25,345.332,232.408,0,0,1.0
2019-03-20,29645,31489.0,1844.0,6.22,351.897,236.826,0,0,2.0
2019-03-21,30343,32310.0,1967.0,6.48,358.45099999999996,241.236,0,0,3.0
2019-03-22,29618,31959.0,2341.0,7.9,352.32199999999995,237.112,0,0,4.0
2019-03-23,25265,27349.0,2084.0,8.25,312.816,210.524,1,1,5.0
2019-03-24,24812,26671.0,1859.0,7.49,294.599,198.264,1,1,6.0
2019-03-25,28535,30388.0,1853.0,6.49,333.343,224.33900000000003,0,0,0.0
2019-03-26,28756,30643.0,1887.0,6.56,342.917,230.782,0,0,1.0
2019-03-27,29140,31073.0,1933.0,6.63,348.038,234.22799999999998,0,0,2.0
2019-03-28,30093,31985.0,1892.0,6.29,356.775,240.109,0,1,3.0
2019-03-29,29673,31728.0,2055.0,6.92,354.27,238.422,0,1,4.0
2019-03-30,25810,27965.0,2155.0,8.35,317.793,213.873,1,1,5.0
2019-03-31,24466,26763.0,2297.0,9.39,296.502,199.545,1,1,6.0
2019-04-01,27842,29772.0,193.0,6.93,322.237,218.05200000000002,0,0,0.0
2019-04-02,28359,30275.0,191.5,6.75,332.233,224.81599999999997,0,0,1.0
2019-04-03,28483,30387.0,190.5,6.69,334.523,226.36599999999999,0,0,2.0
2019-04-04,25663,28003.0,234.0,9.12,308.423,208.704,1,0,3.0
2019-04-05,24542,26414.0,187.2,7.63,289.731,196.055,1,0,4.0
2019-04-06,24966,26649.0,168.3,6.74,291.974,197.57299999999998,1,1,5.0
2019-04-07,25240,27018.0,177.8,7.04,292.531,197.951,1,1,6.0
2019-04-08,30399,32368.0,196.9,6.48,343.332,232.326,0,0,0.0
2019-04-09,31532,33496.0,196.4,6.23,361.969,244.938,0,0,1.0
2019-04-10,31709,33863.0,215.4,6.79,363.597,246.03900000000002,0,0,2.0
2019-04-11,30541,32620.0,207.9,6.81,353.842,239.438,0,0,3.0
2019-04-12,29035,31053.0,201.8,6.95,341.524,231.10299999999998,0,0,4.0
2019-04-13,26446,28206.0,176.0,6.66,318.247,215.352,1,1,5.0
2019-04-14,25537,28065.0,252.8,9.9,302.953,205.003,1,1,6.0
2019-04-15,28749,30735.0,198.6,6.91,331.727,224.47299999999998,0,0,0.0
2019-04-16,29017,30894.0,187.7,6.47,339.36800000000005,229.644,0,0,1.0
2019-04-17,29565,31615.0,205.0,6.93,343.38,232.359,0,0,2.0
2019-04-18,30335,32338.0,200.3,6.6,350.574,237.226,0,0,3.0
2019-04-19,30748,32668.0,192.0,6.24,351.81699999999995,238.06799999999998,0,0,4.0
2019-04-20,26910,28787.0,187.7,6.98,322.525,218.247,1,1,5.0
2019-04-21,26306,28604.0,229.8,8.74,308.722,208.90599999999998,1,1,6.0
2019-04-22,31955,33948.0,199.3,6.24,358.61,242.66400000000002,0,0,0.0
2019-04-23,33181,35207.0,202.6,6.11,375.74199999999996,254.25799999999998,0,0,1.0
2019-04-24,33263,35266.0,200.3,6.02,380.015,257.149,0,1,2.0
2019-04-25,33134,35424.0,229.0,6.91,380.781,257.66700000000003,0,0,3.0
2019-04-26,32664,34916.0,225.2,6.89,376.86800000000005,255.02,0,0,4.0
2019-04-27,27376,29369.0,199.3,7.28,336.58,227.757,1,1,5.0
2019-04-28,26948,28688.0,174.0,6.46,317.806,215.053,1,1,6.0
2019-04-29,32847,35058.0,221.1,6.73,367.385,248.60299999999998,0,0,0.0
2019-04-30,33099,35309.0,221.0,6.68,378.092,255.847,0,0,1.0
2019-05-01,26826,29919.0,3093.0,11.53,324.099,232.905,1,0,2.0
2019-05-02,28690,31373.0,2683.0,9.35,332.184,238.715,0,0,3.0
2019-05-03,28315,31631.0,3316.0,11.71,329.559,236.829,0,0,4.0
2019-05-04,25819,28938.0,3119.0,12.08,305.945,219.859,1,1,5.0
2019-05-05,25336,27591.0,2255.0,8.9,293.362,210.817,1,1,6.0
2019-05-06,28615,31019.0,2404.0,8.4,327.298,235.205,0,0,0.0
2019-05-07,28472,31081.0,2609.0,9.16,330.93300000000005,237.817,0,0,1.0
2019-05-08,28968,31108.0,2140.0,7.39,335.394,241.02200000000002,0,0,2.0
2019-05-09,29229,31441.0,2212.0,7.57,339.61400000000003,244.055,0,0,3.0
2019-05-10,29571,32179.0,2608.0,8.82,341.478,245.394,0,0,4.0
2019-05-11,26576,29413.0,2837.0,10.68,317.072,227.855,1,1,5.0
2019-05-12,26484,29193.0,2709.0,10.23,306.971,220.597,1,1,6.0
2019-05-13,32135,34446.0,2311.0,7.19,358.075,257.322,0,0,0.0
2019-05-14,33144,35275.0,2131.0,6.43,374.205,268.91200000000003,0,0,1.0
2019-05-15,32896,35149.0,2253.0,6.85,377.077,270.97700000000003,0,0,2.0
2019-05-16,33307,35739.0,2432.0,7.3,383.44199999999995,275.551,0,0,3.0
2019-05-17,32316,34862.0,2546.0,7.88,377.13800000000003,271.02,0,0,4.0
2019-05-18,29523,32114.0,2591.0,8.78,353.717,254.18900000000002,1,1,5.0
2019-05-19,28977,31104.0,2127.0,7.34,337.522,242.551,1,1,6.0
2019-05-20,32213,35560.0,3347.0,10.39,361.999,260.14099999999996,0,0,0.0
2019-05-21,29978,33865.0,3887.0,12.97,348.55,250.477,0,0,1.0
2019-05-22,30150,34704.0,4554.0,15.11,349.088,250.863,0,0,2.0
2019-05-23,30430,35142.0,4712.0,15.48,350.17800000000005,251.64700000000002,0,0,3.0
2019-05-24,31548,35123.0,3575.0,11.33,358.17400000000004,257.393,0,0,4.0
2019-05-25,27810,31794.0,3984.0,14.33,333.17199999999997,239.425,1,1,5.0
2019-05-26,27905,31694.0,3789.0,13.58,320.712,230.472,1,1,6.0
2019-05-27,32521,35227.0,2706.0,8.32,367.42800000000005,264.04200000000003,0,0,0.0
2019-05-28,32242,35411.0,3169.0,9.83,369.60400000000004,265.607,0,0,1.0
2019-05-29,30319,36224.0,5905.0,19.48,352.744,253.49099999999999,0,0,2.0
2019-05-30,32116,36483.0,4367.0,13.6,364.05699999999996,261.62,0,0,3.0
2019-05-31,32971,37486.0,4515.0,13.69,374.88599999999997,269.402,0,1,4.0
2019-06-01,28860,32902.0,4042.0,14.01,321.91900000000004,262.332,1,1,5.0
2019-06-02,28856,32488.0,3632.0,12.59,309.668,252.34799999999998,1,1,6.0
2019-06-03,32958,37498.0,4540.0,13.78,348.832,284.262,0,0,0.0
2019-06-04,32409,36955.0,4546.0,14.03,350.46,285.59,0,0,1.0
2019-06-05,33916,37945.0,4029.0,11.88,358.025,291.753,0,0,2.0
2019-06-06,34889,38674.0,3785.0,10.85,367.088,299.14,0,0,3.0
2019-06-07,30068,34770.0,4702.0,15.64,334.60400000000004,272.66900000000004,1,0,4.0
2019-06-08,29548,32858.0,3310.0,11.2,323.66700000000003,263.755,1,1,5.0
2019-06-09,29408,33490.0,4082.0,13.88,317.096,258.401,1,1,6.0
2019-06-10,33355,37502.0,4147.0,12.43,350.14099999999996,285.329,0,0,0.0
2019-06-11,32126,36341.0,4215.0,13.12,346.88300000000004,282.67400000000004,0,0,1.0
2019-06-12,31095,36513.0,5418.0,17.42,338.17900000000003,275.58099999999996,0,0,2.0
2019-06-13,31680,35273.0,3593.0,11.34,340.793,277.712,0,0,3.0
2019-06-14,30877,35772.0,4895.0,15.85,335.714,273.572,0,0,4.0
2019-06-15,27686,33122.0,5436.0,19.63,307.399,250.498,1,1,5.0
2019-06-16,27673,32635.0,4962.0,17.93,299.822,244.324,1,1,6.0
2019-06-17,33703,37468.0,3765.0,11.17,348.695,284.15,0,0,0.0
2019-06-18,34739,37996.0,3257.0,9.38,368.608,300.378,0,0,1.0
2019-06-19,35601,39258.0,3657.0,10.27,377.36400000000003,307.513,0,0,2.0
2019-06-20,35959,39662.0,3703.0,10.3,384.09,312.994,0,0,3.0
2019-06-21,35928,40008.0,4080.0,11.36,382.26199999999994,311.505,0,0,4.0
2019-06-22,30923,35113.0,4190.0,13.55,349.223,284.582,1,1,5.0
2019-06-23,28305,33049.0,4744.0,16.76,317.445,258.685,1,1,6.0
2019-06-24,31688,37104.0,5416.0,17.09,339.907,276.99,0,0,0.0
2019-06-25,33290,36804.0,3514.0,10.56,351.381,286.34,0,0,1.0
2019-06-26,32816,36928.0,4112.0,12.53,350.162,285.346,0,0,2.0
2019-06-27,33465,37640.0,4175.0,12.48,356.885,290.825,0,0,3.0
2019-06-28,34963,38530.0,3567.0,10.2,366.75,298.86400000000003,0,0,4.0
2019-06-29,30553,34155.0,3602.0,11.79,342.722,279.283,1,1,5.0
2019-06-30,30083,33522.0,3439.0,11.43,327.88199999999995,267.19,1,1,6.0
2019-07-01,35215,38849.0,3634.0,10.32,355.35,291.76,0,0,0.0
2019-07-02,35052,39935.0,4883.0,13.93,359.015,294.768,0,0,1.0
2019-07-03,33953,38706.0,4753.0,14.0,348.871,286.44,0,0,2.0
2019-07-04,34157,39052.0,4895.0,14.33,352.36800000000005,289.31,0,0,3.0
2019-07-05,33853,39567.0,5714.0,16.88,350.28,287.596,0,0,4.0
2019-07-06,30014,34449.0,4435.0,14.78,322.884,265.10400000000004,1,1,5.0
2019-07-07,29965,34278.0,4313.0,14.39,312.81,256.83099999999996,1,1,6.0
2019-07-08,35166,39621.0,4455.0,12.67,354.286,290.88599999999997,0,0,0.0
2019-07-09,34886,39052.0,4166.0,11.94,360.449,295.94599999999997,0,0,1.0
2019-07-10,35267,39164.0,3897.0,11.05,363.084,298.11,0,0,2.0
2019-07-11,34564,38719.0,4155.0,12.02,359.087,294.828,0,0,3.0
2019-07-12,35638,39970.0,4332.0,12.16,360.12699999999995,295.682,0,0,4.0
2019-07-13,31353,36491.0,5138.0,16.39,334.68199999999996,274.79,1,1,5.0
2019-07-14,30941,34198.0,3257.0,10.53,321.452,263.927,1,1,6.0
2019-07-15,36261,39898.0,3637.0,10.03,364.89300000000003,299.594,0,0,0.0
2019-07-16,36926,40150.0,3224.0,8.73,376.816,309.383,0,0,1.0
2019-07-17,37383,41153.0,3770.0,10.08,381.033,312.846,0,0,2.0
2019-07-18,35922,40002.0,4080.0,11.36,373.161,306.383,0,0,3.0
2019-07-19,35484,39994.0,4510.0,12.71,364.325,299.129,0,0,4.0
2019-07-20,30618,36836.0,6218.0,20.31,329.56300000000005,270.586,1,1,5.0
2019-07-21,29604,34994.0,5390.0,18.2,311.096,255.424,1,1,6.0
2019-07-22,34488,40246.0,5758.0,16.7,345.82599999999996,283.94,0,0,0.0
2019-07-23,35004,39770.0,4766.0,13.62,354.659,291.192,0,0,1.0
2019-07-24,35571,40609.0,5038.0,14.16,360.731,296.178,0,0,2.0
2019-07-25,35955,40591.0,4636.0,12.89,367.923,302.082,0,0,3.0
2019-07-26,36523,40420.0,3897.0,10.67,369.37,303.27,0,0,4.0
2019-07-27,31207,36553.0,5346.0,17.13,333.98,274.214,1,1,5.0
2019-07-28,29654,35368.0,5714.0,19.27,312.76599999999996,256.795,1,1,6.0
2019-07-29,35554,40478.0,4924.0,13.85,357.657,293.654,0,0,0.0
2019-07-30,36647,40714.0,4067.0,11.1,372.51800000000003,305.855,0,0,1.0
2019-07-31,36807,40536.0,3729.0,10.13,374.62300000000005,307.584,0,0,2.0
2019-08-01,36482,40524.0,4042.0,11.08,375.41,330.64,0,0,3.0
2019-08-02,35775,40810.0,5035.0,14.08,365.82599999999996,322.2,0,0,4.0
2019-08-03,31045,36920.0,5875.0,18.92,335.586,295.565,1,1,5.0
2019-08-04,31333,35151.0,3818.0,12.18,328.514,289.337,1,1,6.0
2019-08-05,36721,40649.0,3928.0,10.7,371.635,327.315,0,0,0.0
2019-08-06,36386,41157.0,4771.0,13.11,374.848,330.14599999999996,0,0,1.0
2019-08-07,36067,40786.0,4719.0,13.08,374.025,329.421,0,0,2.0
2019-08-08,36331,40648.0,4317.0,11.88,371.51300000000003,327.20799999999997,0,0,3.0
2019-08-09,30740,37717.0,6977.0,22.7,336.51099999999997,296.381,0,0,4.0
2019-08-10,31478,36049.0,4571.0,14.52,338.342,297.993,1,1,5.0
2019-08-11,31064,35251.0,4187.0,13.48,328.236,289.093,1,1,6.0
2019-08-12,34479,40272.0,5793.0,16.8,357.815,315.144,0,0,0.0
2019-08-13,33906,38658.0,4752.0,14.02,357.298,314.688,0,0,1.0
2019-08-14,36100,40164.0,4064.0,11.26,369.086,325.07099999999997,0,0,2.0
2019-08-15,34275,40630.0,6355.0,18.54,364.341,320.892,0,0,3.0
2019-08-16,34379,40427.0,6048.0,17.59,357.62,314.972,0,0,4.0
2019-08-17,30424,37079.0,6655.0,21.87,330.097,290.732,1,1,5.0
2019-08-18,28616,34759.0,6143.0,21.47,307.806,271.099,1,1,6.0
2019-08-19,32954,39330.0,6376.0,19.35,337.20300000000003,296.99,0,0,0.0
2019-08-20,33328,39597.0,6269.0,18.81,343.99699999999996,302.973,0,0,1.0
2019-08-21,33542,39972.0,6430.0,19.17,347.032,305.647,0,0,2.0
2019-08-22,34983,39807.0,4824.0,13.79,357.805,315.135,0,0,3.0
2019-08-23,35157,40025.0,4868.0,13.85,362.903,319.625,0,0,4.0
2019-08-24,28996,35969.0,6973.0,24.05,321.683,283.32099999999997,1,1,5.0
2019-08-25,28990,34452.0,5462.0,18.84,305.622,269.175,1,1,6.0
2019-08-26,35049,40403.0,5354.0,15.27,352.365,310.343,0,0,0.0
2019-08-27,35593,40285.0,4692.0,13.18,363.805,320.42,0,1,1.0
2019-08-28,36507,40601.0,4094.0,11.21,371.723,327.393,0,0,2.0
2019-08-29,36368,40424.0,4056.0,11.15,374.81300000000005,330.11400000000003,0,0,3.0
2019-08-30,34613,40228.0,5615.0,16.22,359.782,316.877,0,0,4.0
2019-08-31,30636,35403.0,4767.0,15.56,329.676,290.36,1,1,5.0
2019-09-01,29629,34611.0,4982.0,16.81,332.912,329.305,1,1,6.0
2019-09-02,35383,39989.0,4606.0,13.02,374.99699999999996,370.93300000000005,0,0,0.0
2019-09-03,35469,40050.0,4581.0,12.92,382.283,378.14,1,0,1.0
2019-09-04,33717,39136.0,5419.0,16.07,369.469,365.466,0,0,2.0
2019-09-05,33277,39153.0,5876.0,17.66,363.10699999999997,359.17199999999997,0,0,3.0
2019-09-06,34200,39285.0,5085.0,14.87,365.96,361.994,0,1,4.0
2019-09-07,30088,34982.0,4894.0,16.27,339.934,336.251,1,1,5.0
2019-09-08,29047,33239.0,4192.0,14.43,323.579,320.073,1,1,6.0
2019-09-09,34357,39318.0,4961.0,14.44,364.62699999999995,360.676,0,0,0.0
2019-09-10,34664,38812.0,4148.0,11.97,375.452,371.384,0,0,1.0
2019-09-11,35341,39916.0,4575.0,12.95,379.44,375.32800000000003,0,0,2.0
2019-09-12,35264,39889.0,4625.0,13.12,379.54900000000004,375.436,0,0,3.0
2019-09-13,29375,34199.0,4824.0,16.42,336.406,332.76,1,0,4.0
2019-09-14,28676,33070.0,4394.0,15.33,324.443,320.927,1,1,5.0
2019-09-15,28191,33578.0,5387.0,19.11,315.099,311.685,1,1,6.0
2019-09-16,33228,39253.0,6025.0,18.13,353.608,349.777,0,0,0.0
2019-09-17,32961,38936.0,5975.0,18.13,358.369,354.485,0,0,1.0
2019-09-18,32428,38470.0,6042.0,18.63,353.586,349.754,0,0,2.0
2019-09-19,31508,38401.0,6893.0,21.88,345.22,341.47900000000004,0,0,3.0
2019-09-20,30594,36939.0,6345.0,20.74,335.219,331.586,0,0,4.0
2019-09-21,26460,32072.0,5612.0,21.21,299.075,295.834,1,1,5.0
2019-09-22,25836,31257.0,5421.0,20.98,285.911,282.814,1,1,6.0
2019-09-23,29947,36566.0,6619.0,22.1,322.52,319.026,0,0,0.0
2019-09-24,30106,36722.0,6616.0,21.98,331.08099999999996,327.493,0,0,1.0
2019-09-25,30709,36388.0,5679.0,18.49,333.25199999999995,329.642,0,0,2.0
2019-09-26,31162,36821.0,5659.0,18.16,339.548,335.869,0,0,3.0
2019-09-27,31255,37499.0,6244.0,19.98,342.48800000000006,338.777,0,0,4.0
2019-09-28,28161,33013.0,4852.0,17.23,317.598,314.157,1,1,5.0
2019-09-29,27926,32241.0,4315.0,15.45,306.994,303.668,1,1,6.0
2019-09-30,28505,36162.0,7657.0,26.86,317.882,314.438,0,0,0.0
2019-10-1
2019-10-2
2019-10-3
2019-10-4
2019-10-5
2019-10-6
2019-10-7
2019-10-8
2019-10-9
2019-10-10
2019-10-11
2019-10-12
2019-10-13
2019-10-14
2019-10-15
2019-10-16
2019-10-17
2019-10-18
2019-10-19
2019-10-20
2019-10-21
2019-10-22
2019-10-23
2019-10-24
2019-10-25
2019-10-26
2019-10-27
2019-10-28
2019-10-29
2019-10-30
2019-10-31
2019-11-1
2019-11-2
2019-11-3
2019-11-4
2019-11-5
2019-11-6
2019-11-7
2019-11-8
2019-11-9
2019-11-10
2019-11-11
2019-11-12
2019-11-13
2019-11-14
2019-11-15
2019-11-16
2019-11-17
2019-11-18
2019-11-19
2019-11-20
2019-11-21
2019-11-22
2019-11-23
2019-11-24
2019-11-25
2019-11-26
2019-11-27
2019-11-28
2019-11-29
2019-11-30
2019-12-1
2019-12-2
2019-12-3
2019-12-4
2019-12-5
2019-12-6
2019-12-7
2019-12-8
2019-12-9
2019-12-10
2019-12-11
2019-12-12
2019-12-13
2019-12-14
2019-12-15
2019-12-16
2019-12-17
2019-12-18
2019-12-19
2019-12-20
2019-12-21
2019-12-22
2019-12-23
2019-12-24
2019-12-25
2019-12-26
2019-12-27
2019-12-28
2019-12-29
2019-12-30
2019-12-31